analysis_status,corpus,stratum,source,arm,system,session,assignment_view,hypothesis_manifest_length_verified,matched_characters,reference_characters,hypothesis_characters,substitutions,deletions,insertions,errors,micro_cpcer,alignment_matched_reference_rate,alignment_matched_hypothesis_rate
SUPPORTIVE_POST_PRIMARY_READ_ONLY,aishell5,Eval1,learned,raw448,raw_cfg_low_packet_gated,A5E1_001,own_minimum_cpcer_assignment,True,311,1415,4723,1041,63,3371,4475,3.1625441696113072,0.21978798586572437,0.0658479779800974
SUPPORTIVE_POST_PRIMARY_READ_ONLY,aishell5,Eval1,learned,guard448,guarded_cfg_low_packet_gated,A5E1_001,own_minimum_cpcer_assignment,True,355,1415,1031,414,646,262,1322,0.9342756183745583,0.2508833922261484,0.3443258971871969
SUPPORTIVE_POST_PRIMARY_READ_ONLY,aishell5,Eval1,learned,cap224,control_cap224_cfg_low_packet_gated,A5E1_001,own_minimum_cpcer_assignment,True,311,1415,2725,1041,63,1373,2477,1.750530035335689,0.21978798586572437,0.11412844036697248
SUPPORTIVE_POST_PRIMARY_READ_ONLY,aishell5,Eval1,learned,cap224_guard,control_cap224_guarded_cfg_low_packet_gated,A5E1_001,own_minimum_cpcer_assignment,True,355,1415,1035,415,645,265,1325,0.9363957597173145,0.2508833922261484,0.34299516908212563
SUPPORTIVE_POST_PRIMARY_READ_ONLY,aishell5,Eval1,learned,cap224_fallback,control_cap224_fallback_cfg_low_packet_gated,A5E1_001,own_minimum_cpcer_assignment,True,327,1415,1003,512,576,164,1252,0.8848056537102473,0.23109540636042403,0.32602193419740777
SUPPORTIVE_POST_PRIMARY_READ_ONLY,aishell5,Eval1,learned,cap224_fallback_guard,control_cap224_fallback_guarded_cfg_low_packet_gated,A5E1_001,own_minimum_cpcer_assignment,True,327,1415,1003,512,576,164,1252,0.8848056537102473,0.23109540636042403,0.32602193419740777
SUPPORTIVE_POST_PRIMARY_READ_ONLY,aishell5,Eval1,learned,cap224_compression_abstention,control_cap224_cr24_abstain_cfg_low_packet_gated,A5E1_001,own_minimum_cpcer_assignment,True,258,1415,662,276,881,128,1285,0.9081272084805654,0.1823321554770318,0.38972809667673713
SUPPORTIVE_POST_PRIMARY_READ_ONLY,aishell5,Eval1,public,raw448,raw_public_sortformer_v2_low_packet_gated,A5E1_001,own_minimum_cpcer_assignment,True,322,1415,4429,1032,61,3075,4168,2.945583038869258,0.2275618374558304,0.07270264167983743
SUPPORTIVE_POST_PRIMARY_READ_ONLY,aishell5,Eval1,public,guard448,guarded_public_sortformer_v2_low_packet_gated,A5E1_001,own_minimum_cpcer_assignment,True,355,1415,1133,567,493,211,1271,0.8982332155477032,0.2508833922261484,0.31332744924977934
SUPPORTIVE_POST_PRIMARY_READ_ONLY,aishell5,Eval1,public,cap224,control_cap224_public_sortformer_v2_low_packet_gated,A5E1_001,own_minimum_cpcer_assignment,True,321,1415,2687,1033,61,1333,2427,1.7151943462897528,0.22685512367491167,0.11946408634164496
SUPPORTIVE_POST_PRIMARY_READ_ONLY,aishell5,Eval1,public,cap224_guard,control_cap224_guarded_public_sortformer_v2_low_packet_gated,A5E1_001,own_minimum_cpcer_assignment,True,355,1415,1121,568,492,198,1258,0.8890459363957597,0.2508833922261484,0.31668153434433544
SUPPORTIVE_POST_PRIMARY_READ_ONLY,aishell5,Eval1,public,cap224_fallback,control_cap224_fallback_public_sortformer_v2_low_packet_gated,A5E1_001,own_minimum_cpcer_assignment,True,368,1415,1218,582,465,268,1315,0.9293286219081273,0.26007067137809187,0.3021346469622332
SUPPORTIVE_POST_PRIMARY_READ_ONLY,aishell5,Eval1,public,cap224_fallback_guard,control_cap224_fallback_guarded_public_sortformer_v2_low_packet_gated,A5E1_001,own_minimum_cpcer_assignment,True,368,1415,1218,582,465,268,1315,0.9293286219081273,0.26007067137809187,0.3021346469622332
SUPPORTIVE_POST_PRIMARY_READ_ONLY,aishell5,Eval1,public,cap224_compression_abstention,control_cap224_cr24_abstain_public_sortformer_v2_low_packet_gated,A5E1_001,own_minimum_cpcer_assignment,True,328,1415,882,433,654,121,1208,0.8537102473498234,0.23180212014134274,0.37188208616780044
SUPPORTIVE_POST_PRIMARY_READ_ONLY,aishell5,Eval1,learned,raw448,raw_cfg_low_packet_gated,A5E1_002,own_minimum_cpcer_assignment,True,764,3204,8625,2245,195,5616,8056,2.5143570536828963,0.23845193508114856,0.08857971014492753
SUPPORTIVE_POST_PRIMARY_READ_ONLY,aishell5,Eval1,learned,guard448,guarded_cfg_low_packet_gated,A5E1_002,own_minimum_cpcer_assignment,True,1244,3204,2789,601,1359,944,2904,0.9063670411985019,0.3882646691635456,0.44603800645392616
SUPPORTIVE_POST_PRIMARY_READ_ONLY,aishell5,Eval1,learned,cap224,control_cap224_cfg_low_packet_gated,A5E1_002,own_minimum_cpcer_assignment,True,850,3204,5556,2011,343,2695,5049,1.5758426966292134,0.26529338327091134,0.15298776097912167
SUPPORTIVE_POST_PRIMARY_READ_ONLY,aishell5,Eval1,learned,cap224_guard,control_cap224_guarded_cfg_low_packet_gated,A5E1_002,own_minimum_cpcer_assignment,True,1242,3204,2783,599,1363,942,2904,0.9063670411985019,0.38764044943820225,0.4462809917355372
SUPPORTIVE_POST_PRIMARY_READ_ONLY,aishell5,Eval1,learned,cap224_fallback,control_cap224_fallback_cfg_low_packet_gated,A5E1_002,own_minimum_cpcer_assignment,True,839,3204,3830,1768,597,1223,3588,1.1198501872659177,0.26186017478152307,0.21906005221932115
SUPPORTIVE_POST_PRIMARY_READ_ONLY,aishell5,Eval1,learned,cap224_fallback_guard,control_cap224_fallback_guarded_cfg_low_packet_gated,A5E1_002,own_minimum_cpcer_assignment,True,839,3204,3830,1768,597,1223,3588,1.1198501872659177,0.26186017478152307,0.21906005221932115
SUPPORTIVE_POST_PRIMARY_READ_ONLY,aishell5,Eval1,learned,cap224_compression_abstention,control_cap224_cr24_abstain_cfg_low_packet_gated,A5E1_002,own_minimum_cpcer_assignment,True,1146,3204,2398,560,1498,692,2750,0.8583021223470662,0.35767790262172283,0.4778982485404504
SUPPORTIVE_POST_PRIMARY_READ_ONLY,aishell5,Eval1,public,raw448,raw_public_sortformer_v2_low_packet_gated,A5E1_002,own_minimum_cpcer_assignment,True,808,3204,11969,2199,197,8962,11358,3.544943820224719,0.25218476903870163,0.06750772829810343
SUPPORTIVE_POST_PRIMARY_READ_ONLY,aishell5,Eval1,public,guard448,guarded_public_sortformer_v2_low_packet_gated,A5E1_002,own_minimum_cpcer_assignment,True,988,3204,3140,881,1335,1271,3487,1.0883270911360798,0.3083645443196005,0.3146496815286624
SUPPORTIVE_POST_PRIMARY_READ_ONLY,aishell5,Eval1,public,cap224,control_cap224_public_sortformer_v2_low_packet_gated,A5E1_002,own_minimum_cpcer_assignment,True,626,3204,7425,2421,157,4378,6956,2.17103620474407,0.19538077403245943,0.0843097643097643
SUPPORTIVE_POST_PRIMARY_READ_ONLY,aishell5,Eval1,public,cap224_guard,control_cap224_guarded_public_sortformer_v2_low_packet_gated,A5E1_002,own_minimum_cpcer_assignment,True,988,3204,3132,881,1335,1263,3479,1.0858302122347065,0.3083645443196005,0.31545338441890164
SUPPORTIVE_POST_PRIMARY_READ_ONLY,aishell5,Eval1,public,cap224_fallback,control_cap224_fallback_public_sortformer_v2_low_packet_gated,A5E1_002,own_minimum_cpcer_assignment,True,907,3204,3564,1193,1104,1464,3761,1.173845193508115,0.28308364544319603,0.25448933782267114
SUPPORTIVE_POST_PRIMARY_READ_ONLY,aishell5,Eval1,public,cap224_fallback_guard,control_cap224_fallback_guarded_public_sortformer_v2_low_packet_gated,A5E1_002,own_minimum_cpcer_assignment,True,907,3204,3564,1193,1104,1464,3761,1.173845193508115,0.28308364544319603,0.25448933782267114
SUPPORTIVE_POST_PRIMARY_READ_ONLY,aishell5,Eval1,public,cap224_compression_abstention,control_cap224_cr24_abstain_public_sortformer_v2_low_packet_gated,A5E1_002,own_minimum_cpcer_assignment,True,947,3204,2759,816,1441,996,3253,1.0152933832709115,0.2955680399500624,0.343240304458137
SUPPORTIVE_POST_PRIMARY_READ_ONLY,aishell5,Eval1,learned,raw448,raw_cfg_low_packet_gated,A5E1_003,own_minimum_cpcer_assignment,True,473,2425,6340,1712,240,4155,6107,2.5183505154639176,0.19505154639175257,0.07460567823343849
SUPPORTIVE_POST_PRIMARY_READ_ONLY,aishell5,Eval1,learned,guard448,guarded_cfg_low_packet_gated,A5E1_003,own_minimum_cpcer_assignment,True,620,2425,2822,988,817,1214,3019,1.2449484536082474,0.2556701030927835,0.21970233876683204
SUPPORTIVE_POST_PRIMARY_READ_ONLY,aishell5,Eval1,learned,cap224,control_cap224_cfg_low_packet_gated,A5E1_003,own_minimum_cpcer_assignment,True,568,2425,3815,1286,571,1961,3818,1.5744329896907217,0.23422680412371133,0.14888597640891219
SUPPORTIVE_POST_PRIMARY_READ_ONLY,aishell5,Eval1,learned,cap224_guard,control_cap224_guarded_cfg_low_packet_gated,A5E1_003,own_minimum_cpcer_assignment,True,628,2425,2182,777,1020,777,2574,1.061443298969072,0.25896907216494847,0.28780934922089824
SUPPORTIVE_POST_PRIMARY_READ_ONLY,aishell5,Eval1,learned,cap224_fallback,control_cap224_fallback_cfg_low_packet_gated,A5E1_003,own_minimum_cpcer_assignment,True,610,2425,1927,770,1045,547,2362,0.9740206185567011,0.2515463917525773,0.31655422937208094
SUPPORTIVE_POST_PRIMARY_READ_ONLY,aishell5,Eval1,learned,cap224_fallback_guard,control_cap224_fallback_guarded_cfg_low_packet_gated,A5E1_003,own_minimum_cpcer_assignment,True,610,2425,1927,770,1045,547,2362,0.9740206185567011,0.2515463917525773,0.31655422937208094
SUPPORTIVE_POST_PRIMARY_READ_ONLY,aishell5,Eval1,learned,cap224_compression_abstention,control_cap224_cr24_abstain_cfg_low_packet_gated,A5E1_003,own_minimum_cpcer_assignment,True,556,2425,1180,440,1429,184,2053,0.8465979381443299,0.2292783505154639,0.4711864406779661
SUPPORTIVE_POST_PRIMARY_READ_ONLY,aishell5,Eval1,public,raw448,raw_public_sortformer_v2_low_packet_gated,A5E1_003,own_minimum_cpcer_assignment,True,341,2425,3864,2004,80,1519,3603,1.4857731958762888,0.14061855670103093,0.08825051759834368
SUPPORTIVE_POST_PRIMARY_READ_ONLY,aishell5,Eval1,public,guard448,guarded_public_sortformer_v2_low_packet_gated,A5E1_003,own_minimum_cpcer_assignment,True,680,2425,2208,920,825,608,2353,0.9703092783505155,0.2804123711340206,0.3079710144927536
SUPPORTIVE_POST_PRIMARY_READ_ONLY,aishell5,Eval1,public,cap224,control_cap224_public_sortformer_v2_low_packet_gated,A5E1_003,own_minimum_cpcer_assignment,True,554,2425,2746,1321,550,871,2742,1.130721649484536,0.22845360824742267,0.20174799708667152
SUPPORTIVE_POST_PRIMARY_READ_ONLY,aishell5,Eval1,public,cap224_guard,control_cap224_guarded_public_sortformer_v2_low_packet_gated,A5E1_003,own_minimum_cpcer_assignment,True,687,2425,1992,698,1040,607,2345,0.9670103092783505,0.28329896907216495,0.34487951807228917
SUPPORTIVE_POST_PRIMARY_READ_ONLY,aishell5,Eval1,public,cap224_fallback,control_cap224_fallback_public_sortformer_v2_low_packet_gated,A5E1_003,own_minimum_cpcer_assignment,True,733,2425,1856,573,1119,550,2242,0.9245360824742268,0.3022680412371134,0.3949353448275862
SUPPORTIVE_POST_PRIMARY_READ_ONLY,aishell5,Eval1,public,cap224_fallback_guard,control_cap224_fallback_guarded_public_sortformer_v2_low_packet_gated,A5E1_003,own_minimum_cpcer_assignment,True,733,2425,1856,573,1119,550,2242,0.9245360824742268,0.3022680412371134,0.3949353448275862
SUPPORTIVE_POST_PRIMARY_READ_ONLY,aishell5,Eval1,public,cap224_compression_abstention,control_cap224_cr24_abstain_public_sortformer_v2_low_packet_gated,A5E1_003,own_minimum_cpcer_assignment,True,658,2425,1614,531,1236,425,2192,0.9039175257731958,0.27134020618556703,0.4076827757125155
SUPPORTIVE_POST_PRIMARY_READ_ONLY,aishell5,Eval1,learned,raw448,raw_cfg_low_packet_gated,A5E1_004,own_minimum_cpcer_assignment,True,598,2543,6109,1796,149,3715,5660,2.2257176563114434,0.23515532835233977,0.09788836143394991
SUPPORTIVE_POST_PRIMARY_READ_ONLY,aishell5,Eval1,learned,guard448,guarded_cfg_low_packet_gated,A5E1_004,own_minimum_cpcer_assignment,True,884,2543,2451,574,1085,993,2652,1.042862760519072,0.347620920173024,0.36066911464708284
SUPPORTIVE_POST_PRIMARY_READ_ONLY,aishell5,Eval1,learned,cap224,control_cap224_cfg_low_packet_gated,A5E1_004,own_minimum_cpcer_assignment,True,739,2543,4192,1416,388,2037,3841,1.51042076287849,0.29060165159260715,0.1762881679389313
SUPPORTIVE_POST_PRIMARY_READ_ONLY,aishell5,Eval1,learned,cap224_guard,control_cap224_guarded_cfg_low_packet_gated,A5E1_004,own_minimum_cpcer_assignment,True,884,2543,2464,578,1081,1002,2661,1.046401887534408,0.347620920173024,0.3587662337662338
SUPPORTIVE_POST_PRIMARY_READ_ONLY,aishell5,Eval1,learned,cap224_fallback,control_cap224_fallback_cfg_low_packet_gated,A5E1_004,own_minimum_cpcer_assignment,True,1015,2543,2819,709,819,1095,2623,1.0314589068029887,0.3991348800629178,0.36005675771550194
SUPPORTIVE_POST_PRIMARY_READ_ONLY,aishell5,Eval1,learned,cap224_fallback_guard,control_cap224_fallback_guarded_cfg_low_packet_gated,A5E1_004,own_minimum_cpcer_assignment,True,1015,2543,2819,709,819,1095,2623,1.0314589068029887,0.3991348800629178,0.36005675771550194
SUPPORTIVE_POST_PRIMARY_READ_ONLY,aishell5,Eval1,learned,cap224_compression_abstention,control_cap224_cr24_abstain_cfg_low_packet_gated,A5E1_004,own_minimum_cpcer_assignment,True,825,2543,2201,496,1222,880,2598,1.0216279984270547,0.3244199764058199,0.37482962289868244
SUPPORTIVE_POST_PRIMARY_READ_ONLY,aishell5,Eval1,public,raw448,raw_public_sortformer_v2_low_packet_gated,A5E1_004,own_minimum_cpcer_assignment,True,822,2543,7496,1514,207,5160,6881,2.7058592213920565,0.3232402674007078,0.10965848452508005
SUPPORTIVE_POST_PRIMARY_READ_ONLY,aishell5,Eval1,public,guard448,guarded_public_sortformer_v2_low_packet_gated,A5E1_004,own_minimum_cpcer_assignment,True,942,2543,2262,624,977,696,2297,0.9032638615808101,0.37042862760519074,0.41644562334217505
SUPPORTIVE_POST_PRIMARY_READ_ONLY,aishell5,Eval1,public,cap224,control_cap224_public_sortformer_v2_low_packet_gated,A5E1_004,own_minimum_cpcer_assignment,True,821,2543,4773,1451,271,2501,4223,1.6606370428627606,0.3228470310656705,0.17200921852084644
SUPPORTIVE_POST_PRIMARY_READ_ONLY,aishell5,Eval1,public,cap224_guard,control_cap224_guarded_public_sortformer_v2_low_packet_gated,A5E1_004,own_minimum_cpcer_assignment,True,943,2543,2220,626,974,651,2251,0.8851749901690916,0.3708218639402281,0.42477477477477477
SUPPORTIVE_POST_PRIMARY_READ_ONLY,aishell5,Eval1,public,cap224_fallback,control_cap224_fallback_public_sortformer_v2_low_packet_gated,A5E1_004,own_minimum_cpcer_assignment,True,1054,2543,2517,686,803,777,2266,0.8910735351946519,0.41447109712937474,0.4187524831148192
SUPPORTIVE_POST_PRIMARY_READ_ONLY,aishell5,Eval1,public,cap224_fallback_guard,control_cap224_fallback_guarded_public_sortformer_v2_low_packet_gated,A5E1_004,own_minimum_cpcer_assignment,True,1054,2543,2517,686,803,777,2266,0.8910735351946519,0.41447109712937474,0.4187524831148192
SUPPORTIVE_POST_PRIMARY_READ_ONLY,aishell5,Eval1,public,cap224_compression_abstention,control_cap224_cr24_abstain_public_sortformer_v2_low_packet_gated,A5E1_004,own_minimum_cpcer_assignment,True,883,2543,1967,565,1095,519,2179,0.8568619740464019,0.34722768383798663,0.4489069649211998
SUPPORTIVE_POST_PRIMARY_READ_ONLY,aishell5,Eval1,learned,raw448,raw_cfg_low_packet_gated,A5E1_005,own_minimum_cpcer_assignment,True,831,2979,7203,1880,268,4492,6640,2.2289358845250082,0.27895266868076535,0.1153685964181591
SUPPORTIVE_POST_PRIMARY_READ_ONLY,aishell5,Eval1,learned,guard448,guarded_cfg_low_packet_gated,A5E1_005,own_minimum_cpcer_assignment,True,1216,2979,3134,675,1088,1243,3006,1.0090634441087614,0.4081906680093991,0.3880025526483727
SUPPORTIVE_POST_PRIMARY_READ_ONLY,aishell5,Eval1,learned,cap224,control_cap224_cfg_low_packet_gated,A5E1_005,own_minimum_cpcer_assignment,True,1078,2979,5059,1199,702,2782,4683,1.5720040281973817,0.36186639812017457,0.21308559003755684
SUPPORTIVE_POST_PRIMARY_READ_ONLY,aishell5,Eval1,learned,cap224_guard,control_cap224_guarded_cfg_low_packet_gated,A5E1_005,own_minimum_cpcer_assignment,True,1216,2979,3134,675,1088,1243,3006,1.0090634441087614,0.4081906680093991,0.3880025526483727
SUPPORTIVE_POST_PRIMARY_READ_ONLY,aishell5,Eval1,learned,cap224_fallback,control_cap224_fallback_cfg_low_packet_gated,A5E1_005,own_minimum_cpcer_assignment,True,1235,2979,3410,713,1031,1462,3206,1.076200067136623,0.414568647197046,0.3621700879765396
SUPPORTIVE_POST_PRIMARY_READ_ONLY,aishell5,Eval1,learned,cap224_fallback_guard,control_cap224_fallback_guarded_cfg_low_packet_gated,A5E1_005,own_minimum_cpcer_assignment,True,1235,2979,3410,713,1031,1462,3206,1.076200067136623,0.414568647197046,0.3621700879765396
SUPPORTIVE_POST_PRIMARY_READ_ONLY,aishell5,Eval1,learned,cap224_compression_abstention,control_cap224_cr24_abstain_cfg_low_packet_gated,A5E1_005,own_minimum_cpcer_assignment,True,1189,2979,2867,642,1148,1036,2826,0.9486404833836858,0.3991272239006378,0.41471921869550055
SUPPORTIVE_POST_PRIMARY_READ_ONLY,aishell5,Eval1,public,raw448,raw_public_sortformer_v2_low_packet_gated,A5E1_005,own_minimum_cpcer_assignment,True,794,2979,6922,1967,218,4161,6346,2.130245048674052,0.26653239342061097,0.11470673215833574
SUPPORTIVE_POST_PRIMARY_READ_ONLY,aishell5,Eval1,public,guard448,guarded_public_sortformer_v2_low_packet_gated,A5E1_005,own_minimum_cpcer_assignment,True,1221,2979,2665,597,1161,847,2605,0.8744545149378986,0.40986908358509566,0.45816135084427767
SUPPORTIVE_POST_PRIMARY_READ_ONLY,aishell5,Eval1,public,cap224,control_cap224_public_sortformer_v2_low_packet_gated,A5E1_005,own_minimum_cpcer_assignment,True,823,2979,4613,1810,346,1980,4136,1.3883853642161799,0.2762672037596509,0.17840884456969433
SUPPORTIVE_POST_PRIMARY_READ_ONLY,aishell5,Eval1,public,cap224_guard,control_cap224_guarded_public_sortformer_v2_low_packet_gated,A5E1_005,own_minimum_cpcer_assignment,True,1221,2979,2662,594,1164,847,2605,0.8744545149378986,0.40986908358509566,0.45867768595041325
SUPPORTIVE_POST_PRIMARY_READ_ONLY,aishell5,Eval1,public,cap224_fallback,control_cap224_fallback_public_sortformer_v2_low_packet_gated,A5E1_005,own_minimum_cpcer_assignment,True,1319,2979,2751,626,1034,806,2466,0.8277945619335347,0.4427660288687479,0.47946201381315884
SUPPORTIVE_POST_PRIMARY_READ_ONLY,aishell5,Eval1,public,cap224_fallback_guard,control_cap224_fallback_guarded_public_sortformer_v2_low_packet_gated,A5E1_005,own_minimum_cpcer_assignment,True,1319,2979,2751,626,1034,806,2466,0.8277945619335347,0.4427660288687479,0.47946201381315884
SUPPORTIVE_POST_PRIMARY_READ_ONLY,aishell5,Eval1,public,cap224_compression_abstention,control_cap224_cr24_abstain_public_sortformer_v2_low_packet_gated,A5E1_005,own_minimum_cpcer_assignment,True,1155,2979,2274,537,1287,582,2406,0.8076535750251762,0.3877139979859013,0.5079155672823219
SUPPORTIVE_POST_PRIMARY_READ_ONLY,aishell5,Eval1,learned,raw448,raw_cfg_low_packet_gated,A5E1_006,own_minimum_cpcer_assignment,True,333,2142,6506,1752,57,4421,6230,2.9084967320261437,0.15546218487394958,0.05118352290193667
SUPPORTIVE_POST_PRIMARY_READ_ONLY,aishell5,Eval1,learned,guard448,guarded_cfg_low_packet_gated,A5E1_006,own_minimum_cpcer_assignment,True,577,2142,1865,522,1043,766,2331,1.088235294117647,0.26937441643323995,0.3093833780160858
SUPPORTIVE_POST_PRIMARY_READ_ONLY,aishell5,Eval1,learned,cap224,control_cap224_cfg_low_packet_gated,A5E1_006,own_minimum_cpcer_assignment,True,339,2142,4073,1587,216,2147,3950,1.8440709617180207,0.15826330532212884,0.08323103363614044
SUPPORTIVE_POST_PRIMARY_READ_ONLY,aishell5,Eval1,learned,cap224_guard,control_cap224_guarded_cfg_low_packet_gated,A5E1_006,own_minimum_cpcer_assignment,True,577,2142,1864,521,1044,766,2331,1.088235294117647,0.26937441643323995,0.309549356223176
SUPPORTIVE_POST_PRIMARY_READ_ONLY,aishell5,Eval1,learned,cap224_fallback,control_cap224_fallback_cfg_low_packet_gated,A5E1_006,own_minimum_cpcer_assignment,True,398,2142,2225,837,907,990,2734,1.276377217553688,0.1858076563958917,0.17887640449438202
SUPPORTIVE_POST_PRIMARY_READ_ONLY,aishell5,Eval1,learned,cap224_fallback_guard,control_cap224_fallback_guarded_cfg_low_packet_gated,A5E1_006,own_minimum_cpcer_assignment,True,398,2142,2209,821,923,990,2734,1.276377217553688,0.1858076563958917,0.18017202354006337
SUPPORTIVE_POST_PRIMARY_READ_ONLY,aishell5,Eval1,learned,cap224_compression_abstention,control_cap224_cr24_abstain_cfg_low_packet_gated,A5E1_006,own_minimum_cpcer_assignment,True,527,2142,1560,433,1182,600,2215,1.0340802987861812,0.24603174603174602,0.33782051282051284
SUPPORTIVE_POST_PRIMARY_READ_ONLY,aishell5,Eval1,public,raw448,raw_public_sortformer_v2_low_packet_gated,A5E1_006,own_minimum_cpcer_assignment,True,304,2142,5698,1793,45,3601,5439,2.5392156862745097,0.1419234360410831,0.053352053352053355
SUPPORTIVE_POST_PRIMARY_READ_ONLY,aishell5,Eval1,public,guard448,guarded_public_sortformer_v2_low_packet_gated,A5E1_006,own_minimum_cpcer_assignment,True,536,2142,1737,475,1131,726,2332,1.0887021475256768,0.25023342670401494,0.30857800805987334
SUPPORTIVE_POST_PRIMARY_READ_ONLY,aishell5,Eval1,public,cap224,control_cap224_public_sortformer_v2_low_packet_gated,A5E1_006,own_minimum_cpcer_assignment,True,297,2142,3665,1580,265,1788,3633,1.696078431372549,0.13865546218487396,0.0810368349249659
SUPPORTIVE_POST_PRIMARY_READ_ONLY,aishell5,Eval1,public,cap224_guard,control_cap224_guarded_public_sortformer_v2_low_packet_gated,A5E1_006,own_minimum_cpcer_assignment,True,536,2142,1739,478,1128,725,2331,1.088235294117647,0.25023342670401494,0.308223116733755
SUPPORTIVE_POST_PRIMARY_READ_ONLY,aishell5,Eval1,public,cap224_fallback,control_cap224_fallback_public_sortformer_v2_low_packet_gated,A5E1_006,own_minimum_cpcer_assignment,True,533,2142,1886,551,1058,802,2411,1.1255835667600373,0.2488328664799253,0.2826086956521739
SUPPORTIVE_POST_PRIMARY_READ_ONLY,aishell5,Eval1,public,cap224_fallback_guard,control_cap224_fallback_guarded_public_sortformer_v2_low_packet_gated,A5E1_006,own_minimum_cpcer_assignment,True,533,2142,1886,551,1058,802,2411,1.1255835667600373,0.2488328664799253,0.2826086956521739
SUPPORTIVE_POST_PRIMARY_READ_ONLY,aishell5,Eval1,public,cap224_compression_abstention,control_cap224_cr24_abstain_public_sortformer_v2_low_packet_gated,A5E1_006,own_minimum_cpcer_assignment,True,506,2142,1579,424,1212,649,2285,1.0667600373482726,0.23622782446311857,0.32045598480050663
SUPPORTIVE_POST_PRIMARY_READ_ONLY,aishell5,Eval1,learned,raw448,raw_cfg_low_packet_gated,A5E1_007,own_minimum_cpcer_assignment,True,582,2939,6728,2170,187,3976,6333,2.154814562776455,0.19802653963933312,0.08650416171224733
SUPPORTIVE_POST_PRIMARY_READ_ONLY,aishell5,Eval1,learned,guard448,guarded_cfg_low_packet_gated,A5E1_007,own_minimum_cpcer_assignment,True,913,2939,2516,627,1399,976,3002,1.0214358625382782,0.3106498809118748,0.3628775834658188
SUPPORTIVE_POST_PRIMARY_READ_ONLY,aishell5,Eval1,learned,cap224,control_cap224_cfg_low_packet_gated,A5E1_007,own_minimum_cpcer_assignment,True,535,2939,4541,2099,305,1907,4311,1.466825450833617,0.18203470568220484,0.11781545914996697
SUPPORTIVE_POST_PRIMARY_READ_ONLY,aishell5,Eval1,learned,cap224_guard,control_cap224_guarded_cfg_low_packet_gated,A5E1_007,own_minimum_cpcer_assignment,True,913,2939,2524,627,1399,984,3010,1.0241578768288533,0.3106498809118748,0.36172741679873216
SUPPORTIVE_POST_PRIMARY_READ_ONLY,aishell5,Eval1,learned,cap224_fallback,control_cap224_fallback_cfg_low_packet_gated,A5E1_007,own_minimum_cpcer_assignment,True,1004,2939,2746,675,1260,1067,3002,1.0214358625382782,0.3416127934671657,0.36562272396212675
SUPPORTIVE_POST_PRIMARY_READ_ONLY,aishell5,Eval1,learned,cap224_fallback_guard,control_cap224_fallback_guarded_cfg_low_packet_gated,A5E1_007,own_minimum_cpcer_assignment,True,1004,2939,2746,675,1260,1067,3002,1.0214358625382782,0.3416127934671657,0.36562272396212675
SUPPORTIVE_POST_PRIMARY_READ_ONLY,aishell5,Eval1,learned,cap224_compression_abstention,control_cap224_cr24_abstain_cfg_low_packet_gated,A5E1_007,own_minimum_cpcer_assignment,True,904,2939,2352,614,1421,834,2869,0.9761823749574685,0.3075876148349779,0.3843537414965986
SUPPORTIVE_POST_PRIMARY_READ_ONLY,aishell5,Eval1,public,raw448,raw_public_sortformer_v2_low_packet_gated,A5E1_007,own_minimum_cpcer_assignment,True,632,2939,9201,2152,155,6417,8724,2.9683565838720654,0.215039128955427,0.06868818606673188
SUPPORTIVE_POST_PRIMARY_READ_ONLY,aishell5,Eval1,public,guard448,guarded_public_sortformer_v2_low_packet_gated,A5E1_007,own_minimum_cpcer_assignment,True,949,2939,2657,680,1310,1028,3018,1.0268798911194283,0.3228989452194624,0.35716974030861875
SUPPORTIVE_POST_PRIMARY_READ_ONLY,aishell5,Eval1,public,cap224,control_cap224_public_sortformer_v2_low_packet_gated,A5E1_007,own_minimum_cpcer_assignment,True,544,2939,5692,2292,103,2856,5251,1.7866621299761825,0.18509697175910172,0.09557273366127898
SUPPORTIVE_POST_PRIMARY_READ_ONLY,aishell5,Eval1,public,cap224_guard,control_cap224_guarded_public_sortformer_v2_low_packet_gated,A5E1_007,own_minimum_cpcer_assignment,True,947,2939,2653,679,1313,1027,3019,1.0272201429057501,0.3222184416468186,0.3569543912551828
SUPPORTIVE_POST_PRIMARY_READ_ONLY,aishell5,Eval1,public,cap224_fallback,control_cap224_fallback_public_sortformer_v2_low_packet_gated,A5E1_007,own_minimum_cpcer_assignment,True,885,2939,2990,938,1116,1167,3221,1.0959510037427695,0.3011228308948622,0.2959866220735786
SUPPORTIVE_POST_PRIMARY_READ_ONLY,aishell5,Eval1,public,cap224_fallback_guard,control_cap224_fallback_guarded_public_sortformer_v2_low_packet_gated,A5E1_007,own_minimum_cpcer_assignment,True,885,2939,2990,938,1116,1167,3221,1.0959510037427695,0.3011228308948622,0.2959866220735786
SUPPORTIVE_POST_PRIMARY_READ_ONLY,aishell5,Eval1,public,cap224_compression_abstention,control_cap224_cr24_abstain_public_sortformer_v2_low_packet_gated,A5E1_007,own_minimum_cpcer_assignment,True,867,2939,2091,577,1495,647,2719,0.9251446070091868,0.29499829874106837,0.4146341463414634
SUPPORTIVE_POST_PRIMARY_READ_ONLY,aishell5,Eval1,learned,raw448,raw_cfg_low_packet_gated,A5E1_008,own_minimum_cpcer_assignment,True,2090,4270,13386,1395,785,9901,12081,2.8292740046838407,0.4894613583138173,0.15613327356940088
SUPPORTIVE_POST_PRIMARY_READ_ONLY,aishell5,Eval1,learned,guard448,guarded_cfg_low_packet_gated,A5E1_008,own_minimum_cpcer_assignment,True,2055,4270,5378,1124,1091,2199,4414,1.0337236533957845,0.4812646370023419,0.3821123094087021
SUPPORTIVE_POST_PRIMARY_READ_ONLY,aishell5,Eval1,learned,cap224,control_cap224_cfg_low_packet_gated,A5E1_008,own_minimum_cpcer_assignment,True,2076,4270,8962,1402,792,5484,7678,1.798126463700234,0.48618266978922714,0.2316447221602321
SUPPORTIVE_POST_PRIMARY_READ_ONLY,aishell5,Eval1,learned,cap224_guard,control_cap224_guarded_cfg_low_packet_gated,A5E1_008,own_minimum_cpcer_assignment,True,2055,4270,5370,1120,1095,2195,4410,1.0327868852459017,0.4812646370023419,0.38268156424581007
SUPPORTIVE_POST_PRIMARY_READ_ONLY,aishell5,Eval1,learned,cap224_fallback,control_cap224_fallback_cfg_low_packet_gated,A5E1_008,own_minimum_cpcer_assignment,True,2088,4270,5813,1123,1059,2602,4784,1.1203747072599533,0.4889929742388759,0.3591949079649062
SUPPORTIVE_POST_PRIMARY_READ_ONLY,aishell5,Eval1,learned,cap224_fallback_guard,control_cap224_fallback_guarded_cfg_low_packet_gated,A5E1_008,own_minimum_cpcer_assignment,True,2088,4270,5649,1123,1059,2438,4620,1.0819672131147542,0.4889929742388759,0.36962294211364843
SUPPORTIVE_POST_PRIMARY_READ_ONLY,aishell5,Eval1,learned,cap224_compression_abstention,control_cap224_cr24_abstain_cfg_low_packet_gated,A5E1_008,own_minimum_cpcer_assignment,True,2011,4270,4393,977,1282,1405,3664,0.8580796252927401,0.47096018735363,0.4577737309355793
SUPPORTIVE_POST_PRIMARY_READ_ONLY,aishell5,Eval1,public,raw448,raw_public_sortformer_v2_low_packet_gated,A5E1_008,own_minimum_cpcer_assignment,True,1799,4270,10909,1591,880,7519,9990,2.339578454332553,0.42131147540983604,0.16490970758089651
SUPPORTIVE_POST_PRIMARY_READ_ONLY,aishell5,Eval1,public,guard448,guarded_public_sortformer_v2_low_packet_gated,A5E1_008,own_minimum_cpcer_assignment,True,1940,4270,5515,1159,1171,2416,4746,1.1114754098360655,0.45433255269320844,0.35176790571169536
SUPPORTIVE_POST_PRIMARY_READ_ONLY,aishell5,Eval1,public,cap224,control_cap224_public_sortformer_v2_low_packet_gated,A5E1_008,own_minimum_cpcer_assignment,True,1772,4270,7995,1602,896,4621,7119,1.6672131147540983,0.41498829039812646,0.22163852407754847
SUPPORTIVE_POST_PRIMARY_READ_ONLY,aishell5,Eval1,public,cap224_guard,control_cap224_guarded_public_sortformer_v2_low_packet_gated,A5E1_008,own_minimum_cpcer_assignment,True,1941,4270,5509,1156,1173,2412,4741,1.110304449648712,0.45456674473067915,0.3523325467416954
SUPPORTIVE_POST_PRIMARY_READ_ONLY,aishell5,Eval1,public,cap224_fallback,control_cap224_fallback_public_sortformer_v2_low_packet_gated,A5E1_008,own_minimum_cpcer_assignment,True,1910,4270,6072,1245,1115,2917,5277,1.235831381733021,0.44730679156908665,0.31455862977602106
SUPPORTIVE_POST_PRIMARY_READ_ONLY,aishell5,Eval1,public,cap224_fallback_guard,control_cap224_fallback_guarded_public_sortformer_v2_low_packet_gated,A5E1_008,own_minimum_cpcer_assignment,True,1910,4270,5933,1245,1115,2778,5138,1.20327868852459,0.44730679156908665,0.32192819821338275
SUPPORTIVE_POST_PRIMARY_READ_ONLY,aishell5,Eval1,public,cap224_compression_abstention,control_cap224_cr24_abstain_public_sortformer_v2_low_packet_gated,A5E1_008,own_minimum_cpcer_assignment,True,1937,4270,4980,1107,1226,1936,4269,0.9997658079625292,0.45362997658079623,0.3889558232931727
SUPPORTIVE_POST_PRIMARY_READ_ONLY,aishell5,Eval1,learned,raw448,raw_cfg_low_packet_gated,A5E1_009,own_minimum_cpcer_assignment,True,257,2496,5972,2203,36,3512,5751,2.3040865384615383,0.10296474358974358,0.043034159410582716
SUPPORTIVE_POST_PRIMARY_READ_ONLY,aishell5,Eval1,learned,guard448,guarded_cfg_low_packet_gated,A5E1_009,own_minimum_cpcer_assignment,True,474,2496,1806,721,1301,611,2633,1.0548878205128205,0.18990384615384615,0.26245847176079734
SUPPORTIVE_POST_PRIMARY_READ_ONLY,aishell5,Eval1,learned,cap224,control_cap224_cfg_low_packet_gated,A5E1_009,own_minimum_cpcer_assignment,True,263,2496,3809,1986,247,1560,3793,1.5196314102564104,0.10536858974358974,0.06904699396166973
SUPPORTIVE_POST_PRIMARY_READ_ONLY,aishell5,Eval1,learned,cap224_guard,control_cap224_guarded_cfg_low_packet_gated,A5E1_009,own_minimum_cpcer_assignment,True,472,2496,1802,721,1303,609,2633,1.0548878205128205,0.1891025641025641,0.2619311875693674
SUPPORTIVE_POST_PRIMARY_READ_ONLY,aishell5,Eval1,learned,cap224_fallback,control_cap224_fallback_cfg_low_packet_gated,A5E1_009,own_minimum_cpcer_assignment,True,512,2496,1990,805,1179,673,2657,1.064503205128205,0.20512820512820512,0.25728643216080405
SUPPORTIVE_POST_PRIMARY_READ_ONLY,aishell5,Eval1,learned,cap224_fallback_guard,control_cap224_fallback_guarded_cfg_low_packet_gated,A5E1_009,own_minimum_cpcer_assignment,True,512,2496,1990,805,1179,673,2657,1.064503205128205,0.20512820512820512,0.25728643216080405
SUPPORTIVE_POST_PRIMARY_READ_ONLY,aishell5,Eval1,learned,cap224_compression_abstention,control_cap224_cr24_abstain_cfg_low_packet_gated,A5E1_009,own_minimum_cpcer_assignment,True,426,2496,1590,679,1391,485,2555,1.0236378205128205,0.17067307692307693,0.2679245283018868
SUPPORTIVE_POST_PRIMARY_READ_ONLY,aishell5,Eval1,public,raw448,raw_public_sortformer_v2_low_packet_gated,A5E1_009,own_minimum_cpcer_assignment,True,313,2496,5723,2139,44,3271,5454,2.1850961538461537,0.12540064102564102,0.05469159531714136
SUPPORTIVE_POST_PRIMARY_READ_ONLY,aishell5,Eval1,public,guard448,guarded_public_sortformer_v2_low_packet_gated,A5E1_009,own_minimum_cpcer_assignment,True,459,2496,2092,850,1187,783,2820,1.1298076923076923,0.18389423076923078,0.21940726577437858
SUPPORTIVE_POST_PRIMARY_READ_ONLY,aishell5,Eval1,public,cap224,control_cap224_public_sortformer_v2_low_packet_gated,A5E1_009,own_minimum_cpcer_assignment,True,180,2496,3720,2268,48,1272,3588,1.4375,0.07211538461538461,0.04838709677419355
SUPPORTIVE_POST_PRIMARY_READ_ONLY,aishell5,Eval1,public,cap224_guard,control_cap224_guarded_public_sortformer_v2_low_packet_gated,A5E1_009,own_minimum_cpcer_assignment,True,458,2496,2088,846,1192,784,2822,1.1306089743589745,0.18349358974358973,0.2193486590038314
SUPPORTIVE_POST_PRIMARY_READ_ONLY,aishell5,Eval1,public,cap224_fallback,control_cap224_fallback_public_sortformer_v2_low_packet_gated,A5E1_009,own_minimum_cpcer_assignment,True,490,2496,1961,720,1286,751,2757,1.1045673076923077,0.19631410256410256,0.24987251402345742
SUPPORTIVE_POST_PRIMARY_READ_ONLY,aishell5,Eval1,public,cap224_fallback_guard,control_cap224_fallback_guarded_public_sortformer_v2_low_packet_gated,A5E1_009,own_minimum_cpcer_assignment,True,490,2496,1961,720,1286,751,2757,1.1045673076923077,0.19631410256410256,0.24987251402345742
SUPPORTIVE_POST_PRIMARY_READ_ONLY,aishell5,Eval1,public,cap224_compression_abstention,control_cap224_cr24_abstain_public_sortformer_v2_low_packet_gated,A5E1_009,own_minimum_cpcer_assignment,True,398,2496,1688,598,1500,692,2790,1.1177884615384615,0.1594551282051282,0.235781990521327
SUPPORTIVE_POST_PRIMARY_READ_ONLY,aishell5,Eval1,learned,raw448,raw_cfg_low_packet_gated,A5E1_010,own_minimum_cpcer_assignment,True,210,1860,6517,1627,23,4680,6330,3.403225806451613,0.11290322580645161,0.0322234156820623
SUPPORTIVE_POST_PRIMARY_READ_ONLY,aishell5,Eval1,learned,guard448,guarded_cfg_low_packet_gated,A5E1_010,own_minimum_cpcer_assignment,True,321,1860,1121,427,1112,373,1912,1.027956989247312,0.17258064516129032,0.2863514719000892
SUPPORTIVE_POST_PRIMARY_READ_ONLY,aishell5,Eval1,learned,cap224,control_cap224_cfg_low_packet_gated,A5E1_010,own_minimum_cpcer_assignment,True,179,1860,3741,1637,44,1925,3606,1.9387096774193548,0.09623655913978495,0.04784816893878642
SUPPORTIVE_POST_PRIMARY_READ_ONLY,aishell5,Eval1,learned,cap224_guard,control_cap224_guarded_cfg_low_packet_gated,A5E1_010,own_minimum_cpcer_assignment,True,322,1860,1099,437,1101,340,1878,1.0096774193548388,0.17311827956989248,0.2929936305732484
SUPPORTIVE_POST_PRIMARY_READ_ONLY,aishell5,Eval1,learned,cap224_fallback,control_cap224_fallback_cfg_low_packet_gated,A5E1_010,own_minimum_cpcer_assignment,True,277,1860,1321,645,938,399,1982,1.0655913978494624,0.1489247311827957,0.20968962906888722
SUPPORTIVE_POST_PRIMARY_READ_ONLY,aishell5,Eval1,learned,cap224_fallback_guard,control_cap224_fallback_guarded_cfg_low_packet_gated,A5E1_010,own_minimum_cpcer_assignment,True,277,1860,1321,645,938,399,1982,1.0655913978494624,0.1489247311827957,0.20968962906888722
SUPPORTIVE_POST_PRIMARY_READ_ONLY,aishell5,Eval1,learned,cap224_compression_abstention,control_cap224_cr24_abstain_cfg_low_packet_gated,A5E1_010,own_minimum_cpcer_assignment,True,284,1860,896,357,1219,255,1831,0.9844086021505376,0.15268817204301074,0.3169642857142857
SUPPORTIVE_POST_PRIMARY_READ_ONLY,aishell5,Eval1,public,raw448,raw_public_sortformer_v2_low_packet_gated,A5E1_010,own_minimum_cpcer_assignment,True,312,1860,6011,1490,58,4209,5757,3.0951612903225807,0.16774193548387098,0.05190484112460489
SUPPORTIVE_POST_PRIMARY_READ_ONLY,aishell5,Eval1,public,guard448,guarded_public_sortformer_v2_low_packet_gated,A5E1_010,own_minimum_cpcer_assignment,True,340,1860,1706,961,559,405,1925,1.0349462365591398,0.1827956989247312,0.19929660023446658
SUPPORTIVE_POST_PRIMARY_READ_ONLY,aishell5,Eval1,public,cap224,control_cap224_public_sortformer_v2_low_packet_gated,A5E1_010,own_minimum_cpcer_assignment,True,276,1860,3520,1513,71,1731,3315,1.782258064516129,0.14838709677419354,0.07840909090909091
SUPPORTIVE_POST_PRIMARY_READ_ONLY,aishell5,Eval1,public,cap224_guard,control_cap224_guarded_public_sortformer_v2_low_packet_gated,A5E1_010,own_minimum_cpcer_assignment,True,351,1860,1454,698,811,405,1914,1.0290322580645161,0.18870967741935485,0.24140302613480055
SUPPORTIVE_POST_PRIMARY_READ_ONLY,aishell5,Eval1,public,cap224_fallback,control_cap224_fallback_public_sortformer_v2_low_packet_gated,A5E1_010,own_minimum_cpcer_assignment,True,372,1860,1269,572,916,325,1813,0.9747311827956989,0.2,0.29314420803782504
SUPPORTIVE_POST_PRIMARY_READ_ONLY,aishell5,Eval1,public,cap224_fallback_guard,control_cap224_fallback_guarded_public_sortformer_v2_low_packet_gated,A5E1_010,own_minimum_cpcer_assignment,True,372,1860,1269,572,916,325,1813,0.9747311827956989,0.2,0.29314420803782504
SUPPORTIVE_POST_PRIMARY_READ_ONLY,aishell5,Eval1,public,cap224_compression_abstention,control_cap224_cr24_abstain_public_sortformer_v2_low_packet_gated,A5E1_010,own_minimum_cpcer_assignment,True,343,1860,973,416,1101,214,1731,0.9306451612903226,0.18440860215053764,0.35251798561151076
SUPPORTIVE_POST_PRIMARY_READ_ONLY,aishell5,Eval1,learned,raw448,raw_cfg_low_packet_gated,A5E1_011,own_minimum_cpcer_assignment,True,678,2265,8503,1442,145,6383,7970,3.5187637969094925,0.2993377483443709,0.0797365635658003
SUPPORTIVE_POST_PRIMARY_READ_ONLY,aishell5,Eval1,learned,guard448,guarded_cfg_low_packet_gated,A5E1_011,own_minimum_cpcer_assignment,True,640,2265,2734,1121,504,973,2598,1.1470198675496688,0.282560706401766,0.23408924652523774
SUPPORTIVE_POST_PRIMARY_READ_ONLY,aishell5,Eval1,learned,cap224,control_cap224_cfg_low_packet_gated,A5E1_011,own_minimum_cpcer_assignment,True,675,2265,5133,1445,145,3013,4603,2.0322295805739516,0.2980132450331126,0.1315020455873758
SUPPORTIVE_POST_PRIMARY_READ_ONLY,aishell5,Eval1,learned,cap224_guard,control_cap224_guarded_cfg_low_packet_gated,A5E1_011,own_minimum_cpcer_assignment,True,622,2265,2452,1139,504,691,2334,1.0304635761589405,0.27461368653421636,0.2536704730831974
SUPPORTIVE_POST_PRIMARY_READ_ONLY,aishell5,Eval1,learned,cap224_fallback,control_cap224_fallback_cfg_low_packet_gated,A5E1_011,own_minimum_cpcer_assignment,True,595,2265,2119,1045,625,479,2149,0.9487858719646799,0.26269315673289184,0.28079282680509676
SUPPORTIVE_POST_PRIMARY_READ_ONLY,aishell5,Eval1,learned,cap224_fallback_guard,control_cap224_fallback_guarded_cfg_low_packet_gated,A5E1_011,own_minimum_cpcer_assignment,True,595,2265,2065,991,679,479,2149,0.9487858719646799,0.26269315673289184,0.288135593220339
SUPPORTIVE_POST_PRIMARY_READ_ONLY,aishell5,Eval1,learned,cap224_compression_abstention,control_cap224_cr24_abstain_cfg_low_packet_gated,A5E1_011,own_minimum_cpcer_assignment,True,630,2265,1785,769,866,386,2021,0.8922737306843267,0.2781456953642384,0.35294117647058826
SUPPORTIVE_POST_PRIMARY_READ_ONLY,aishell5,Eval1,public,raw448,raw_public_sortformer_v2_low_packet_gated,A5E1_011,own_minimum_cpcer_assignment,True,741,2265,7032,1269,255,5022,6546,2.890066225165563,0.3271523178807947,0.10537542662116041
SUPPORTIVE_POST_PRIMARY_READ_ONLY,aishell5,Eval1,public,guard448,guarded_public_sortformer_v2_low_packet_gated,A5E1_011,own_minimum_cpcer_assignment,True,706,2265,2528,1072,487,750,2309,1.0194260485651214,0.31169977924944814,0.27927215189873417
SUPPORTIVE_POST_PRIMARY_READ_ONLY,aishell5,Eval1,public,cap224,control_cap224_public_sortformer_v2_low_packet_gated,A5E1_011,own_minimum_cpcer_assignment,True,749,2265,4502,1250,266,2503,4019,1.77439293598234,0.33068432671081677,0.16637050199911152
SUPPORTIVE_POST_PRIMARY_READ_ONLY,aishell5,Eval1,public,cap224_guard,control_cap224_guarded_public_sortformer_v2_low_packet_gated,A5E1_011,own_minimum_cpcer_assignment,True,706,2265,2503,1069,490,728,2287,1.0097130242825607,0.31169977924944814,0.2820615261685977
SUPPORTIVE_POST_PRIMARY_READ_ONLY,aishell5,Eval1,public,cap224_fallback,control_cap224_fallback_public_sortformer_v2_low_packet_gated,A5E1_011,own_minimum_cpcer_assignment,True,678,2265,2407,1021,566,708,2295,1.0132450331125828,0.2993377483443709,0.281678437889489
SUPPORTIVE_POST_PRIMARY_READ_ONLY,aishell5,Eval1,public,cap224_fallback_guard,control_cap224_fallback_guarded_public_sortformer_v2_low_packet_gated,A5E1_011,own_minimum_cpcer_assignment,True,659,2265,2344,1036,570,649,2255,0.9955849889624724,0.29094922737306844,0.2811433447098976
SUPPORTIVE_POST_PRIMARY_READ_ONLY,aishell5,Eval1,public,cap224_compression_abstention,control_cap224_cr24_abstain_public_sortformer_v2_low_packet_gated,A5E1_011,own_minimum_cpcer_assignment,True,669,2265,2048,978,618,401,1997,0.8816777041942605,0.295364238410596,0.32666015625
SUPPORTIVE_POST_PRIMARY_READ_ONLY,aishell5,Eval1,learned,raw448,raw_cfg_low_packet_gated,A5E1_012,own_minimum_cpcer_assignment,True,1388,3189,6004,1125,676,3491,5292,1.6594543744120414,0.4352461586704296,0.23117921385742837
SUPPORTIVE_POST_PRIMARY_READ_ONLY,aishell5,Eval1,learned,guard448,guarded_cfg_low_packet_gated,A5E1_012,own_minimum_cpcer_assignment,True,1575,3189,3554,630,984,1349,2963,0.9291313891502039,0.49388523047977423,0.44316263365222286
SUPPORTIVE_POST_PRIMARY_READ_ONLY,aishell5,Eval1,learned,cap224,control_cap224_cfg_low_packet_gated,A5E1_012,own_minimum_cpcer_assignment,True,1590,3189,4702,665,934,2447,4046,1.26873628096582,0.49858889934148637,0.3381539770310506
SUPPORTIVE_POST_PRIMARY_READ_ONLY,aishell5,Eval1,learned,cap224_guard,control_cap224_guarded_cfg_low_packet_gated,A5E1_012,own_minimum_cpcer_assignment,True,1575,3189,3557,630,984,1352,2966,0.9300721229225463,0.49388523047977423,0.442788867022772
SUPPORTIVE_POST_PRIMARY_READ_ONLY,aishell5,Eval1,learned,cap224_fallback,control_cap224_fallback_cfg_low_packet_gated,A5E1_012,own_minimum_cpcer_assignment,True,1621,3189,3635,611,957,1403,2971,0.931640012543117,0.5083098149890247,0.44594222833562586
SUPPORTIVE_POST_PRIMARY_READ_ONLY,aishell5,Eval1,learned,cap224_fallback_guard,control_cap224_fallback_guarded_cfg_low_packet_gated,A5E1_012,own_minimum_cpcer_assignment,True,1621,3189,3635,611,957,1403,2971,0.931640012543117,0.5083098149890247,0.44594222833562586
SUPPORTIVE_POST_PRIMARY_READ_ONLY,aishell5,Eval1,learned,cap224_compression_abstention,control_cap224_cr24_abstain_cfg_low_packet_gated,A5E1_012,own_minimum_cpcer_assignment,True,1516,3189,3323,651,1022,1156,2829,0.8871119473189087,0.47538413295703985,0.4562142642190791
SUPPORTIVE_POST_PRIMARY_READ_ONLY,aishell5,Eval1,public,raw448,raw_public_sortformer_v2_low_packet_gated,A5E1_012,own_minimum_cpcer_assignment,True,635,3189,9107,2450,104,6022,8576,2.689244277202885,0.1991219818124804,0.06972658394641484
SUPPORTIVE_POST_PRIMARY_READ_ONLY,aishell5,Eval1,public,guard448,guarded_public_sortformer_v2_low_packet_gated,A5E1_012,own_minimum_cpcer_assignment,True,1275,3189,3544,493,1421,1776,3690,1.1571025399811854,0.39981185324553153,0.3597629796839729
SUPPORTIVE_POST_PRIMARY_READ_ONLY,aishell5,Eval1,public,cap224,control_cap224_public_sortformer_v2_low_packet_gated,A5E1_012,own_minimum_cpcer_assignment,True,599,3189,6192,2446,144,3147,5737,1.7989965506428347,0.1878331765443713,0.09673772609819122
SUPPORTIVE_POST_PRIMARY_READ_ONLY,aishell5,Eval1,public,cap224_guard,control_cap224_guarded_public_sortformer_v2_low_packet_gated,A5E1_012,own_minimum_cpcer_assignment,True,1275,3189,3553,493,1421,1785,3699,1.1599247412982125,0.39981185324553153,0.3588516746411483
SUPPORTIVE_POST_PRIMARY_READ_ONLY,aishell5,Eval1,public,cap224_fallback,control_cap224_fallback_public_sortformer_v2_low_packet_gated,A5E1_012,own_minimum_cpcer_assignment,True,883,3189,3863,1317,989,1663,3969,1.244590780809031,0.2768893069927877,0.2285788247476055
SUPPORTIVE_POST_PRIMARY_READ_ONLY,aishell5,Eval1,public,cap224_fallback_guard,control_cap224_fallback_guarded_public_sortformer_v2_low_packet_gated,A5E1_012,own_minimum_cpcer_assignment,True,897,3189,3787,1264,1028,1626,3918,1.2285983066792099,0.2812793979303857,0.23686295220491155
SUPPORTIVE_POST_PRIMARY_READ_ONLY,aishell5,Eval1,public,cap224_compression_abstention,control_cap224_cr24_abstain_public_sortformer_v2_low_packet_gated,A5E1_012,own_minimum_cpcer_assignment,True,1246,3189,3305,473,1470,1586,3529,1.1066164941988084,0.3907180934462214,0.3770045385779123
SUPPORTIVE_POST_PRIMARY_READ_ONLY,aishell5,Eval1,learned,raw448,raw_cfg_low_packet_gated,A5E1_013,own_minimum_cpcer_assignment,True,1199,3256,7246,1428,629,4619,6676,2.0503685503685505,0.36824324324324326,0.16547060447143253
SUPPORTIVE_POST_PRIMARY_READ_ONLY,aishell5,Eval1,learned,guard448,guarded_cfg_low_packet_gated,A5E1_013,own_minimum_cpcer_assignment,True,1470,3256,3476,621,1165,1385,3171,0.9738943488943489,0.4514742014742015,0.42289988492520136
SUPPORTIVE_POST_PRIMARY_READ_ONLY,aishell5,Eval1,learned,cap224,control_cap224_cfg_low_packet_gated,A5E1_013,own_minimum_cpcer_assignment,True,1366,3256,5175,1081,809,2728,4618,1.4183046683046683,0.41953316953316955,0.2639613526570048
SUPPORTIVE_POST_PRIMARY_READ_ONLY,aishell5,Eval1,learned,cap224_guard,control_cap224_guarded_cfg_low_packet_gated,A5E1_013,own_minimum_cpcer_assignment,True,1470,3256,3472,620,1166,1382,3168,0.972972972972973,0.4514742014742015,0.42338709677419356
SUPPORTIVE_POST_PRIMARY_READ_ONLY,aishell5,Eval1,learned,cap224_fallback,control_cap224_fallback_cfg_low_packet_gated,A5E1_013,own_minimum_cpcer_assignment,True,1509,3256,3543,645,1102,1389,3136,0.9631449631449631,0.46345208845208846,0.4259102455546147
SUPPORTIVE_POST_PRIMARY_READ_ONLY,aishell5,Eval1,learned,cap224_fallback_guard,control_cap224_fallback_guarded_cfg_low_packet_gated,A5E1_013,own_minimum_cpcer_assignment,True,1509,3256,3543,645,1102,1389,3136,0.9631449631449631,0.46345208845208846,0.4259102455546147
SUPPORTIVE_POST_PRIMARY_READ_ONLY,aishell5,Eval1,learned,cap224_compression_abstention,control_cap224_cr24_abstain_cfg_low_packet_gated,A5E1_013,own_minimum_cpcer_assignment,True,1446,3256,3118,572,1238,1100,2910,0.8937346437346437,0.4441031941031941,0.463758819756254
SUPPORTIVE_POST_PRIMARY_READ_ONLY,aishell5,Eval1,public,raw448,raw_public_sortformer_v2_low_packet_gated,A5E1_013,own_minimum_cpcer_assignment,True,1384,3256,11954,1490,382,9080,10952,3.3636363636363638,0.4250614250614251,0.11577714572528024
SUPPORTIVE_POST_PRIMARY_READ_ONLY,aishell5,Eval1,public,guard448,guarded_public_sortformer_v2_low_packet_gated,A5E1_013,own_minimum_cpcer_assignment,True,1498,3256,4236,903,855,1835,3593,1.1035012285012284,0.46007371007371006,0.35363550519357884
SUPPORTIVE_POST_PRIMARY_READ_ONLY,aishell5,Eval1,public,cap224,control_cap224_public_sortformer_v2_low_packet_gated,A5E1_013,own_minimum_cpcer_assignment,True,1367,3256,7616,1488,401,4761,6650,2.0423832923832923,0.41984029484029484,0.1794905462184874
SUPPORTIVE_POST_PRIMARY_READ_ONLY,aishell5,Eval1,public,cap224_guard,control_cap224_guarded_public_sortformer_v2_low_packet_gated,A5E1_013,own_minimum_cpcer_assignment,True,1498,3256,4036,878,880,1660,3418,1.0497542997542997,0.46007371007371006,0.3711595639246779
SUPPORTIVE_POST_PRIMARY_READ_ONLY,aishell5,Eval1,public,cap224_fallback,control_cap224_fallback_public_sortformer_v2_low_packet_gated,A5E1_013,own_minimum_cpcer_assignment,True,1574,3256,4019,714,968,1731,3413,1.0482186732186731,0.4834152334152334,0.3916397113709878
SUPPORTIVE_POST_PRIMARY_READ_ONLY,aishell5,Eval1,public,cap224_fallback_guard,control_cap224_fallback_guarded_public_sortformer_v2_low_packet_gated,A5E1_013,own_minimum_cpcer_assignment,True,1574,3256,4019,714,968,1731,3413,1.0482186732186731,0.4834152334152334,0.3916397113709878
SUPPORTIVE_POST_PRIMARY_READ_ONLY,aishell5,Eval1,public,cap224_compression_abstention,control_cap224_cr24_abstain_public_sortformer_v2_low_packet_gated,A5E1_013,own_minimum_cpcer_assignment,True,1335,3256,3245,604,1317,1306,3227,0.9910933660933661,0.41001228501228504,0.41140215716486905
SUPPORTIVE_POST_PRIMARY_READ_ONLY,aishell5,Eval1,learned,raw448,raw_cfg_low_packet_gated,A5E1_014,own_minimum_cpcer_assignment,True,957,2420,4980,1254,209,2769,4232,1.7487603305785124,0.39545454545454545,0.19216867469879517
SUPPORTIVE_POST_PRIMARY_READ_ONLY,aishell5,Eval1,learned,guard448,guarded_cfg_low_packet_gated,A5E1_014,own_minimum_cpcer_assignment,True,980,2420,2993,799,641,1214,2654,1.096694214876033,0.4049586776859504,0.32743067156698963
SUPPORTIVE_POST_PRIMARY_READ_ONLY,aishell5,Eval1,learned,cap224,control_cap224_cfg_low_packet_gated,A5E1_014,own_minimum_cpcer_assignment,True,957,2420,3603,1078,385,1568,3031,1.2524793388429751,0.39545454545454545,0.2656119900083264
SUPPORTIVE_POST_PRIMARY_READ_ONLY,aishell5,Eval1,learned,cap224_guard,control_cap224_guarded_cfg_low_packet_gated,A5E1_014,own_minimum_cpcer_assignment,True,960,2420,2718,825,635,933,2393,0.9888429752066116,0.39669421487603307,0.35320088300220753
SUPPORTIVE_POST_PRIMARY_READ_ONLY,aishell5,Eval1,learned,cap224_fallback,control_cap224_fallback_cfg_low_packet_gated,A5E1_014,own_minimum_cpcer_assignment,True,958,2420,2573,850,612,765,2227,0.9202479338842975,0.3958677685950413,0.37232802176447727
SUPPORTIVE_POST_PRIMARY_READ_ONLY,aishell5,Eval1,learned,cap224_fallback_guard,control_cap224_fallback_guarded_cfg_low_packet_gated,A5E1_014,own_minimum_cpcer_assignment,True,958,2420,2553,830,632,765,2227,0.9202479338842975,0.3958677685950413,0.3752448100274187
SUPPORTIVE_POST_PRIMARY_READ_ONLY,aishell5,Eval1,learned,cap224_compression_abstention,control_cap224_cr24_abstain_cfg_low_packet_gated,A5E1_014,own_minimum_cpcer_assignment,True,862,2420,2173,744,814,567,2125,0.878099173553719,0.35619834710743803,0.3966866083755177
SUPPORTIVE_POST_PRIMARY_READ_ONLY,aishell5,Eval1,public,raw448,raw_public_sortformer_v2_low_packet_gated,A5E1_014,own_minimum_cpcer_assignment,True,566,2420,6192,1673,181,3953,5807,2.399586776859504,0.23388429752066114,0.09140826873385013
SUPPORTIVE_POST_PRIMARY_READ_ONLY,aishell5,Eval1,public,guard448,guarded_public_sortformer_v2_low_packet_gated,A5E1_014,own_minimum_cpcer_assignment,True,869,2420,3181,735,816,1577,3128,1.2925619834710744,0.35909090909090907,0.27318453316567115
SUPPORTIVE_POST_PRIMARY_READ_ONLY,aishell5,Eval1,public,cap224,control_cap224_public_sortformer_v2_low_packet_gated,A5E1_014,own_minimum_cpcer_assignment,True,837,2420,4383,1031,552,2515,4098,1.693388429752066,0.3458677685950413,0.19096509240246407
SUPPORTIVE_POST_PRIMARY_READ_ONLY,aishell5,Eval1,public,cap224_guard,control_cap224_guarded_public_sortformer_v2_low_packet_gated,A5E1_014,own_minimum_cpcer_assignment,True,868,2420,2955,737,815,1350,2902,1.1991735537190082,0.3586776859504132,0.2937394247038917
SUPPORTIVE_POST_PRIMARY_READ_ONLY,aishell5,Eval1,public,cap224_fallback,control_cap224_fallback_public_sortformer_v2_low_packet_gated,A5E1_014,own_minimum_cpcer_assignment,True,858,2420,2773,776,786,1139,2701,1.116115702479339,0.35454545454545455,0.3094121889650198
SUPPORTIVE_POST_PRIMARY_READ_ONLY,aishell5,Eval1,public,cap224_fallback_guard,control_cap224_fallback_guarded_public_sortformer_v2_low_packet_gated,A5E1_014,own_minimum_cpcer_assignment,True,858,2420,2773,776,786,1139,2701,1.116115702479339,0.35454545454545455,0.3094121889650198
SUPPORTIVE_POST_PRIMARY_READ_ONLY,aishell5,Eval1,public,cap224_compression_abstention,control_cap224_cr24_abstain_public_sortformer_v2_low_packet_gated,A5E1_014,own_minimum_cpcer_assignment,True,836,2420,2522,703,881,983,2567,1.0607438016528925,0.34545454545454546,0.33148295003965106
SUPPORTIVE_POST_PRIMARY_READ_ONLY,aishell5,Eval1,learned,raw448,raw_cfg_low_packet_gated,A5E1_015,own_minimum_cpcer_assignment,True,1961,4528,13084,1738,829,9385,11952,2.639575971731449,0.433083038869258,0.14987771323754204
SUPPORTIVE_POST_PRIMARY_READ_ONLY,aishell5,Eval1,learned,guard448,guarded_cfg_low_packet_gated,A5E1_015,own_minimum_cpcer_assignment,True,2113,4528,5110,859,1556,2138,4553,1.0055212014134276,0.4666519434628975,0.4135029354207436
SUPPORTIVE_POST_PRIMARY_READ_ONLY,aishell5,Eval1,learned,cap224,control_cap224_cfg_low_packet_gated,A5E1_015,own_minimum_cpcer_assignment,True,1984,4528,8821,1655,889,5182,7726,1.7062720848056536,0.4381625441696113,0.22491780977213469
SUPPORTIVE_POST_PRIMARY_READ_ONLY,aishell5,Eval1,learned,cap224_guard,control_cap224_guarded_cfg_low_packet_gated,A5E1_015,own_minimum_cpcer_assignment,True,2112,4528,5065,852,1564,2101,4517,0.9975706713780919,0.4664310954063604,0.4169792694965449
SUPPORTIVE_POST_PRIMARY_READ_ONLY,aishell5,Eval1,learned,cap224_fallback,control_cap224_fallback_cfg_low_packet_gated,A5E1_015,own_minimum_cpcer_assignment,True,2193,4528,5471,980,1355,2298,4633,1.0231890459363957,0.4843197879858657,0.4008407969292634
SUPPORTIVE_POST_PRIMARY_READ_ONLY,aishell5,Eval1,learned,cap224_fallback_guard,control_cap224_fallback_guarded_cfg_low_packet_gated,A5E1_015,own_minimum_cpcer_assignment,True,2193,4528,5471,980,1355,2298,4633,1.0231890459363957,0.4843197879858657,0.4008407969292634
SUPPORTIVE_POST_PRIMARY_READ_ONLY,aishell5,Eval1,learned,cap224_compression_abstention,control_cap224_cr24_abstain_cfg_low_packet_gated,A5E1_015,own_minimum_cpcer_assignment,True,2044,4528,4434,818,1666,1572,4056,0.8957597173144877,0.45141342756183744,0.4609833107803338
SUPPORTIVE_POST_PRIMARY_READ_ONLY,aishell5,Eval1,public,raw448,raw_public_sortformer_v2_low_packet_gated,A5E1_015,own_minimum_cpcer_assignment,True,1867,4528,10745,1773,888,7105,9766,2.1568021201413425,0.4123233215547703,0.17375523499302
SUPPORTIVE_POST_PRIMARY_READ_ONLY,aishell5,Eval1,public,guard448,guarded_public_sortformer_v2_low_packet_gated,A5E1_015,own_minimum_cpcer_assignment,True,2042,4528,5786,861,1625,2883,5369,1.1857332155477032,0.45097173144876324,0.35292084341514
SUPPORTIVE_POST_PRIMARY_READ_ONLY,aishell5,Eval1,public,cap224,control_cap224_public_sortformer_v2_low_packet_gated,A5E1_015,own_minimum_cpcer_assignment,True,1976,4528,8116,1449,1103,4691,7243,1.5996024734982333,0.4363957597173145,0.24346968950221784
SUPPORTIVE_POST_PRIMARY_READ_ONLY,aishell5,Eval1,public,cap224_guard,control_cap224_guarded_public_sortformer_v2_low_packet_gated,A5E1_015,own_minimum_cpcer_assignment,True,2042,4528,5776,855,1631,2879,5365,1.1848498233215548,0.45097173144876324,0.35353185595567865
SUPPORTIVE_POST_PRIMARY_READ_ONLY,aishell5,Eval1,public,cap224_fallback,control_cap224_fallback_public_sortformer_v2_low_packet_gated,A5E1_015,own_minimum_cpcer_assignment,True,2192,4528,6082,880,1456,3010,5346,1.1806537102473498,0.4840989399293286,0.36040776060506413
SUPPORTIVE_POST_PRIMARY_READ_ONLY,aishell5,Eval1,public,cap224_fallback_guard,control_cap224_fallback_guarded_public_sortformer_v2_low_packet_gated,A5E1_015,own_minimum_cpcer_assignment,True,2192,4528,6082,880,1456,3010,5346,1.1806537102473498,0.4840989399293286,0.36040776060506413
SUPPORTIVE_POST_PRIMARY_READ_ONLY,aishell5,Eval1,public,cap224_compression_abstention,control_cap224_cr24_abstain_public_sortformer_v2_low_packet_gated,A5E1_015,own_minimum_cpcer_assignment,True,1982,4528,5420,742,1804,2696,5242,1.1576855123674912,0.4377208480565371,0.36568265682656825
SUPPORTIVE_POST_PRIMARY_READ_ONLY,aishell5,Eval1,learned,raw448,raw_cfg_low_packet_gated,A5E1_016,own_minimum_cpcer_assignment,True,704,2631,5399,1709,218,2986,4913,1.8673508171797795,0.2675788673508172,0.13039451750324135
SUPPORTIVE_POST_PRIMARY_READ_ONLY,aishell5,Eval1,learned,guard448,guarded_cfg_low_packet_gated,A5E1_016,own_minimum_cpcer_assignment,True,862,2631,2108,691,1078,555,2324,0.8833143291524135,0.3276320790573926,0.4089184060721063
SUPPORTIVE_POST_PRIMARY_READ_ONLY,aishell5,Eval1,learned,cap224,control_cap224_cfg_low_packet_gated,A5E1_016,own_minimum_cpcer_assignment,True,868,2631,3635,1314,449,1453,3216,1.2223489167616877,0.3299125807677689,0.23878954607977992
SUPPORTIVE_POST_PRIMARY_READ_ONLY,aishell5,Eval1,learned,cap224_guard,control_cap224_guarded_cfg_low_packet_gated,A5E1_016,own_minimum_cpcer_assignment,True,897,2631,2031,576,1158,558,2292,0.87115165336374,0.3409350057012543,0.44165435745937964
SUPPORTIVE_POST_PRIMARY_READ_ONLY,aishell5,Eval1,learned,cap224_fallback,control_cap224_fallback_cfg_low_packet_gated,A5E1_016,own_minimum_cpcer_assignment,True,932,2631,1999,628,1071,439,2138,0.8126187761307487,0.3542379323451159,0.46623311655827915
SUPPORTIVE_POST_PRIMARY_READ_ONLY,aishell5,Eval1,learned,cap224_fallback_guard,control_cap224_fallback_guarded_cfg_low_packet_gated,A5E1_016,own_minimum_cpcer_assignment,True,932,2631,1999,628,1071,439,2138,0.8126187761307487,0.3542379323451159,0.46623311655827915
SUPPORTIVE_POST_PRIMARY_READ_ONLY,aishell5,Eval1,learned,cap224_compression_abstention,control_cap224_cr24_abstain_cfg_low_packet_gated,A5E1_016,own_minimum_cpcer_assignment,True,853,2631,1793,533,1245,407,2185,0.830482706195363,0.3242113264918282,0.4757389849414389
SUPPORTIVE_POST_PRIMARY_READ_ONLY,aishell5,Eval1,public,raw448,raw_public_sortformer_v2_low_packet_gated,A5E1_016,own_minimum_cpcer_assignment,True,992,2631,2953,1183,456,778,2417,0.9186621056632459,0.37704294944887873,0.33592956315611244
SUPPORTIVE_POST_PRIMARY_READ_ONLY,aishell5,Eval1,public,guard448,guarded_public_sortformer_v2_low_packet_gated,A5E1_016,own_minimum_cpcer_assignment,True,1057,2631,2101,686,888,358,1932,0.734321550741163,0.4017483846446218,0.5030937648738696
SUPPORTIVE_POST_PRIMARY_READ_ONLY,aishell5,Eval1,public,cap224,control_cap224_public_sortformer_v2_low_packet_gated,A5E1_016,own_minimum_cpcer_assignment,True,1020,2631,2513,940,671,553,2164,0.822500950209046,0.38768529076396807,0.4058893752487067
SUPPORTIVE_POST_PRIMARY_READ_ONLY,aishell5,Eval1,public,cap224_guard,control_cap224_guarded_public_sortformer_v2_low_packet_gated,A5E1_016,own_minimum_cpcer_assignment,True,1057,2631,2099,685,889,357,1931,0.733941467122767,0.4017483846446218,0.5035731300619343
SUPPORTIVE_POST_PRIMARY_READ_ONLY,aishell5,Eval1,public,cap224_fallback,control_cap224_fallback_public_sortformer_v2_low_packet_gated,A5E1_016,own_minimum_cpcer_assignment,True,1056,2631,2147,696,879,395,1970,0.7487647282402129,0.4013683010262258,0.4918490917559385
SUPPORTIVE_POST_PRIMARY_READ_ONLY,aishell5,Eval1,public,cap224_fallback_guard,control_cap224_fallback_guarded_public_sortformer_v2_low_packet_gated,A5E1_016,own_minimum_cpcer_assignment,True,1056,2631,2147,696,879,395,1970,0.7487647282402129,0.4013683010262258,0.4918490917559385
SUPPORTIVE_POST_PRIMARY_READ_ONLY,aishell5,Eval1,public,cap224_compression_abstention,control_cap224_cr24_abstain_public_sortformer_v2_low_packet_gated,A5E1_016,own_minimum_cpcer_assignment,True,1056,2631,2062,678,897,328,1903,0.7232991258076776,0.4013683010262258,0.5121241513094084
SUPPORTIVE_POST_PRIMARY_READ_ONLY,aishell5,Eval1,learned,raw448,raw_cfg_low_packet_gated,A5E1_017,own_minimum_cpcer_assignment,True,519,2196,7918,1628,49,5771,7448,3.3916211293260474,0.23633879781420766,0.06554685526648144
SUPPORTIVE_POST_PRIMARY_READ_ONLY,aishell5,Eval1,learned,guard448,guarded_cfg_low_packet_gated,A5E1_017,own_minimum_cpcer_assignment,True,541,2196,3121,1276,379,1304,2959,1.3474499089253187,0.24635701275045538,0.17334187760333228
SUPPORTIVE_POST_PRIMARY_READ_ONLY,aishell5,Eval1,learned,cap224,control_cap224_cfg_low_packet_gated,A5E1_017,own_minimum_cpcer_assignment,True,464,2196,5117,1684,48,2969,4701,2.140710382513661,0.21129326047358835,0.0906781317178034
SUPPORTIVE_POST_PRIMARY_READ_ONLY,aishell5,Eval1,learned,cap224_guard,control_cap224_guarded_cfg_low_packet_gated,A5E1_017,own_minimum_cpcer_assignment,True,541,2196,2882,1277,378,1064,2719,1.23816029143898,0.24635701275045538,0.18771686328938236
SUPPORTIVE_POST_PRIMARY_READ_ONLY,aishell5,Eval1,learned,cap224_fallback,control_cap224_fallback_cfg_low_packet_gated,A5E1_017,own_minimum_cpcer_assignment,True,522,2196,3225,1460,214,1243,2917,1.3283242258652095,0.23770491803278687,0.16186046511627908
SUPPORTIVE_POST_PRIMARY_READ_ONLY,aishell5,Eval1,learned,cap224_fallback_guard,control_cap224_fallback_guarded_cfg_low_packet_gated,A5E1_017,own_minimum_cpcer_assignment,True,502,2196,3110,1482,212,1126,2820,1.284153005464481,0.22859744990892533,0.16141479099678457
SUPPORTIVE_POST_PRIMARY_READ_ONLY,aishell5,Eval1,learned,cap224_compression_abstention,control_cap224_cr24_abstain_cfg_low_packet_gated,A5E1_017,own_minimum_cpcer_assignment,True,298,2196,2126,1349,549,479,2377,1.0824225865209471,0.13570127504553733,0.14016933207902163
SUPPORTIVE_POST_PRIMARY_READ_ONLY,aishell5,Eval1,public,raw448,raw_public_sortformer_v2_low_packet_gated,A5E1_017,own_minimum_cpcer_assignment,True,541,2196,7836,1593,62,5702,7357,3.3501821493624773,0.24635701275045538,0.06904032669729454
SUPPORTIVE_POST_PRIMARY_READ_ONLY,aishell5,Eval1,public,guard448,guarded_public_sortformer_v2_low_packet_gated,A5E1_017,own_minimum_cpcer_assignment,True,437,2196,3406,1694,65,1275,3034,1.3816029143897997,0.19899817850637522,0.12830299471520845
SUPPORTIVE_POST_PRIMARY_READ_ONLY,aishell5,Eval1,public,cap224,control_cap224_public_sortformer_v2_low_packet_gated,A5E1_017,own_minimum_cpcer_assignment,True,494,2196,4967,1653,49,2820,4522,2.0591985428051003,0.22495446265938068,0.09945641232132071
SUPPORTIVE_POST_PRIMARY_READ_ONLY,aishell5,Eval1,public,cap224_guard,control_cap224_guarded_public_sortformer_v2_low_packet_gated,A5E1_017,own_minimum_cpcer_assignment,True,471,2196,2861,1312,413,1078,2803,1.2764116575591986,0.21448087431693988,0.164627752534079
SUPPORTIVE_POST_PRIMARY_READ_ONLY,aishell5,Eval1,public,cap224_fallback,control_cap224_fallback_public_sortformer_v2_low_packet_gated,A5E1_017,own_minimum_cpcer_assignment,True,475,2196,2677,1145,576,1057,2778,1.2650273224043715,0.2163023679417122,0.17743742995890924
SUPPORTIVE_POST_PRIMARY_READ_ONLY,aishell5,Eval1,public,cap224_fallback_guard,control_cap224_fallback_guarded_public_sortformer_v2_low_packet_gated,A5E1_017,own_minimum_cpcer_assignment,True,475,2196,2677,1145,576,1057,2778,1.2650273224043715,0.2163023679417122,0.17743742995890924
SUPPORTIVE_POST_PRIMARY_READ_ONLY,aishell5,Eval1,public,cap224_compression_abstention,control_cap224_cr24_abstain_public_sortformer_v2_low_packet_gated,A5E1_017,own_minimum_cpcer_assignment,True,391,2196,2035,978,827,666,2471,1.1252276867030966,0.17805100182149364,0.19213759213759213
SUPPORTIVE_POST_PRIMARY_READ_ONLY,aishell5,Eval1,learned,raw448,raw_cfg_low_packet_gated,A5E1_018,own_minimum_cpcer_assignment,True,216,2338,5615,2122,0,3277,5399,2.309238665526091,0.09238665526090675,0.03846838824577026
SUPPORTIVE_POST_PRIMARY_READ_ONLY,aishell5,Eval1,learned,guard448,guarded_cfg_low_packet_gated,A5E1_018,own_minimum_cpcer_assignment,True,628,2338,2024,516,1194,880,2590,1.1077844311377245,0.2686056458511548,0.3102766798418972
SUPPORTIVE_POST_PRIMARY_READ_ONLY,aishell5,Eval1,learned,cap224,control_cap224_cfg_low_packet_gated,A5E1_018,own_minimum_cpcer_assignment,True,405,2338,3728,1524,409,1799,3732,1.5962360992301112,0.17322497861420016,0.108637339055794
SUPPORTIVE_POST_PRIMARY_READ_ONLY,aishell5,Eval1,learned,cap224_guard,control_cap224_guarded_cfg_low_packet_gated,A5E1_018,own_minimum_cpcer_assignment,True,628,2338,2026,516,1194,882,2592,1.1086398631308811,0.2686056458511548,0.3099703849950642
SUPPORTIVE_POST_PRIMARY_READ_ONLY,aishell5,Eval1,learned,cap224_fallback,control_cap224_fallback_cfg_low_packet_gated,A5E1_018,own_minimum_cpcer_assignment,True,641,2338,2059,557,1140,861,2558,1.0940975192472198,0.27416595380667236,0.3113161728994658
SUPPORTIVE_POST_PRIMARY_READ_ONLY,aishell5,Eval1,learned,cap224_fallback_guard,control_cap224_fallback_guarded_cfg_low_packet_gated,A5E1_018,own_minimum_cpcer_assignment,True,641,2338,2059,557,1140,861,2558,1.0940975192472198,0.27416595380667236,0.3113161728994658
SUPPORTIVE_POST_PRIMARY_READ_ONLY,aishell5,Eval1,learned,cap224_compression_abstention,control_cap224_cr24_abstain_cfg_low_packet_gated,A5E1_018,own_minimum_cpcer_assignment,True,623,2338,1814,448,1267,743,2458,1.0513259195893927,0.26646706586826346,0.3434399117971334
SUPPORTIVE_POST_PRIMARY_READ_ONLY,aishell5,Eval1,public,raw448,raw_public_sortformer_v2_low_packet_gated,A5E1_018,own_minimum_cpcer_assignment,True,555,2338,5133,1564,219,3014,4797,2.051753635585971,0.23738237810094098,0.1081239041496201
SUPPORTIVE_POST_PRIMARY_READ_ONLY,aishell5,Eval1,public,guard448,guarded_public_sortformer_v2_low_packet_gated,A5E1_018,own_minimum_cpcer_assignment,True,746,2338,2415,597,995,1072,2664,1.1394354148845167,0.31907613344739094,0.30890269151138716
SUPPORTIVE_POST_PRIMARY_READ_ONLY,aishell5,Eval1,public,cap224,control_cap224_public_sortformer_v2_low_packet_gated,A5E1_018,own_minimum_cpcer_assignment,True,698,2338,3712,1151,489,1863,3503,1.498289136013687,0.2985457656116339,0.1880387931034483
SUPPORTIVE_POST_PRIMARY_READ_ONLY,aishell5,Eval1,public,cap224_guard,control_cap224_guarded_public_sortformer_v2_low_packet_gated,A5E1_018,own_minimum_cpcer_assignment,True,745,2338,2421,597,996,1079,2672,1.1428571428571428,0.3186484174508127,0.3077240809582817
SUPPORTIVE_POST_PRIMARY_READ_ONLY,aishell5,Eval1,public,cap224_fallback,control_cap224_fallback_public_sortformer_v2_low_packet_gated,A5E1_018,own_minimum_cpcer_assignment,True,575,2338,2442,950,813,917,2680,1.146278870829769,0.24593669803250642,0.23546273546273547
SUPPORTIVE_POST_PRIMARY_READ_ONLY,aishell5,Eval1,public,cap224_fallback_guard,control_cap224_fallback_guarded_public_sortformer_v2_low_packet_gated,A5E1_018,own_minimum_cpcer_assignment,True,575,2338,2442,950,813,917,2680,1.146278870829769,0.24593669803250642,0.23546273546273547
SUPPORTIVE_POST_PRIMARY_READ_ONLY,aishell5,Eval1,public,cap224_compression_abstention,control_cap224_cr24_abstain_public_sortformer_v2_low_packet_gated,A5E1_018,own_minimum_cpcer_assignment,True,711,2338,2254,554,1073,989,2616,1.1189050470487596,0.3041060735671514,0.31543921916592726
SUPPORTIVE_POST_PRIMARY_READ_ONLY,aishell5,Eval2,learned,raw448,raw_cfg_low_packet_gated,A5E2_001,own_minimum_cpcer_assignment,True,1237,3330,6825,1567,526,4021,6114,1.836036036036036,0.37147147147147147,0.18124542124542126
SUPPORTIVE_POST_PRIMARY_READ_ONLY,aishell5,Eval2,learned,guard448,guarded_cfg_low_packet_gated,A5E2_001,own_minimum_cpcer_assignment,True,1243,3330,2825,899,1188,683,2770,0.8318318318318318,0.37327327327327325,0.44
SUPPORTIVE_POST_PRIMARY_READ_ONLY,aishell5,Eval2,learned,cap224,control_cap224_cfg_low_packet_gated,A5E2_001,own_minimum_cpcer_assignment,True,1229,3330,4721,1432,669,2060,4161,1.2495495495495494,0.36906906906906906,0.2603262020758314
SUPPORTIVE_POST_PRIMARY_READ_ONLY,aishell5,Eval2,learned,cap224_guard,control_cap224_guarded_cfg_low_packet_gated,A5E2_001,own_minimum_cpcer_assignment,True,1244,3330,2835,908,1178,683,2769,0.8315315315315316,0.37357357357357357,0.43880070546737215
SUPPORTIVE_POST_PRIMARY_READ_ONLY,aishell5,Eval2,learned,cap224_fallback,control_cap224_fallback_cfg_low_packet_gated,A5E2_001,own_minimum_cpcer_assignment,True,1262,3330,3067,1069,999,736,2804,0.842042042042042,0.378978978978979,0.41147701336811215
SUPPORTIVE_POST_PRIMARY_READ_ONLY,aishell5,Eval2,learned,cap224_fallback_guard,control_cap224_fallback_guarded_cfg_low_packet_gated,A5E2_001,own_minimum_cpcer_assignment,True,1261,3330,2954,1000,1069,693,2762,0.8294294294294294,0.37867867867867866,0.42687880839539605
SUPPORTIVE_POST_PRIMARY_READ_ONLY,aishell5,Eval2,learned,cap224_compression_abstention,control_cap224_cr24_abstain_cfg_low_packet_gated,A5E2_001,own_minimum_cpcer_assignment,True,1206,3330,2682,806,1318,670,2794,0.8390390390390391,0.3621621621621622,0.44966442953020136
SUPPORTIVE_POST_PRIMARY_READ_ONLY,aishell5,Eval2,public,raw448,raw_public_sortformer_v2_low_packet_gated,A5E2_001,own_minimum_cpcer_assignment,True,1396,3330,7025,997,937,4632,6566,1.9717717717717718,0.41921921921921923,0.1987188612099644
SUPPORTIVE_POST_PRIMARY_READ_ONLY,aishell5,Eval2,public,guard448,guarded_public_sortformer_v2_low_packet_gated,A5E2_001,own_minimum_cpcer_assignment,True,1393,3330,3588,945,992,1250,3187,0.957057057057057,0.41831831831831834,0.3882385730211817
SUPPORTIVE_POST_PRIMARY_READ_ONLY,aishell5,Eval2,public,cap224,control_cap224_public_sortformer_v2_low_packet_gated,A5E2_001,own_minimum_cpcer_assignment,True,1394,3330,5152,984,952,2774,4710,1.4144144144144144,0.4186186186186186,0.2705745341614907
SUPPORTIVE_POST_PRIMARY_READ_ONLY,aishell5,Eval2,public,cap224_guard,control_cap224_guarded_public_sortformer_v2_low_packet_gated,A5E2_001,own_minimum_cpcer_assignment,True,1390,3330,3568,928,1012,1250,3190,0.9579579579579579,0.4174174174174174,0.3895739910313901
SUPPORTIVE_POST_PRIMARY_READ_ONLY,aishell5,Eval2,public,cap224_fallback,control_cap224_fallback_public_sortformer_v2_low_packet_gated,A5E2_001,own_minimum_cpcer_assignment,True,1426,3330,3944,938,966,1580,3484,1.0462462462462463,0.4282282282282282,0.36156186612576063
SUPPORTIVE_POST_PRIMARY_READ_ONLY,aishell5,Eval2,public,cap224_fallback_guard,control_cap224_fallback_guarded_public_sortformer_v2_low_packet_gated,A5E2_001,own_minimum_cpcer_assignment,True,1426,3330,3904,938,966,1540,3444,1.0342342342342343,0.4282282282282282,0.36526639344262296
SUPPORTIVE_POST_PRIMARY_READ_ONLY,aishell5,Eval2,public,cap224_compression_abstention,control_cap224_cr24_abstain_public_sortformer_v2_low_packet_gated,A5E2_001,own_minimum_cpcer_assignment,True,1339,3330,3141,851,1140,951,2942,0.8834834834834835,0.4021021021021021,0.4262973575294492
SUPPORTIVE_POST_PRIMARY_READ_ONLY,aishell5,Eval2,learned,raw448,raw_cfg_low_packet_gated,A5E2_002,own_minimum_cpcer_assignment,True,446,3629,6892,3119,64,3327,6510,1.793882612289887,0.12289887021217967,0.06471271038885665
SUPPORTIVE_POST_PRIMARY_READ_ONLY,aishell5,Eval2,learned,guard448,guarded_cfg_low_packet_gated,A5E2_002,own_minimum_cpcer_assignment,True,778,3629,2427,1173,1678,476,3327,0.9167814825020667,0.2143841278589143,0.32056036258755666
SUPPORTIVE_POST_PRIMARY_READ_ONLY,aishell5,Eval2,learned,cap224,control_cap224_cfg_low_packet_gated,A5E2_002,own_minimum_cpcer_assignment,True,562,3629,4560,2551,516,1447,4514,1.243868834389639,0.15486359878754477,0.12324561403508771
SUPPORTIVE_POST_PRIMARY_READ_ONLY,aishell5,Eval2,learned,cap224_guard,control_cap224_guarded_cfg_low_packet_gated,A5E2_002,own_minimum_cpcer_assignment,True,779,3629,2427,1177,1673,471,3321,0.9151281344723065,0.21465968586387435,0.32097239390193655
SUPPORTIVE_POST_PRIMARY_READ_ONLY,aishell5,Eval2,learned,cap224_fallback,control_cap224_fallback_cfg_low_packet_gated,A5E2_002,own_minimum_cpcer_assignment,True,758,3629,2685,1394,1477,533,3404,0.9379994488839901,0.20887296775971342,0.2823091247672253
SUPPORTIVE_POST_PRIMARY_READ_ONLY,aishell5,Eval2,learned,cap224_fallback_guard,control_cap224_fallback_guarded_cfg_low_packet_gated,A5E2_002,own_minimum_cpcer_assignment,True,758,3629,2685,1394,1477,533,3404,0.9379994488839901,0.20887296775971342,0.2823091247672253
SUPPORTIVE_POST_PRIMARY_READ_ONLY,aishell5,Eval2,learned,cap224_compression_abstention,control_cap224_cr24_abstain_cfg_low_packet_gated,A5E2_002,own_minimum_cpcer_assignment,True,728,3629,2135,1084,1817,323,3224,0.8883990079911821,0.2006062276109121,0.34098360655737703
SUPPORTIVE_POST_PRIMARY_READ_ONLY,aishell5,Eval2,public,raw448,raw_public_sortformer_v2_low_packet_gated,A5E2_002,own_minimum_cpcer_assignment,True,567,3629,10535,2924,138,7044,10106,2.7847891981262056,0.156241388812345,0.053820598006644516
SUPPORTIVE_POST_PRIMARY_READ_ONLY,aishell5,Eval2,public,guard448,guarded_public_sortformer_v2_low_packet_gated,A5E2_002,own_minimum_cpcer_assignment,True,660,3629,2876,1495,1474,721,3690,1.0168090383025628,0.1818682832736291,0.22948539638386647
SUPPORTIVE_POST_PRIMARY_READ_ONLY,aishell5,Eval2,public,cap224,control_cap224_public_sortformer_v2_low_packet_gated,A5E2_002,own_minimum_cpcer_assignment,True,507,3629,6471,2903,219,3061,6183,1.7037751446679525,0.13970790851474235,0.07834955957348169
SUPPORTIVE_POST_PRIMARY_READ_ONLY,aishell5,Eval2,public,cap224_guard,control_cap224_guarded_public_sortformer_v2_low_packet_gated,A5E2_002,own_minimum_cpcer_assignment,True,660,3629,2881,1500,1469,721,3690,1.0168090383025628,0.1818682832736291,0.2290871225269004
SUPPORTIVE_POST_PRIMARY_READ_ONLY,aishell5,Eval2,public,cap224_fallback,control_cap224_fallback_public_sortformer_v2_low_packet_gated,A5E2_002,own_minimum_cpcer_assignment,True,646,3629,3959,2056,927,1257,4240,1.1683659410305869,0.17801047120418848,0.16317251831270524
SUPPORTIVE_POST_PRIMARY_READ_ONLY,aishell5,Eval2,public,cap224_fallback_guard,control_cap224_fallback_guarded_public_sortformer_v2_low_packet_gated,A5E2_002,own_minimum_cpcer_assignment,True,669,3629,3139,1508,1452,962,3922,1.0807384954532928,0.18434830531826948,0.21312519910799618
SUPPORTIVE_POST_PRIMARY_READ_ONLY,aishell5,Eval2,public,cap224_compression_abstention,control_cap224_cr24_abstain_public_sortformer_v2_low_packet_gated,A5E2_002,own_minimum_cpcer_assignment,True,604,3629,2297,1230,1795,463,3488,0.9611463213006338,0.16643703499586662,0.2629516760992599
SUPPORTIVE_POST_PRIMARY_READ_ONLY,aishell5,Eval2,learned,raw448,raw_cfg_low_packet_gated,A5E2_003,own_minimum_cpcer_assignment,True,130,1784,3814,1650,4,2034,3688,2.0672645739910314,0.07286995515695067,0.03408495018353435
SUPPORTIVE_POST_PRIMARY_READ_ONLY,aishell5,Eval2,learned,guard448,guarded_cfg_low_packet_gated,A5E2_003,own_minimum_cpcer_assignment,True,361,1784,1373,662,761,350,1773,0.9938340807174888,0.2023542600896861,0.2629278951201748
SUPPORTIVE_POST_PRIMARY_READ_ONLY,aishell5,Eval2,learned,cap224,control_cap224_cfg_low_packet_gated,A5E2_003,own_minimum_cpcer_assignment,True,351,1784,2568,1004,429,1213,2646,1.4831838565022422,0.19674887892376683,0.1366822429906542
SUPPORTIVE_POST_PRIMARY_READ_ONLY,aishell5,Eval2,learned,cap224_guard,control_cap224_guarded_cfg_low_packet_gated,A5E2_003,own_minimum_cpcer_assignment,True,362,1784,1376,664,758,350,1772,0.9932735426008968,0.20291479820627803,0.26308139534883723
SUPPORTIVE_POST_PRIMARY_READ_ONLY,aishell5,Eval2,learned,cap224_fallback,control_cap224_fallback_cfg_low_packet_gated,A5E2_003,own_minimum_cpcer_assignment,True,356,1784,1462,663,765,443,1871,1.0487668161434978,0.19955156950672645,0.24350205198358413
SUPPORTIVE_POST_PRIMARY_READ_ONLY,aishell5,Eval2,learned,cap224_fallback_guard,control_cap224_fallback_guarded_cfg_low_packet_gated,A5E2_003,own_minimum_cpcer_assignment,True,356,1784,1462,663,765,443,1871,1.0487668161434978,0.19955156950672645,0.24350205198358413
SUPPORTIVE_POST_PRIMARY_READ_ONLY,aishell5,Eval2,learned,cap224_compression_abstention,control_cap224_cr24_abstain_cfg_low_packet_gated,A5E2_003,own_minimum_cpcer_assignment,True,356,1784,1314,636,792,322,1750,0.9809417040358744,0.19955156950672645,0.2709284627092846
SUPPORTIVE_POST_PRIMARY_READ_ONLY,aishell5,Eval2,public,raw448,raw_public_sortformer_v2_low_packet_gated,A5E2_003,own_minimum_cpcer_assignment,True,177,1784,5324,1597,10,3550,5157,2.890695067264574,0.0992152466367713,0.033245679939894815
SUPPORTIVE_POST_PRIMARY_READ_ONLY,aishell5,Eval2,public,guard448,guarded_public_sortformer_v2_low_packet_gated,A5E2_003,own_minimum_cpcer_assignment,True,357,1784,1683,783,644,543,1970,1.1042600896860986,0.20011210762331838,0.21212121212121213
SUPPORTIVE_POST_PRIMARY_READ_ONLY,aishell5,Eval2,public,cap224,control_cap224_public_sortformer_v2_low_packet_gated,A5E2_003,own_minimum_cpcer_assignment,True,152,1784,3415,1621,11,1642,3274,1.8352017937219731,0.08520179372197309,0.0445095168374817
SUPPORTIVE_POST_PRIMARY_READ_ONLY,aishell5,Eval2,public,cap224_guard,control_cap224_guarded_public_sortformer_v2_low_packet_gated,A5E2_003,own_minimum_cpcer_assignment,True,357,1784,1670,778,649,535,1962,1.0997757847533631,0.20011210762331838,0.21377245508982035
SUPPORTIVE_POST_PRIMARY_READ_ONLY,aishell5,Eval2,public,cap224_fallback,control_cap224_fallback_public_sortformer_v2_low_packet_gated,A5E2_003,own_minimum_cpcer_assignment,True,338,1784,2087,1023,423,726,2172,1.2174887892376682,0.18946188340807174,0.16195495927168185
SUPPORTIVE_POST_PRIMARY_READ_ONLY,aishell5,Eval2,public,cap224_fallback_guard,control_cap224_fallback_guarded_public_sortformer_v2_low_packet_gated,A5E2_003,own_minimum_cpcer_assignment,True,338,1784,2087,1023,423,726,2172,1.2174887892376682,0.18946188340807174,0.16195495927168185
SUPPORTIVE_POST_PRIMARY_READ_ONLY,aishell5,Eval2,public,cap224_compression_abstention,control_cap224_cr24_abstain_public_sortformer_v2_low_packet_gated,A5E2_003,own_minimum_cpcer_assignment,True,352,1784,1456,691,741,413,1845,1.0341928251121075,0.19730941704035873,0.24175824175824176
SUPPORTIVE_POST_PRIMARY_READ_ONLY,aishell5,Eval2,learned,raw448,raw_cfg_low_packet_gated,A5E2_004,own_minimum_cpcer_assignment,True,274,3263,6012,2964,25,2774,5763,1.7661661048115231,0.08397180508734294,0.04557551563539587
SUPPORTIVE_POST_PRIMARY_READ_ONLY,aishell5,Eval2,learned,guard448,guarded_cfg_low_packet_gated,A5E2_004,own_minimum_cpcer_assignment,True,400,3263,1496,650,2213,446,3309,1.014097456328532,0.1225865767698437,0.26737967914438504
SUPPORTIVE_POST_PRIMARY_READ_ONLY,aishell5,Eval2,learned,cap224,control_cap224_cfg_low_packet_gated,A5E2_004,own_minimum_cpcer_assignment,True,254,3263,3526,2495,514,777,3786,1.1602819491265706,0.07784247624885075,0.07203630175836642
SUPPORTIVE_POST_PRIMARY_READ_ONLY,aishell5,Eval2,learned,cap224_guard,control_cap224_guarded_cfg_low_packet_gated,A5E2_004,own_minimum_cpcer_assignment,True,398,3263,1439,596,2269,445,3310,1.0144039227704567,0.12197364388599448,0.27658095899930507
SUPPORTIVE_POST_PRIMARY_READ_ONLY,aishell5,Eval2,learned,cap224_fallback,control_cap224_fallback_cfg_low_packet_gated,A5E2_004,own_minimum_cpcer_assignment,True,306,3263,1565,778,2179,481,3438,1.0536316273368067,0.09377873122893043,0.19552715654952077
SUPPORTIVE_POST_PRIMARY_READ_ONLY,aishell5,Eval2,learned,cap224_fallback_guard,control_cap224_fallback_guarded_cfg_low_packet_gated,A5E2_004,own_minimum_cpcer_assignment,True,320,3263,1427,627,2316,480,3423,1.0490346307079375,0.09806926141587496,0.22424667133847231
SUPPORTIVE_POST_PRIMARY_READ_ONLY,aishell5,Eval2,learned,cap224_compression_abstention,control_cap224_cr24_abstain_cfg_low_packet_gated,A5E2_004,own_minimum_cpcer_assignment,True,234,3263,953,392,2637,327,3356,1.0285013790989888,0.07171314741035857,0.24554039874081846
SUPPORTIVE_POST_PRIMARY_READ_ONLY,aishell5,Eval2,public,raw448,raw_public_sortformer_v2_low_packet_gated,A5E2_004,own_minimum_cpcer_assignment,True,228,3263,7644,3031,4,4385,7420,2.273980999080601,0.0698743487588109,0.029827315541601257
SUPPORTIVE_POST_PRIMARY_READ_ONLY,aishell5,Eval2,public,guard448,guarded_public_sortformer_v2_low_packet_gated,A5E2_004,own_minimum_cpcer_assignment,True,298,3263,1510,734,2231,478,3443,1.0551639595464297,0.09132699969353356,0.19735099337748344
SUPPORTIVE_POST_PRIMARY_READ_ONLY,aishell5,Eval2,public,cap224,control_cap224_public_sortformer_v2_low_packet_gated,A5E2_004,own_minimum_cpcer_assignment,True,119,3263,4425,2977,167,1329,4473,1.3708243947287773,0.0364695065890285,0.02689265536723164
SUPPORTIVE_POST_PRIMARY_READ_ONLY,aishell5,Eval2,public,cap224_guard,control_cap224_guarded_public_sortformer_v2_low_packet_gated,A5E2_004,own_minimum_cpcer_assignment,True,300,3263,1515,737,2226,478,3441,1.0545510266625804,0.09193993257738278,0.19801980198019803
SUPPORTIVE_POST_PRIMARY_READ_ONLY,aishell5,Eval2,public,cap224_fallback,control_cap224_fallback_public_sortformer_v2_low_packet_gated,A5E2_004,own_minimum_cpcer_assignment,True,325,3263,1485,761,2177,399,3337,1.022678516702421,0.099601593625498,0.21885521885521886
SUPPORTIVE_POST_PRIMARY_READ_ONLY,aishell5,Eval2,public,cap224_fallback_guard,control_cap224_fallback_guarded_public_sortformer_v2_low_packet_gated,A5E2_004,own_minimum_cpcer_assignment,True,325,3263,1485,761,2177,399,3337,1.022678516702421,0.099601593625498,0.21885521885521886
SUPPORTIVE_POST_PRIMARY_READ_ONLY,aishell5,Eval2,public,cap224_compression_abstention,control_cap224_cr24_abstain_public_sortformer_v2_low_packet_gated,A5E2_004,own_minimum_cpcer_assignment,True,242,3263,1133,517,2504,374,3395,1.0404535703340485,0.07416487894575544,0.21359223300970873
SUPPORTIVE_POST_PRIMARY_READ_ONLY,aishell5,Eval2,learned,raw448,raw_cfg_low_packet_gated,A5E2_005,own_minimum_cpcer_assignment,True,911,4472,9452,3238,323,5303,8864,1.9821109123434706,0.20371198568872986,0.09638171815488786
SUPPORTIVE_POST_PRIMARY_READ_ONLY,aishell5,Eval2,learned,guard448,guarded_cfg_low_packet_gated,A5E2_005,own_minimum_cpcer_assignment,True,1227,4472,2847,1092,2153,528,3773,0.8436940966010733,0.27437388193202145,0.4309799789251844
SUPPORTIVE_POST_PRIMARY_READ_ONLY,aishell5,Eval2,learned,cap224,control_cap224_cfg_low_packet_gated,A5E2_005,own_minimum_cpcer_assignment,True,959,4472,5926,2913,600,2054,5567,1.2448568872987478,0.2144454382826476,0.16182922713466083
SUPPORTIVE_POST_PRIMARY_READ_ONLY,aishell5,Eval2,learned,cap224_guard,control_cap224_guarded_cfg_low_packet_gated,A5E2_005,own_minimum_cpcer_assignment,True,1226,4472,2842,1090,2156,526,3772,0.8434704830053668,0.27415026833631484,0.4313863476425053
SUPPORTIVE_POST_PRIMARY_READ_ONLY,aishell5,Eval2,learned,cap224_fallback,control_cap224_fallback_cfg_low_packet_gated,A5E2_005,own_minimum_cpcer_assignment,True,1217,4472,3047,1212,2043,618,3873,0.8660554561717353,0.27213774597495527,0.39940925500492286
SUPPORTIVE_POST_PRIMARY_READ_ONLY,aishell5,Eval2,learned,cap224_fallback_guard,control_cap224_fallback_guarded_cfg_low_packet_gated,A5E2_005,own_minimum_cpcer_assignment,True,1218,4472,2946,1172,2082,556,3810,0.8519677996422182,0.2723613595706619,0.4134419551934827
SUPPORTIVE_POST_PRIMARY_READ_ONLY,aishell5,Eval2,learned,cap224_compression_abstention,control_cap224_cr24_abstain_cfg_low_packet_gated,A5E2_005,own_minimum_cpcer_assignment,True,1074,4472,2371,924,2474,373,3771,0.8432468694096601,0.24016100178890876,0.4529734289329397
SUPPORTIVE_POST_PRIMARY_READ_ONLY,aishell5,Eval2,public,raw448,raw_public_sortformer_v2_low_packet_gated,A5E2_005,own_minimum_cpcer_assignment,True,984,4472,11262,3143,345,7135,10623,2.375447227191413,0.22003577817531306,0.08737346830047948
SUPPORTIVE_POST_PRIMARY_READ_ONLY,aishell5,Eval2,public,guard448,guarded_public_sortformer_v2_low_packet_gated,A5E2_005,own_minimum_cpcer_assignment,True,1202,4472,2941,1137,2133,602,3872,0.8658318425760286,0.268783542039356,0.4087045222713363
SUPPORTIVE_POST_PRIMARY_READ_ONLY,aishell5,Eval2,public,cap224,control_cap224_public_sortformer_v2_low_packet_gated,A5E2_005,own_minimum_cpcer_assignment,True,750,4472,6810,3455,267,2605,6327,1.414803220035778,0.1677101967799642,0.11013215859030837
SUPPORTIVE_POST_PRIMARY_READ_ONLY,aishell5,Eval2,public,cap224_guard,control_cap224_guarded_public_sortformer_v2_low_packet_gated,A5E2_005,own_minimum_cpcer_assignment,True,1201,4472,2933,1134,2137,598,3869,0.8651610017889088,0.2685599284436494,0.4094783498124787
SUPPORTIVE_POST_PRIMARY_READ_ONLY,aishell5,Eval2,public,cap224_fallback,control_cap224_fallback_public_sortformer_v2_low_packet_gated,A5E2_005,own_minimum_cpcer_assignment,True,1296,4472,3072,1287,1889,489,3665,0.8195438282647585,0.2898032200357782,0.421875
SUPPORTIVE_POST_PRIMARY_READ_ONLY,aishell5,Eval2,public,cap224_fallback_guard,control_cap224_fallback_guarded_public_sortformer_v2_low_packet_gated,A5E2_005,own_minimum_cpcer_assignment,True,1296,4472,3072,1287,1889,489,3665,0.8195438282647585,0.2898032200357782,0.421875
SUPPORTIVE_POST_PRIMARY_READ_ONLY,aishell5,Eval2,public,cap224_compression_abstention,control_cap224_cr24_abstain_public_sortformer_v2_low_packet_gated,A5E2_005,own_minimum_cpcer_assignment,True,1023,4472,2252,900,2549,329,3778,0.8448121645796064,0.2287567084078712,0.45426287744227356
SUPPORTIVE_POST_PRIMARY_READ_ONLY,aishell5,Eval2,learned,raw448,raw_cfg_low_packet_gated,A5E2_006,own_minimum_cpcer_assignment,True,668,3788,13072,2962,158,9442,12562,3.316261879619852,0.17634635691657866,0.0511015911872705
SUPPORTIVE_POST_PRIMARY_READ_ONLY,aishell5,Eval2,learned,guard448,guarded_cfg_low_packet_gated,A5E2_006,own_minimum_cpcer_assignment,True,773,3788,3728,1402,1613,1553,4568,1.2059134107708553,0.20406546990496305,0.20734978540772533
SUPPORTIVE_POST_PRIMARY_READ_ONLY,aishell5,Eval2,learned,cap224,control_cap224_cfg_low_packet_gated,A5E2_006,own_minimum_cpcer_assignment,True,601,3788,8047,2950,237,4496,7683,2.028247096092925,0.15865892291446673,0.07468621846650926
SUPPORTIVE_POST_PRIMARY_READ_ONLY,aishell5,Eval2,learned,cap224_guard,control_cap224_guarded_cfg_low_packet_gated,A5E2_006,own_minimum_cpcer_assignment,True,773,3788,3699,1399,1616,1527,4542,1.1990496304118268,0.20406546990496305,0.20897539875642065
SUPPORTIVE_POST_PRIMARY_READ_ONLY,aishell5,Eval2,learned,cap224_fallback,control_cap224_fallback_cfg_low_packet_gated,A5E2_006,own_minimum_cpcer_assignment,True,854,3788,3966,1650,1284,1462,4396,1.160506863780359,0.22544878563885956,0.21533030761472516
SUPPORTIVE_POST_PRIMARY_READ_ONLY,aishell5,Eval2,learned,cap224_fallback_guard,control_cap224_fallback_guarded_cfg_low_packet_gated,A5E2_006,own_minimum_cpcer_assignment,True,855,3788,3921,1629,1304,1437,4370,1.1536430834213305,0.2257127771911299,0.2180566182096404
SUPPORTIVE_POST_PRIMARY_READ_ONLY,aishell5,Eval2,learned,cap224_compression_abstention,control_cap224_cr24_abstain_cfg_low_packet_gated,A5E2_006,own_minimum_cpcer_assignment,True,721,3788,2908,1137,1930,1050,4117,1.0868532206969377,0.19033790918690602,0.24793672627235214
SUPPORTIVE_POST_PRIMARY_READ_ONLY,aishell5,Eval2,public,raw448,raw_public_sortformer_v2_low_packet_gated,A5E2_006,own_minimum_cpcer_assignment,True,726,3788,15878,2767,295,12385,15447,4.077877507919746,0.19165786694825765,0.045723642776168284
SUPPORTIVE_POST_PRIMARY_READ_ONLY,aishell5,Eval2,public,guard448,guarded_public_sortformer_v2_low_packet_gated,A5E2_006,own_minimum_cpcer_assignment,True,796,3788,3646,1359,1633,1491,4483,1.1834741288278776,0.21013727560718057,0.21832144816236973
SUPPORTIVE_POST_PRIMARY_READ_ONLY,aishell5,Eval2,public,cap224,control_cap224_public_sortformer_v2_low_packet_gated,A5E2_006,own_minimum_cpcer_assignment,True,718,3788,9395,2729,341,5948,9018,2.380675818373812,0.18954593453009505,0.07642362959020756
SUPPORTIVE_POST_PRIMARY_READ_ONLY,aishell5,Eval2,public,cap224_guard,control_cap224_guarded_public_sortformer_v2_low_packet_gated,A5E2_006,own_minimum_cpcer_assignment,True,795,3788,3590,1361,1632,1434,4427,1.1686906019007393,0.20987328405491024,0.2214484679665738
SUPPORTIVE_POST_PRIMARY_READ_ONLY,aishell5,Eval2,public,cap224_fallback,control_cap224_fallback_public_sortformer_v2_low_packet_gated,A5E2_006,own_minimum_cpcer_assignment,True,827,3788,4100,1563,1398,1710,4671,1.233104540654699,0.21832101372756071,0.20170731707317074
SUPPORTIVE_POST_PRIMARY_READ_ONLY,aishell5,Eval2,public,cap224_fallback_guard,control_cap224_fallback_guarded_public_sortformer_v2_low_packet_gated,A5E2_006,own_minimum_cpcer_assignment,True,781,3788,4040,1612,1395,1647,4654,1.2286166842661035,0.20617740232312565,0.19331683168316832
SUPPORTIVE_POST_PRIMARY_READ_ONLY,aishell5,Eval2,public,cap224_compression_abstention,control_cap224_cr24_abstain_public_sortformer_v2_low_packet_gated,A5E2_006,own_minimum_cpcer_assignment,True,739,3788,2835,1106,1943,990,4039,1.0662618796198522,0.1950897571277719,0.2606701940035273
SUPPORTIVE_POST_PRIMARY_READ_ONLY,aishell5,Eval2,learned,raw448,raw_cfg_low_packet_gated,A5E2_007,own_minimum_cpcer_assignment,True,512,2666,7047,1972,182,4563,6717,2.5195048762190546,0.19204801200300076,0.07265503050943664
SUPPORTIVE_POST_PRIMARY_READ_ONLY,aishell5,Eval2,learned,guard448,guarded_cfg_low_packet_gated,A5E2_007,own_minimum_cpcer_assignment,True,526,2666,1950,819,1321,605,2745,1.0296324081020256,0.1972993248312078,0.26974358974358975
SUPPORTIVE_POST_PRIMARY_READ_ONLY,aishell5,Eval2,learned,cap224,control_cap224_cfg_low_packet_gated,A5E2_007,own_minimum_cpcer_assignment,True,451,2666,4307,2032,183,1824,4039,1.5150037509377345,0.16916729182295573,0.10471325748781055
SUPPORTIVE_POST_PRIMARY_READ_ONLY,aishell5,Eval2,learned,cap224_guard,control_cap224_guarded_cfg_low_packet_gated,A5E2_007,own_minimum_cpcer_assignment,True,525,2666,1933,801,1340,607,2748,1.0307576894223556,0.19692423105776444,0.27159855147439216
SUPPORTIVE_POST_PRIMARY_READ_ONLY,aishell5,Eval2,learned,cap224_fallback,control_cap224_fallback_cfg_low_packet_gated,A5E2_007,own_minimum_cpcer_assignment,True,597,2666,2267,1102,967,568,2637,0.9891222805701425,0.22393098274568643,0.26334362593736216
SUPPORTIVE_POST_PRIMARY_READ_ONLY,aishell5,Eval2,learned,cap224_fallback_guard,control_cap224_fallback_guarded_cfg_low_packet_gated,A5E2_007,own_minimum_cpcer_assignment,True,604,2666,2045,873,1189,568,2630,0.986496624156039,0.22655663915978994,0.29535452322738387
SUPPORTIVE_POST_PRIMARY_READ_ONLY,aishell5,Eval2,learned,cap224_compression_abstention,control_cap224_cr24_abstain_cfg_low_packet_gated,A5E2_007,own_minimum_cpcer_assignment,True,495,2666,1534,639,1532,400,2571,0.9643660915228808,0.18567141785446362,0.3226857887874837
SUPPORTIVE_POST_PRIMARY_READ_ONLY,aishell5,Eval2,public,raw448,raw_public_sortformer_v2_low_packet_gated,A5E2_007,own_minimum_cpcer_assignment,True,487,2666,7549,2061,118,5001,7180,2.6931732933233308,0.18267066766691673,0.06451185587495033
SUPPORTIVE_POST_PRIMARY_READ_ONLY,aishell5,Eval2,public,guard448,guarded_public_sortformer_v2_low_packet_gated,A5E2_007,own_minimum_cpcer_assignment,True,505,2666,2145,954,1207,686,2847,1.0678919729932483,0.18942235558889722,0.23543123543123542
SUPPORTIVE_POST_PRIMARY_READ_ONLY,aishell5,Eval2,public,cap224,control_cap224_public_sortformer_v2_low_packet_gated,A5E2_007,own_minimum_cpcer_assignment,True,459,2666,4649,2088,119,2102,4309,1.6162790697674418,0.17216804201050262,0.098730909873091
SUPPORTIVE_POST_PRIMARY_READ_ONLY,aishell5,Eval2,public,cap224_guard,control_cap224_guarded_public_sortformer_v2_low_packet_gated,A5E2_007,own_minimum_cpcer_assignment,True,507,2666,2153,956,1203,690,2849,1.068642160540135,0.19017254313578394,0.23548536925220623
SUPPORTIVE_POST_PRIMARY_READ_ONLY,aishell5,Eval2,public,cap224_fallback,control_cap224_fallback_public_sortformer_v2_low_packet_gated,A5E2_007,own_minimum_cpcer_assignment,True,576,2666,2495,1151,939,768,2858,1.0720180045011254,0.21605401350337583,0.2308617234468938
SUPPORTIVE_POST_PRIMARY_READ_ONLY,aishell5,Eval2,public,cap224_fallback_guard,control_cap224_fallback_guarded_public_sortformer_v2_low_packet_gated,A5E2_007,own_minimum_cpcer_assignment,True,576,2666,2495,1151,939,768,2858,1.0720180045011254,0.21605401350337583,0.2308617234468938
SUPPORTIVE_POST_PRIMARY_READ_ONLY,aishell5,Eval2,public,cap224_compression_abstention,control_cap224_cr24_abstain_public_sortformer_v2_low_packet_gated,A5E2_007,own_minimum_cpcer_assignment,True,429,2666,1691,789,1448,473,2710,1.016504126031508,0.1609152288072018,0.25369603784742756
SUPPORTIVE_POST_PRIMARY_READ_ONLY,aishell5,Eval2,learned,raw448,raw_cfg_low_packet_gated,A5E2_008,own_minimum_cpcer_assignment,True,766,4247,13300,3318,163,9216,12697,2.989639745702849,0.1803626089004003,0.05759398496240602
SUPPORTIVE_POST_PRIMARY_READ_ONLY,aishell5,Eval2,learned,guard448,guarded_cfg_low_packet_gated,A5E2_008,own_minimum_cpcer_assignment,True,1428,4247,3757,637,2182,1692,4511,1.0621615257829056,0.33623734400753474,0.38009049773755654
SUPPORTIVE_POST_PRIMARY_READ_ONLY,aishell5,Eval2,learned,cap224,control_cap224_cfg_low_packet_gated,A5E2_008,own_minimum_cpcer_assignment,True,1283,4247,8161,1539,1425,5339,8303,1.9550270779373675,0.3020955968919237,0.15721112608748927
SUPPORTIVE_POST_PRIMARY_READ_ONLY,aishell5,Eval2,learned,cap224_guard,control_cap224_guarded_cfg_low_packet_gated,A5E2_008,own_minimum_cpcer_assignment,True,1428,4247,3755,637,2182,1690,4509,1.061690605133035,0.33623734400753474,0.38029294274300934
SUPPORTIVE_POST_PRIMARY_READ_ONLY,aishell5,Eval2,learned,cap224_fallback,control_cap224_fallback_cfg_low_packet_gated,A5E2_008,own_minimum_cpcer_assignment,True,1378,4247,4270,628,2241,2264,5133,1.2086178478926302,0.32446432776077233,0.3227166276346604
SUPPORTIVE_POST_PRIMARY_READ_ONLY,aishell5,Eval2,learned,cap224_fallback_guard,control_cap224_fallback_guarded_cfg_low_packet_gated,A5E2_008,own_minimum_cpcer_assignment,True,1378,4247,4270,628,2241,2264,5133,1.2086178478926302,0.32446432776077233,0.3227166276346604
SUPPORTIVE_POST_PRIMARY_READ_ONLY,aishell5,Eval2,learned,cap224_compression_abstention,control_cap224_cr24_abstain_cfg_low_packet_gated,A5E2_008,own_minimum_cpcer_assignment,True,1282,4247,2858,544,2421,1032,3997,0.9411349187661879,0.30186013656698846,0.44856543037088875
SUPPORTIVE_POST_PRIMARY_READ_ONLY,aishell5,Eval2,public,raw448,raw_public_sortformer_v2_low_packet_gated,A5E2_008,own_minimum_cpcer_assignment,True,1176,4247,12633,2773,298,8684,11755,2.767836119613845,0.27690134212385215,0.09308952742816433
SUPPORTIVE_POST_PRIMARY_READ_ONLY,aishell5,Eval2,public,guard448,guarded_public_sortformer_v2_low_packet_gated,A5E2_008,own_minimum_cpcer_assignment,True,1369,4247,3843,699,2179,1775,4653,1.095596891923711,0.32234518483635505,0.356232110330471
SUPPORTIVE_POST_PRIMARY_READ_ONLY,aishell5,Eval2,public,cap224,control_cap224_public_sortformer_v2_low_packet_gated,A5E2_008,own_minimum_cpcer_assignment,True,1026,4247,7861,2496,725,4339,7560,1.780080056510478,0.24158229338356488,0.13051774583386339
SUPPORTIVE_POST_PRIMARY_READ_ONLY,aishell5,Eval2,public,cap224_guard,control_cap224_guarded_public_sortformer_v2_low_packet_gated,A5E2_008,own_minimum_cpcer_assignment,True,1395,4247,3779,620,2232,1764,4616,1.0868848599011067,0.3284671532846715,0.3691452765281821
SUPPORTIVE_POST_PRIMARY_READ_ONLY,aishell5,Eval2,public,cap224_fallback,control_cap224_fallback_public_sortformer_v2_low_packet_gated,A5E2_008,own_minimum_cpcer_assignment,True,1415,4247,4138,722,2110,2001,4833,1.1379797504120557,0.3331763597833765,0.3419526341227646
SUPPORTIVE_POST_PRIMARY_READ_ONLY,aishell5,Eval2,public,cap224_fallback_guard,control_cap224_fallback_guarded_public_sortformer_v2_low_packet_gated,A5E2_008,own_minimum_cpcer_assignment,True,1415,4247,4116,700,2132,2001,4833,1.1379797504120557,0.3331763597833765,0.3437803692905734
SUPPORTIVE_POST_PRIMARY_READ_ONLY,aishell5,Eval2,public,cap224_compression_abstention,control_cap224_cr24_abstain_public_sortformer_v2_low_packet_gated,A5E2_008,own_minimum_cpcer_assignment,True,1209,4247,2911,509,2529,1193,4231,0.9962326348010361,0.2846715328467153,0.4153211954654758
SUPPORTIVE_POST_PRIMARY_READ_ONLY,aishell5,Eval2,learned,raw448,raw_cfg_low_packet_gated,A5E2_009,own_minimum_cpcer_assignment,True,220,3072,6657,2845,7,3592,6444,2.09765625,0.07161458333333333,0.03304791948325071
SUPPORTIVE_POST_PRIMARY_READ_ONLY,aishell5,Eval2,learned,guard448,guarded_cfg_low_packet_gated,A5E2_009,own_minimum_cpcer_assignment,True,573,3072,2004,868,1631,563,3062,0.9967447916666666,0.1865234375,0.28592814371257486
SUPPORTIVE_POST_PRIMARY_READ_ONLY,aishell5,Eval2,learned,cap224,control_cap224_cfg_low_packet_gated,A5E2_009,own_minimum_cpcer_assignment,True,516,3072,4228,2048,508,1664,4220,1.3736979166666667,0.16796875,0.12204351939451277
SUPPORTIVE_POST_PRIMARY_READ_ONLY,aishell5,Eval2,learned,cap224_guard,control_cap224_guarded_cfg_low_packet_gated,A5E2_009,own_minimum_cpcer_assignment,True,572,3072,1998,866,1634,560,3060,0.99609375,0.18619791666666666,0.2862862862862863
SUPPORTIVE_POST_PRIMARY_READ_ONLY,aishell5,Eval2,learned,cap224_fallback,control_cap224_fallback_cfg_low_packet_gated,A5E2_009,own_minimum_cpcer_assignment,True,598,3072,2133,950,1524,585,3059,0.9957682291666666,0.19466145833333334,0.2803563056727614
SUPPORTIVE_POST_PRIMARY_READ_ONLY,aishell5,Eval2,learned,cap224_fallback_guard,control_cap224_fallback_guarded_cfg_low_packet_gated,A5E2_009,own_minimum_cpcer_assignment,True,598,3072,2133,950,1524,585,3059,0.9957682291666666,0.19466145833333334,0.2803563056727614
SUPPORTIVE_POST_PRIMARY_READ_ONLY,aishell5,Eval2,learned,cap224_compression_abstention,control_cap224_cr24_abstain_cfg_low_packet_gated,A5E2_009,own_minimum_cpcer_assignment,True,555,3072,1697,738,1779,404,2921,0.9508463541666666,0.1806640625,0.3270477312905127
SUPPORTIVE_POST_PRIMARY_READ_ONLY,aishell5,Eval2,public,raw448,raw_public_sortformer_v2_low_packet_gated,A5E2_009,own_minimum_cpcer_assignment,True,522,3072,5587,2210,340,2855,5405,1.7594401041666667,0.169921875,0.09343117952389475
SUPPORTIVE_POST_PRIMARY_READ_ONLY,aishell5,Eval2,public,guard448,guarded_public_sortformer_v2_low_packet_gated,A5E2_009,own_minimum_cpcer_assignment,True,613,3072,1793,843,1616,337,2796,0.91015625,0.19954427083333334,0.3418851087562744
SUPPORTIVE_POST_PRIMARY_READ_ONLY,aishell5,Eval2,public,cap224,control_cap224_public_sortformer_v2_low_packet_gated,A5E2_009,own_minimum_cpcer_assignment,True,544,3072,3594,1824,704,1226,3754,1.2220052083333333,0.17708333333333334,0.15136338341680577
SUPPORTIVE_POST_PRIMARY_READ_ONLY,aishell5,Eval2,public,cap224_guard,control_cap224_guarded_public_sortformer_v2_low_packet_gated,A5E2_009,own_minimum_cpcer_assignment,True,613,3072,1799,849,1610,337,2796,0.91015625,0.19954427083333334,0.3407448582545859
SUPPORTIVE_POST_PRIMARY_READ_ONLY,aishell5,Eval2,public,cap224_fallback,control_cap224_fallback_public_sortformer_v2_low_packet_gated,A5E2_009,own_minimum_cpcer_assignment,True,642,3072,2100,976,1454,482,2912,0.9479166666666666,0.208984375,0.3057142857142857
SUPPORTIVE_POST_PRIMARY_READ_ONLY,aishell5,Eval2,public,cap224_fallback_guard,control_cap224_fallback_guarded_public_sortformer_v2_low_packet_gated,A5E2_009,own_minimum_cpcer_assignment,True,642,3072,2100,976,1454,482,2912,0.9479166666666666,0.208984375,0.3057142857142857
SUPPORTIVE_POST_PRIMARY_READ_ONLY,aishell5,Eval2,public,cap224_compression_abstention,control_cap224_cr24_abstain_public_sortformer_v2_low_packet_gated,A5E2_009,own_minimum_cpcer_assignment,True,599,3072,1530,795,1678,136,2609,0.8492838541666666,0.19498697916666666,0.3915032679738562
SUPPORTIVE_POST_PRIMARY_READ_ONLY,aishell5,Eval2,learned,raw448,raw_cfg_low_packet_gated,A5E2_010,own_minimum_cpcer_assignment,True,614,4241,9458,3430,197,5414,9041,2.131808535722707,0.1447771751945296,0.06491858743920491
SUPPORTIVE_POST_PRIMARY_READ_ONLY,aishell5,Eval2,learned,guard448,guarded_cfg_low_packet_gated,A5E2_010,own_minimum_cpcer_assignment,True,1253,4241,3523,659,2329,1611,4599,1.0844140532893185,0.2954491865126149,0.3556627873971047
SUPPORTIVE_POST_PRIMARY_READ_ONLY,aishell5,Eval2,learned,cap224,control_cap224_cfg_low_packet_gated,A5E2_010,own_minimum_cpcer_assignment,True,811,4241,6276,2082,1348,3383,6813,1.606460740391417,0.19122848384814903,0.12922243467176545
SUPPORTIVE_POST_PRIMARY_READ_ONLY,aishell5,Eval2,learned,cap224_guard,control_cap224_guarded_cfg_low_packet_gated,A5E2_010,own_minimum_cpcer_assignment,True,1253,4241,3464,659,2329,1552,4540,1.0705022400377269,0.2954491865126149,0.3617205542725173
SUPPORTIVE_POST_PRIMARY_READ_ONLY,aishell5,Eval2,learned,cap224_fallback,control_cap224_fallback_cfg_low_packet_gated,A5E2_010,own_minimum_cpcer_assignment,True,1211,4241,3357,690,2340,1456,4486,1.0577693940108466,0.28554586182504127,0.3607387548406315
SUPPORTIVE_POST_PRIMARY_READ_ONLY,aishell5,Eval2,learned,cap224_fallback_guard,control_cap224_fallback_guarded_cfg_low_packet_gated,A5E2_010,own_minimum_cpcer_assignment,True,1211,4241,3357,690,2340,1456,4486,1.0577693940108466,0.28554586182504127,0.3607387548406315
SUPPORTIVE_POST_PRIMARY_READ_ONLY,aishell5,Eval2,learned,cap224_compression_abstention,control_cap224_cr24_abstain_cfg_low_packet_gated,A5E2_010,own_minimum_cpcer_assignment,True,1184,4241,2958,577,2480,1197,4254,1.003065314784249,0.279179438811601,0.4002704530087897
SUPPORTIVE_POST_PRIMARY_READ_ONLY,aishell5,Eval2,public,raw448,raw_public_sortformer_v2_low_packet_gated,A5E2_010,own_minimum_cpcer_assignment,True,724,4241,11257,3173,344,7360,10877,2.5647253006366424,0.17071445413817496,0.06431553699920049
SUPPORTIVE_POST_PRIMARY_READ_ONLY,aishell5,Eval2,public,guard448,guarded_public_sortformer_v2_low_packet_gated,A5E2_010,own_minimum_cpcer_assignment,True,1311,4241,3640,716,2214,1613,4543,1.0712096203725536,0.3091252063192643,0.36016483516483516
SUPPORTIVE_POST_PRIMARY_READ_ONLY,aishell5,Eval2,public,cap224,control_cap224_public_sortformer_v2_low_packet_gated,A5E2_010,own_minimum_cpcer_assignment,True,1184,4241,7202,1618,1439,4400,7457,1.7583117189342137,0.279179438811601,0.16439877811718967
SUPPORTIVE_POST_PRIMARY_READ_ONLY,aishell5,Eval2,public,cap224_guard,control_cap224_guarded_public_sortformer_v2_low_packet_gated,A5E2_010,own_minimum_cpcer_assignment,True,1309,4241,3636,715,2217,1612,4544,1.0714454138174958,0.30865361942937986,0.36001100110011003
SUPPORTIVE_POST_PRIMARY_READ_ONLY,aishell5,Eval2,public,cap224_fallback,control_cap224_fallback_public_sortformer_v2_low_packet_gated,A5E2_010,own_minimum_cpcer_assignment,True,1405,4241,3909,812,2024,1692,4528,1.0676727186984203,0.33128979014383403,0.3594269634177539
SUPPORTIVE_POST_PRIMARY_READ_ONLY,aishell5,Eval2,public,cap224_fallback_guard,control_cap224_fallback_guarded_public_sortformer_v2_low_packet_gated,A5E2_010,own_minimum_cpcer_assignment,True,1405,4241,3909,812,2024,1692,4528,1.0676727186984203,0.33128979014383403,0.3594269634177539
SUPPORTIVE_POST_PRIMARY_READ_ONLY,aishell5,Eval2,public,cap224_compression_abstention,control_cap224_cr24_abstain_public_sortformer_v2_low_packet_gated,A5E2_010,own_minimum_cpcer_assignment,True,1204,4241,3032,560,2477,1268,4305,1.0150907804763027,0.28389530771044563,0.3970976253298153
SUPPORTIVE_POST_PRIMARY_READ_ONLY,aishell5,Eval2,learned,raw448,raw_cfg_low_packet_gated,A5E2_011,own_minimum_cpcer_assignment,True,560,3330,10302,2565,205,7177,9947,2.987087087087087,0.16816816816816818,0.054358377014172
SUPPORTIVE_POST_PRIMARY_READ_ONLY,aishell5,Eval2,learned,guard448,guarded_cfg_low_packet_gated,A5E2_011,own_minimum_cpcer_assignment,True,674,3330,2629,1054,1602,901,3557,1.068168168168168,0.2024024024024024,0.25637124381894255
SUPPORTIVE_POST_PRIMARY_READ_ONLY,aishell5,Eval2,learned,cap224,control_cap224_cfg_low_packet_gated,A5E2_011,own_minimum_cpcer_assignment,True,755,3330,6218,1753,822,3710,6285,1.8873873873873874,0.22672672672672672,0.12142167899646189
SUPPORTIVE_POST_PRIMARY_READ_ONLY,aishell5,Eval2,learned,cap224_guard,control_cap224_guarded_cfg_low_packet_gated,A5E2_011,own_minimum_cpcer_assignment,True,676,3330,2639,1056,1598,907,3561,1.0693693693693693,0.203003003003003,0.2561576354679803
SUPPORTIVE_POST_PRIMARY_READ_ONLY,aishell5,Eval2,learned,cap224_fallback,control_cap224_fallback_cfg_low_packet_gated,A5E2_011,own_minimum_cpcer_assignment,True,946,3330,2772,726,1658,1100,3484,1.0462462462462463,0.2840840840840841,0.3412698412698413
SUPPORTIVE_POST_PRIMARY_READ_ONLY,aishell5,Eval2,learned,cap224_fallback_guard,control_cap224_fallback_guarded_cfg_low_packet_gated,A5E2_011,own_minimum_cpcer_assignment,True,946,3330,2731,685,1699,1100,3484,1.0462462462462463,0.2840840840840841,0.3463932625411937
SUPPORTIVE_POST_PRIMARY_READ_ONLY,aishell5,Eval2,learned,cap224_compression_abstention,control_cap224_cr24_abstain_cfg_low_packet_gated,A5E2_011,own_minimum_cpcer_assignment,True,765,3330,2113,607,1958,741,3306,0.9927927927927928,0.22972972972972974,0.36204448651206816
SUPPORTIVE_POST_PRIMARY_READ_ONLY,aishell5,Eval2,public,raw448,raw_public_sortformer_v2_low_packet_gated,A5E2_011,own_minimum_cpcer_assignment,True,342,3330,7833,2941,47,4550,7538,2.263663663663664,0.10270270270270271,0.043661432401378784
SUPPORTIVE_POST_PRIMARY_READ_ONLY,aishell5,Eval2,public,guard448,guarded_public_sortformer_v2_low_packet_gated,A5E2_011,own_minimum_cpcer_assignment,True,813,3330,2357,602,1915,942,3459,1.0387387387387388,0.24414414414414415,0.34492999575731864
SUPPORTIVE_POST_PRIMARY_READ_ONLY,aishell5,Eval2,public,cap224,control_cap224_public_sortformer_v2_low_packet_gated,A5E2_011,own_minimum_cpcer_assignment,True,555,3330,4787,1953,822,2279,5054,1.5177177177177177,0.16666666666666666,0.11593900146229372
SUPPORTIVE_POST_PRIMARY_READ_ONLY,aishell5,Eval2,public,cap224_guard,control_cap224_guarded_public_sortformer_v2_low_packet_gated,A5E2_011,own_minimum_cpcer_assignment,True,813,3330,2333,602,1915,918,3435,1.0315315315315314,0.24414414414414415,0.34847835405057864
SUPPORTIVE_POST_PRIMARY_READ_ONLY,aishell5,Eval2,public,cap224_fallback,control_cap224_fallback_public_sortformer_v2_low_packet_gated,A5E2_011,own_minimum_cpcer_assignment,True,870,3330,2780,838,1622,1072,3532,1.0606606606606606,0.26126126126126126,0.3129496402877698
SUPPORTIVE_POST_PRIMARY_READ_ONLY,aishell5,Eval2,public,cap224_fallback_guard,control_cap224_fallback_guarded_public_sortformer_v2_low_packet_gated,A5E2_011,own_minimum_cpcer_assignment,True,870,3330,2739,797,1663,1072,3532,1.0606606606606606,0.26126126126126126,0.3176341730558598
SUPPORTIVE_POST_PRIMARY_READ_ONLY,aishell5,Eval2,public,cap224_compression_abstention,control_cap224_cr24_abstain_public_sortformer_v2_low_packet_gated,A5E2_011,own_minimum_cpcer_assignment,True,707,3330,1737,510,2113,520,3143,0.9438438438438439,0.21231231231231232,0.40702360391479564
SUPPORTIVE_POST_PRIMARY_READ_ONLY,aishell5,Eval2,learned,raw448,raw_cfg_low_packet_gated,A5E2_012,own_minimum_cpcer_assignment,True,641,3770,9609,3025,104,5943,9072,2.406366047745358,0.170026525198939,0.06670829430742013
SUPPORTIVE_POST_PRIMARY_READ_ONLY,aishell5,Eval2,learned,guard448,guarded_cfg_low_packet_gated,A5E2_012,own_minimum_cpcer_assignment,True,755,3770,1967,929,2086,283,3298,0.8748010610079575,0.2002652519893899,0.38383324860193185
SUPPORTIVE_POST_PRIMARY_READ_ONLY,aishell5,Eval2,learned,cap224,control_cap224_cfg_low_packet_gated,A5E2_012,own_minimum_cpcer_assignment,True,627,3770,5619,2990,153,2002,5145,1.3647214854111407,0.16631299734748012,0.11158569140416444
SUPPORTIVE_POST_PRIMARY_READ_ONLY,aishell5,Eval2,learned,cap224_guard,control_cap224_guarded_cfg_low_packet_gated,A5E2_012,own_minimum_cpcer_assignment,True,758,3770,1975,932,2080,285,3297,0.8745358090185676,0.20106100795755968,0.3837974683544304
SUPPORTIVE_POST_PRIMARY_READ_ONLY,aishell5,Eval2,learned,cap224_fallback,control_cap224_fallback_cfg_low_packet_gated,A5E2_012,own_minimum_cpcer_assignment,True,737,3770,2233,1188,1845,308,3341,0.8862068965517241,0.19549071618037137,0.33004926108374383
SUPPORTIVE_POST_PRIMARY_READ_ONLY,aishell5,Eval2,learned,cap224_fallback_guard,control_cap224_fallback_guarded_cfg_low_packet_gated,A5E2_012,own_minimum_cpcer_assignment,True,733,3770,2033,1010,2027,290,3327,0.8824933687002653,0.19442970822281166,0.3605509099852435
SUPPORTIVE_POST_PRIMARY_READ_ONLY,aishell5,Eval2,learned,cap224_compression_abstention,control_cap224_cr24_abstain_cfg_low_packet_gated,A5E2_012,own_minimum_cpcer_assignment,True,598,3770,1556,701,2471,257,3429,0.9095490716180371,0.15862068965517243,0.38431876606683807
SUPPORTIVE_POST_PRIMARY_READ_ONLY,aishell5,Eval2,public,raw448,raw_public_sortformer_v2_low_packet_gated,A5E2_012,own_minimum_cpcer_assignment,True,597,3770,8063,3001,172,4465,7638,2.0259946949602123,0.1583554376657825,0.07404191988093761
SUPPORTIVE_POST_PRIMARY_READ_ONLY,aishell5,Eval2,public,guard448,guarded_public_sortformer_v2_low_packet_gated,A5E2_012,own_minimum_cpcer_assignment,True,721,3770,1971,920,2129,330,3379,0.8962864721485411,0.19124668435013262,0.36580416032470825
SUPPORTIVE_POST_PRIMARY_READ_ONLY,aishell5,Eval2,public,cap224,control_cap224_public_sortformer_v2_low_packet_gated,A5E2_012,own_minimum_cpcer_assignment,True,601,3770,4961,2684,485,1676,4845,1.2851458885941645,0.15941644562334217,0.12114493045756904
SUPPORTIVE_POST_PRIMARY_READ_ONLY,aishell5,Eval2,public,cap224_guard,control_cap224_guarded_public_sortformer_v2_low_packet_gated,A5E2_012,own_minimum_cpcer_assignment,True,722,3770,1975,923,2125,330,3378,0.8960212201591512,0.19151193633952254,0.3655696202531646
SUPPORTIVE_POST_PRIMARY_READ_ONLY,aishell5,Eval2,public,cap224_fallback,control_cap224_fallback_public_sortformer_v2_low_packet_gated,A5E2_012,own_minimum_cpcer_assignment,True,732,3770,2173,1130,1908,311,3349,0.8883289124668435,0.19416445623342174,0.3368614818223654
SUPPORTIVE_POST_PRIMARY_READ_ONLY,aishell5,Eval2,public,cap224_fallback_guard,control_cap224_fallback_guarded_public_sortformer_v2_low_packet_gated,A5E2_012,own_minimum_cpcer_assignment,True,734,3770,2100,1055,1981,311,3347,0.8877984084880637,0.1946949602122016,0.3495238095238095
SUPPORTIVE_POST_PRIMARY_READ_ONLY,aishell5,Eval2,public,cap224_compression_abstention,control_cap224_cr24_abstain_public_sortformer_v2_low_packet_gated,A5E2_012,own_minimum_cpcer_assignment,True,680,3770,1801,822,2268,299,3389,0.8989389920424403,0.18037135278514588,0.3775680177679067
SUPPORTIVE_POST_PRIMARY_READ_ONLY,aishell5,Eval2,learned,raw448,raw_cfg_low_packet_gated,A5E2_013,own_minimum_cpcer_assignment,True,1046,3524,10329,1979,499,7304,9782,2.775822928490352,0.29682179341657206,0.10126827379223545
SUPPORTIVE_POST_PRIMARY_READ_ONLY,aishell5,Eval2,learned,guard448,guarded_cfg_low_packet_gated,A5E2_013,own_minimum_cpcer_assignment,True,402,3524,4926,2935,187,1589,4711,1.33683314415437,0.11407491486946651,0.08160779537149818
SUPPORTIVE_POST_PRIMARY_READ_ONLY,aishell5,Eval2,learned,cap224,control_cap224_cfg_low_packet_gated,A5E2_013,own_minimum_cpcer_assignment,True,1164,3524,6731,1661,699,3906,6266,1.7780930760499432,0.33030646992054485,0.1729312137869559
SUPPORTIVE_POST_PRIMARY_READ_ONLY,aishell5,Eval2,learned,cap224_guard,control_cap224_guarded_cfg_low_packet_gated,A5E2_013,own_minimum_cpcer_assignment,True,1274,3524,4270,1158,1092,1838,4088,1.1600454029511917,0.3615209988649262,0.2983606557377049
SUPPORTIVE_POST_PRIMARY_READ_ONLY,aishell5,Eval2,learned,cap224_fallback,control_cap224_fallback_cfg_low_packet_gated,A5E2_013,own_minimum_cpcer_assignment,True,1481,3524,3966,786,1257,1699,3742,1.0618615209988649,0.420261066969353,0.3734241048915784
SUPPORTIVE_POST_PRIMARY_READ_ONLY,aishell5,Eval2,learned,cap224_fallback_guard,control_cap224_fallback_guarded_cfg_low_packet_gated,A5E2_013,own_minimum_cpcer_assignment,True,1481,3524,3946,786,1257,1679,3722,1.0561861520998865,0.420261066969353,0.37531677648251394
SUPPORTIVE_POST_PRIMARY_READ_ONLY,aishell5,Eval2,learned,cap224_compression_abstention,control_cap224_cr24_abstain_cfg_low_packet_gated,A5E2_013,own_minimum_cpcer_assignment,True,1337,3524,3084,655,1532,1092,3279,0.9304767309875142,0.3793984108967083,0.4335278858625162
SUPPORTIVE_POST_PRIMARY_READ_ONLY,aishell5,Eval2,public,raw448,raw_public_sortformer_v2_low_packet_gated,A5E2_013,own_minimum_cpcer_assignment,True,1092,3524,6460,1513,919,3855,6287,1.7840522133938705,0.3098751418842225,0.16904024767801856
SUPPORTIVE_POST_PRIMARY_READ_ONLY,aishell5,Eval2,public,guard448,guarded_public_sortformer_v2_low_packet_gated,A5E2_013,own_minimum_cpcer_assignment,True,1303,3524,3119,838,1383,978,3199,0.9077752553916004,0.36975028376844493,0.4177621032382174
SUPPORTIVE_POST_PRIMARY_READ_ONLY,aishell5,Eval2,public,cap224,control_cap224_public_sortformer_v2_low_packet_gated,A5E2_013,own_minimum_cpcer_assignment,True,1215,3524,4540,1151,1158,2174,4483,1.272133938706016,0.3447786606129398,0.26762114537444937
SUPPORTIVE_POST_PRIMARY_READ_ONLY,aishell5,Eval2,public,cap224_guard,control_cap224_guarded_public_sortformer_v2_low_packet_gated,A5E2_013,own_minimum_cpcer_assignment,True,1292,3524,2886,853,1379,741,2973,0.8436435868331441,0.36662883087400683,0.44767844767844767
SUPPORTIVE_POST_PRIMARY_READ_ONLY,aishell5,Eval2,public,cap224_fallback,control_cap224_fallback_public_sortformer_v2_low_packet_gated,A5E2_013,own_minimum_cpcer_assignment,True,1357,3524,2830,651,1516,822,2989,0.8481838819523269,0.38507377979568674,0.47950530035335687
SUPPORTIVE_POST_PRIMARY_READ_ONLY,aishell5,Eval2,public,cap224_fallback_guard,control_cap224_fallback_guarded_public_sortformer_v2_low_packet_gated,A5E2_013,own_minimum_cpcer_assignment,True,1357,3524,2830,651,1516,822,2989,0.8481838819523269,0.38507377979568674,0.47950530035335687
SUPPORTIVE_POST_PRIMARY_READ_ONLY,aishell5,Eval2,public,cap224_compression_abstention,control_cap224_cr24_abstain_public_sortformer_v2_low_packet_gated,A5E2_013,own_minimum_cpcer_assignment,True,1338,3524,2417,631,1555,448,2634,0.7474460839954598,0.3796821793416572,0.5535788167149359
SUPPORTIVE_POST_PRIMARY_READ_ONLY,aishell5,Eval2,learned,raw448,raw_cfg_low_packet_gated,A5E2_014,own_minimum_cpcer_assignment,True,776,4028,11906,3042,210,8088,11340,2.8152929493545185,0.1926514399205561,0.06517722156895683
SUPPORTIVE_POST_PRIMARY_READ_ONLY,aishell5,Eval2,learned,guard448,guarded_cfg_low_packet_gated,A5E2_014,own_minimum_cpcer_assignment,True,1075,4028,3303,1162,1791,1066,4019,0.9977656405163853,0.26688182720953324,0.32546170148349984
SUPPORTIVE_POST_PRIMARY_READ_ONLY,aishell5,Eval2,learned,cap224,control_cap224_cfg_low_packet_gated,A5E2_014,own_minimum_cpcer_assignment,True,750,4028,7319,2902,376,3667,6945,1.7241807348560079,0.1861966236345581,0.10247301543926766
SUPPORTIVE_POST_PRIMARY_READ_ONLY,aishell5,Eval2,learned,cap224_guard,control_cap224_guarded_cfg_low_packet_gated,A5E2_014,own_minimum_cpcer_assignment,True,1076,4028,3300,1161,1791,1063,4015,0.996772591857001,0.2671300893743793,0.32606060606060605
SUPPORTIVE_POST_PRIMARY_READ_ONLY,aishell5,Eval2,learned,cap224_fallback,control_cap224_fallback_cfg_low_packet_gated,A5E2_014,own_minimum_cpcer_assignment,True,1355,4028,3546,761,1912,1430,4103,1.0186196623634558,0.33639523336643495,0.38212069937958265
SUPPORTIVE_POST_PRIMARY_READ_ONLY,aishell5,Eval2,learned,cap224_fallback_guard,control_cap224_fallback_guarded_cfg_low_packet_gated,A5E2_014,own_minimum_cpcer_assignment,True,1355,4028,3514,761,1912,1398,4071,1.0106752730883812,0.33639523336643495,0.38560045532157083
SUPPORTIVE_POST_PRIMARY_READ_ONLY,aishell5,Eval2,learned,cap224_compression_abstention,control_cap224_cr24_abstain_cfg_low_packet_gated,A5E2_014,own_minimum_cpcer_assignment,True,880,4028,2575,1011,2137,684,3832,0.9513406156901688,0.21847070506454816,0.341747572815534
SUPPORTIVE_POST_PRIMARY_READ_ONLY,aishell5,Eval2,public,raw448,raw_public_sortformer_v2_low_packet_gated,A5E2_014,own_minimum_cpcer_assignment,True,837,4028,6788,2690,501,3261,6452,1.6017874875868918,0.20779543197616684,0.123305833824396
SUPPORTIVE_POST_PRIMARY_READ_ONLY,aishell5,Eval2,public,guard448,guarded_public_sortformer_v2_low_packet_gated,A5E2_014,own_minimum_cpcer_assignment,True,1331,4028,3114,648,2049,1135,3832,0.9513406156901688,0.3304369414101291,0.42742453436095057
SUPPORTIVE_POST_PRIMARY_READ_ONLY,aishell5,Eval2,public,cap224,control_cap224_public_sortformer_v2_low_packet_gated,A5E2_014,own_minimum_cpcer_assignment,True,1092,4028,4765,1667,1269,2006,4942,1.2269116186693148,0.2711022840119166,0.2291710388247639
SUPPORTIVE_POST_PRIMARY_READ_ONLY,aishell5,Eval2,public,cap224_guard,control_cap224_guarded_public_sortformer_v2_low_packet_gated,A5E2_014,own_minimum_cpcer_assignment,True,1331,4028,3119,648,2049,1140,3837,0.9525819265143992,0.3304369414101291,0.42673933953190124
SUPPORTIVE_POST_PRIMARY_READ_ONLY,aishell5,Eval2,public,cap224_fallback,control_cap224_fallback_public_sortformer_v2_low_packet_gated,A5E2_014,own_minimum_cpcer_assignment,True,1334,4028,3436,958,1736,1144,3838,0.9528301886792453,0.3311817279046673,0.3882421420256112
SUPPORTIVE_POST_PRIMARY_READ_ONLY,aishell5,Eval2,public,cap224_fallback_guard,control_cap224_fallback_guarded_public_sortformer_v2_low_packet_gated,A5E2_014,own_minimum_cpcer_assignment,True,1334,4028,3424,952,1742,1138,3832,0.9513406156901688,0.3311817279046673,0.38960280373831774
SUPPORTIVE_POST_PRIMARY_READ_ONLY,aishell5,Eval2,public,cap224_compression_abstention,control_cap224_cr24_abstain_public_sortformer_v2_low_packet_gated,A5E2_014,own_minimum_cpcer_assignment,True,1263,4028,2662,566,2199,833,3598,0.8932472691161867,0.31355511420059584,0.47445529676934634
SUPPORTIVE_POST_PRIMARY_READ_ONLY,aishell5,Eval2,learned,raw448,raw_cfg_low_packet_gated,A5E2_015,own_minimum_cpcer_assignment,True,898,3216,9177,2006,312,6273,8591,2.6713308457711444,0.27922885572139305,0.09785332897461044
SUPPORTIVE_POST_PRIMARY_READ_ONLY,aishell5,Eval2,learned,guard448,guarded_cfg_low_packet_gated,A5E2_015,own_minimum_cpcer_assignment,True,1005,3216,2767,785,1426,977,3188,0.9912935323383084,0.3125,0.36320925189736175
SUPPORTIVE_POST_PRIMARY_READ_ONLY,aishell5,Eval2,learned,cap224,control_cap224_cfg_low_packet_gated,A5E2_015,own_minimum_cpcer_assignment,True,889,3216,5728,1748,579,3091,5418,1.6847014925373134,0.2764303482587065,0.15520251396648044
SUPPORTIVE_POST_PRIMARY_READ_ONLY,aishell5,Eval2,learned,cap224_guard,control_cap224_guarded_cfg_low_packet_gated,A5E2_015,own_minimum_cpcer_assignment,True,1005,3216,2741,785,1426,951,3162,0.9832089552238806,0.3125,0.3666545056548705
SUPPORTIVE_POST_PRIMARY_READ_ONLY,aishell5,Eval2,learned,cap224_fallback,control_cap224_fallback_cfg_low_packet_gated,A5E2_015,own_minimum_cpcer_assignment,True,1027,3216,3090,811,1378,1252,3441,1.069962686567164,0.3193407960199005,0.33236245954692556
SUPPORTIVE_POST_PRIMARY_READ_ONLY,aishell5,Eval2,learned,cap224_fallback_guard,control_cap224_fallback_guarded_cfg_low_packet_gated,A5E2_015,own_minimum_cpcer_assignment,True,1027,3216,3090,811,1378,1252,3441,1.069962686567164,0.3193407960199005,0.33236245954692556
SUPPORTIVE_POST_PRIMARY_READ_ONLY,aishell5,Eval2,learned,cap224_compression_abstention,control_cap224_cr24_abstain_cfg_low_packet_gated,A5E2_015,own_minimum_cpcer_assignment,True,834,3216,2201,611,1771,756,3138,0.9757462686567164,0.2593283582089552,0.37891867333030443
SUPPORTIVE_POST_PRIMARY_READ_ONLY,aishell5,Eval2,public,raw448,raw_public_sortformer_v2_low_packet_gated,A5E2_015,own_minimum_cpcer_assignment,True,743,3216,8001,2281,192,4977,7450,2.316542288557214,0.2310323383084577,0.0928633920759905
SUPPORTIVE_POST_PRIMARY_READ_ONLY,aishell5,Eval2,public,guard448,guarded_public_sortformer_v2_low_packet_gated,A5E2_015,own_minimum_cpcer_assignment,True,941,3216,2504,728,1547,835,3110,0.9670398009950248,0.29259950248756217,0.3757987220447284
SUPPORTIVE_POST_PRIMARY_READ_ONLY,aishell5,Eval2,public,cap224,control_cap224_public_sortformer_v2_low_packet_gated,A5E2_015,own_minimum_cpcer_assignment,True,799,3216,5063,1955,462,2309,4726,1.4695273631840795,0.2484452736318408,0.15781157416551453
SUPPORTIVE_POST_PRIMARY_READ_ONLY,aishell5,Eval2,public,cap224_guard,control_cap224_guarded_public_sortformer_v2_low_packet_gated,A5E2_015,own_minimum_cpcer_assignment,True,933,3216,2419,721,1562,765,3048,0.9477611940298507,0.29011194029850745,0.38569656883009507
SUPPORTIVE_POST_PRIMARY_READ_ONLY,aishell5,Eval2,public,cap224_fallback,control_cap224_fallback_public_sortformer_v2_low_packet_gated,A5E2_015,own_minimum_cpcer_assignment,True,953,3216,2613,891,1372,769,3032,0.9427860696517413,0.29633084577114427,0.3647148871029468
SUPPORTIVE_POST_PRIMARY_READ_ONLY,aishell5,Eval2,public,cap224_fallback_guard,control_cap224_fallback_guarded_public_sortformer_v2_low_packet_gated,A5E2_015,own_minimum_cpcer_assignment,True,953,3216,2575,891,1372,731,2994,0.9309701492537313,0.29633084577114427,0.3700970873786408
SUPPORTIVE_POST_PRIMARY_READ_ONLY,aishell5,Eval2,public,cap224_compression_abstention,control_cap224_cr24_abstain_public_sortformer_v2_low_packet_gated,A5E2_015,own_minimum_cpcer_assignment,True,811,3216,2091,620,1785,660,3065,0.9530472636815921,0.25217661691542287,0.38785270205643235
SUPPORTIVE_POST_PRIMARY_READ_ONLY,aishell5,Eval2,learned,raw448,raw_cfg_low_packet_gated,A5E2_016,own_minimum_cpcer_assignment,True,359,2629,7893,2166,104,5368,7638,2.905287181437809,0.13655382274629135,0.045483339668060306
SUPPORTIVE_POST_PRIMARY_READ_ONLY,aishell5,Eval2,learned,guard448,guarded_cfg_low_packet_gated,A5E2_016,own_minimum_cpcer_assignment,True,536,2629,2328,960,1133,832,2925,1.112590338531761,0.20387980220616203,0.23024054982817868
SUPPORTIVE_POST_PRIMARY_READ_ONLY,aishell5,Eval2,learned,cap224,control_cap224_cfg_low_packet_gated,A5E2_016,own_minimum_cpcer_assignment,True,493,2629,5002,1812,324,2697,4833,1.8383415747432483,0.18752377329783187,0.09856057576969213
SUPPORTIVE_POST_PRIMARY_READ_ONLY,aishell5,Eval2,learned,cap224_guard,control_cap224_guarded_cfg_low_packet_gated,A5E2_016,own_minimum_cpcer_assignment,True,536,2629,2276,958,1135,782,2875,1.0935717002662608,0.20387980220616203,0.23550087873462214
SUPPORTIVE_POST_PRIMARY_READ_ONLY,aishell5,Eval2,learned,cap224_fallback,control_cap224_fallback_cfg_low_packet_gated,A5E2_016,own_minimum_cpcer_assignment,True,524,2629,2380,1103,1002,753,2858,1.0871053632559908,0.199315329022442,0.22016806722689075
SUPPORTIVE_POST_PRIMARY_READ_ONLY,aishell5,Eval2,learned,cap224_fallback_guard,control_cap224_fallback_guarded_cfg_low_packet_gated,A5E2_016,own_minimum_cpcer_assignment,True,524,2629,2380,1103,1002,753,2858,1.0871053632559908,0.199315329022442,0.22016806722689075
SUPPORTIVE_POST_PRIMARY_READ_ONLY,aishell5,Eval2,learned,cap224_compression_abstention,control_cap224_cr24_abstain_cfg_low_packet_gated,A5E2_016,own_minimum_cpcer_assignment,True,514,2629,2049,894,1221,641,2756,1.0483073411943704,0.19551160136934195,0.25085407515861396
SUPPORTIVE_POST_PRIMARY_READ_ONLY,aishell5,Eval2,public,raw448,raw_public_sortformer_v2_low_packet_gated,A5E2_016,own_minimum_cpcer_assignment,True,344,2629,7327,2220,65,4763,7048,2.6808672499049067,0.1308482312666413,0.046949638324007094
SUPPORTIVE_POST_PRIMARY_READ_ONLY,aishell5,Eval2,public,guard448,guarded_public_sortformer_v2_low_packet_gated,A5E2_016,own_minimum_cpcer_assignment,True,551,2629,2656,1122,956,983,3061,1.1643210346139217,0.20958539368581208,0.20745481927710843
SUPPORTIVE_POST_PRIMARY_READ_ONLY,aishell5,Eval2,public,cap224,control_cap224_public_sortformer_v2_low_packet_gated,A5E2_016,own_minimum_cpcer_assignment,True,488,2629,4889,1827,314,2574,4715,1.793457588436668,0.18562190947128185,0.0998159132746983
SUPPORTIVE_POST_PRIMARY_READ_ONLY,aishell5,Eval2,public,cap224_guard,control_cap224_guarded_public_sortformer_v2_low_packet_gated,A5E2_016,own_minimum_cpcer_assignment,True,551,2629,2651,1119,959,981,3059,1.1635602890833017,0.20958539368581208,0.20784609581290078
SUPPORTIVE_POST_PRIMARY_READ_ONLY,aishell5,Eval2,public,cap224_fallback,control_cap224_fallback_public_sortformer_v2_low_packet_gated,A5E2_016,own_minimum_cpcer_assignment,True,550,2629,2679,1121,958,1008,3087,1.1742107265119817,0.20920502092050208,0.20530048525569242
SUPPORTIVE_POST_PRIMARY_READ_ONLY,aishell5,Eval2,public,cap224_fallback_guard,control_cap224_fallback_guarded_public_sortformer_v2_low_packet_gated,A5E2_016,own_minimum_cpcer_assignment,True,550,2629,2679,1121,958,1008,3087,1.1742107265119817,0.20920502092050208,0.20530048525569242
SUPPORTIVE_POST_PRIMARY_READ_ONLY,aishell5,Eval2,public,cap224_compression_abstention,control_cap224_cr24_abstain_public_sortformer_v2_low_packet_gated,A5E2_016,own_minimum_cpcer_assignment,True,534,2629,2367,1075,1020,758,2853,1.0852034994294408,0.20311905667554203,0.2256020278833967
SUPPORTIVE_POST_PRIMARY_READ_ONLY,aishell5,Eval2,learned,raw448,raw_cfg_low_packet_gated,A5E2_017,own_minimum_cpcer_assignment,True,667,3154,10134,2287,200,7180,9667,3.064996829422955,0.21147748890298035,0.0658180382869548
SUPPORTIVE_POST_PRIMARY_READ_ONLY,aishell5,Eval2,learned,guard448,guarded_cfg_low_packet_gated,A5E2_017,own_minimum_cpcer_assignment,True,807,3154,2372,727,1620,838,3185,1.0098287888395687,0.25586556753329104,0.34021922428330525
SUPPORTIVE_POST_PRIMARY_READ_ONLY,aishell5,Eval2,learned,cap224,control_cap224_cfg_low_packet_gated,A5E2_017,own_minimum_cpcer_assignment,True,620,3154,6114,2329,205,3165,5699,1.8069118579581485,0.19657577679137603,0.10140660778541054
SUPPORTIVE_POST_PRIMARY_READ_ONLY,aishell5,Eval2,learned,cap224_guard,control_cap224_guarded_cfg_low_packet_gated,A5E2_017,own_minimum_cpcer_assignment,True,806,3154,2349,726,1622,817,3165,1.0034876347495245,0.25554850982878885,0.3431247339293316
SUPPORTIVE_POST_PRIMARY_READ_ONLY,aishell5,Eval2,learned,cap224_fallback,control_cap224_fallback_cfg_low_packet_gated,A5E2_017,own_minimum_cpcer_assignment,True,792,3154,2762,1049,1313,921,3283,1.0409004438807863,0.25110970196575777,0.28674873280231716
SUPPORTIVE_POST_PRIMARY_READ_ONLY,aishell5,Eval2,learned,cap224_fallback_guard,control_cap224_fallback_guarded_cfg_low_packet_gated,A5E2_017,own_minimum_cpcer_assignment,True,792,3154,2762,1049,1313,921,3283,1.0409004438807863,0.25110970196575777,0.28674873280231716
SUPPORTIVE_POST_PRIMARY_READ_ONLY,aishell5,Eval2,learned,cap224_compression_abstention,control_cap224_cr24_abstain_cfg_low_packet_gated,A5E2_017,own_minimum_cpcer_assignment,True,750,3154,2000,568,1836,682,3086,0.9784400760938491,0.23779327837666456,0.375
SUPPORTIVE_POST_PRIMARY_READ_ONLY,aishell5,Eval2,public,raw448,raw_public_sortformer_v2_low_packet_gated,A5E2_017,own_minimum_cpcer_assignment,True,621,3154,8020,2294,239,5105,7638,2.4216867469879517,0.19689283449587824,0.07743142144638404
SUPPORTIVE_POST_PRIMARY_READ_ONLY,aishell5,Eval2,public,guard448,guarded_public_sortformer_v2_low_packet_gated,A5E2_017,own_minimum_cpcer_assignment,True,811,3154,2466,759,1584,896,3239,1.0269499048826887,0.25713379835129996,0.3288726682887267
SUPPORTIVE_POST_PRIMARY_READ_ONLY,aishell5,Eval2,public,cap224,control_cap224_public_sortformer_v2_low_packet_gated,A5E2_017,own_minimum_cpcer_assignment,True,716,3154,5154,1749,689,2689,5127,1.6255548509828788,0.2270133164235891,0.13892122623205277
SUPPORTIVE_POST_PRIMARY_READ_ONLY,aishell5,Eval2,public,cap224_guard,control_cap224_guarded_public_sortformer_v2_low_packet_gated,A5E2_017,own_minimum_cpcer_assignment,True,813,3154,2452,751,1590,888,3229,1.0237793278376666,0.2577679137603044,0.3315660685154976
SUPPORTIVE_POST_PRIMARY_READ_ONLY,aishell5,Eval2,public,cap224_fallback,control_cap224_fallback_public_sortformer_v2_low_packet_gated,A5E2_017,own_minimum_cpcer_assignment,True,861,3154,2728,840,1453,1027,3320,1.0526315789473684,0.2729866835764109,0.3156158357771261
SUPPORTIVE_POST_PRIMARY_READ_ONLY,aishell5,Eval2,public,cap224_fallback_guard,control_cap224_fallback_guarded_public_sortformer_v2_low_packet_gated,A5E2_017,own_minimum_cpcer_assignment,True,861,3154,2728,840,1453,1027,3320,1.0526315789473684,0.2729866835764109,0.3156158357771261
SUPPORTIVE_POST_PRIMARY_READ_ONLY,aishell5,Eval2,public,cap224_compression_abstention,control_cap224_cr24_abstain_public_sortformer_v2_low_packet_gated,A5E2_017,own_minimum_cpcer_assignment,True,754,3154,2207,607,1793,846,3246,1.0291693088142042,0.23906150919467342,0.3416402356139556
SUPPORTIVE_POST_PRIMARY_READ_ONLY,aishell5,Eval2,learned,raw448,raw_cfg_low_packet_gated,A5E2_018,own_minimum_cpcer_assignment,True,1108,4144,11850,2497,539,8245,11281,2.722249034749035,0.2673745173745174,0.09350210970464135
SUPPORTIVE_POST_PRIMARY_READ_ONLY,aishell5,Eval2,learned,guard448,guarded_cfg_low_packet_gated,A5E2_018,own_minimum_cpcer_assignment,True,1382,4144,4680,1197,1565,2101,4863,1.173503861003861,0.3334942084942085,0.2952991452991453
SUPPORTIVE_POST_PRIMARY_READ_ONLY,aishell5,Eval2,learned,cap224,control_cap224_cfg_low_packet_gated,A5E2_018,own_minimum_cpcer_assignment,True,1341,4144,7608,1892,911,4375,7178,1.7321428571428572,0.3236003861003861,0.17626182965299683
SUPPORTIVE_POST_PRIMARY_READ_ONLY,aishell5,Eval2,learned,cap224_guard,control_cap224_guarded_cfg_low_packet_gated,A5E2_018,own_minimum_cpcer_assignment,True,1382,4144,4446,1197,1565,1867,4629,1.1170366795366795,0.3334942084942085,0.3108412055780477
SUPPORTIVE_POST_PRIMARY_READ_ONLY,aishell5,Eval2,learned,cap224_fallback,control_cap224_fallback_cfg_low_packet_gated,A5E2_018,own_minimum_cpcer_assignment,True,1465,4144,4198,1243,1436,1490,4169,1.0060328185328185,0.353523166023166,0.3489757027155789
SUPPORTIVE_POST_PRIMARY_READ_ONLY,aishell5,Eval2,learned,cap224_fallback_guard,control_cap224_fallback_guarded_cfg_low_packet_gated,A5E2_018,own_minimum_cpcer_assignment,True,1465,4144,4198,1243,1436,1490,4169,1.0060328185328185,0.353523166023166,0.3489757027155789
SUPPORTIVE_POST_PRIMARY_READ_ONLY,aishell5,Eval2,learned,cap224_compression_abstention,control_cap224_cr24_abstain_cfg_low_packet_gated,A5E2_018,own_minimum_cpcer_assignment,True,1310,4144,3212,1148,1686,754,3588,0.8658301158301158,0.3161196911196911,0.4078455790784558
SUPPORTIVE_POST_PRIMARY_READ_ONLY,aishell5,Eval2,public,raw448,raw_public_sortformer_v2_low_packet_gated,A5E2_018,own_minimum_cpcer_assignment,True,1392,4144,10958,1913,839,7653,10405,2.5108590733590734,0.3359073359073359,0.1270304800146012
SUPPORTIVE_POST_PRIMARY_READ_ONLY,aishell5,Eval2,public,guard448,guarded_public_sortformer_v2_low_packet_gated,A5E2_018,own_minimum_cpcer_assignment,True,1574,4144,4708,1131,1439,2003,4573,1.103523166023166,0.3798262548262548,0.3343245539507222
SUPPORTIVE_POST_PRIMARY_READ_ONLY,aishell5,Eval2,public,cap224,control_cap224_public_sortformer_v2_low_packet_gated,A5E2_018,own_minimum_cpcer_assignment,True,1538,4144,7300,1519,1087,4243,6849,1.6527509652509653,0.37113899613899615,0.2106849315068493
SUPPORTIVE_POST_PRIMARY_READ_ONLY,aishell5,Eval2,public,cap224_guard,control_cap224_guarded_public_sortformer_v2_low_packet_gated,A5E2_018,own_minimum_cpcer_assignment,True,1574,4144,4393,1131,1439,1688,4258,1.0275096525096525,0.3798262548262548,0.3582972911450034
SUPPORTIVE_POST_PRIMARY_READ_ONLY,aishell5,Eval2,public,cap224_fallback,control_cap224_fallback_public_sortformer_v2_low_packet_gated,A5E2_018,own_minimum_cpcer_assignment,True,1643,4144,4470,1150,1351,1677,4178,1.0082046332046333,0.396476833976834,0.3675615212527964
SUPPORTIVE_POST_PRIMARY_READ_ONLY,aishell5,Eval2,public,cap224_fallback_guard,control_cap224_fallback_guarded_public_sortformer_v2_low_packet_gated,A5E2_018,own_minimum_cpcer_assignment,True,1643,4144,4440,1150,1351,1647,4148,1.000965250965251,0.396476833976834,0.37004504504504504
SUPPORTIVE_POST_PRIMARY_READ_ONLY,aishell5,Eval2,public,cap224_compression_abstention,control_cap224_cr24_abstain_public_sortformer_v2_low_packet_gated,A5E2_018,own_minimum_cpcer_assignment,True,1486,4144,3466,1114,1544,866,3524,0.8503861003861004,0.35859073359073357,0.42873629544143105
SUPPORTIVE_POST_PRIMARY_READ_ONLY,misp2022,pooled,learned,raw448,raw_cfg_low_packet_gated,R01_S016017_C02_I1,own_minimum_cpcer_assignment,True,1337,6710,22676,5153,220,16186,21559,3.2129657228017883,0.1992548435171386,0.058961016052213794
SUPPORTIVE_POST_PRIMARY_READ_ONLY,misp2022,pooled,learned,guard448,guarded_cfg_low_packet_gated,R01_S016017_C02_I1,own_minimum_cpcer_assignment,True,1497,6710,6963,2392,2821,3074,8287,1.2350223546944858,0.22309985096870344,0.21499353726841877
SUPPORTIVE_POST_PRIMARY_READ_ONLY,misp2022,pooled,learned,cap224,control_cap224_cfg_low_packet_gated,R01_S016017_C02_I1,own_minimum_cpcer_assignment,True,1025,6710,14204,5403,282,7776,13461,2.0061102831594635,0.1527570789865872,0.07216277105040833
SUPPORTIVE_POST_PRIMARY_READ_ONLY,misp2022,pooled,learned,cap224_guard,control_cap224_guarded_cfg_low_packet_gated,R01_S016017_C02_I1,own_minimum_cpcer_assignment,True,1500,6710,6976,2400,2810,3076,8286,1.2348733233979137,0.22354694485842028,0.21502293577981652
SUPPORTIVE_POST_PRIMARY_READ_ONLY,misp2022,pooled,learned,cap224_fallback,control_cap224_fallback_cfg_low_packet_gated,R01_S016017_C02_I1,own_minimum_cpcer_assignment,True,1533,6710,7235,2649,2528,3053,8230,1.226527570789866,0.22846497764530552,0.21188666205943332
SUPPORTIVE_POST_PRIMARY_READ_ONLY,misp2022,pooled,learned,cap224_fallback_guard,control_cap224_fallback_guarded_cfg_low_packet_gated,R01_S016017_C02_I1,own_minimum_cpcer_assignment,True,1533,6710,7235,2649,2528,3053,8230,1.226527570789866,0.22846497764530552,0.21188666205943332
SUPPORTIVE_POST_PRIMARY_READ_ONLY,misp2022,pooled,learned,cap224_compression_abstention,control_cap224_cr24_abstain_cfg_low_packet_gated,R01_S016017_C02_I1,own_minimum_cpcer_assignment,True,1380,6710,5588,1938,3392,2270,7600,1.1326378539493294,0.20566318926974664,0.24695776664280603
SUPPORTIVE_POST_PRIMARY_READ_ONLY,misp2022,pooled,public,raw448,raw_public_sortformer_v2_low_packet_gated,R01_S016017_C02_I1,own_minimum_cpcer_assignment,True,1306,6710,18095,5274,130,11515,16919,2.521460506706408,0.1946348733233979,0.07217463387676154
SUPPORTIVE_POST_PRIMARY_READ_ONLY,misp2022,pooled,public,guard448,guarded_public_sortformer_v2_low_packet_gated,R01_S016017_C02_I1,own_minimum_cpcer_assignment,True,1178,6710,7501,3366,2166,2957,8489,1.2651266766020863,0.17555886736214604,0.15704572723636848
SUPPORTIVE_POST_PRIMARY_READ_ONLY,misp2022,pooled,public,cap224,control_cap224_public_sortformer_v2_low_packet_gated,R01_S016017_C02_I1,own_minimum_cpcer_assignment,True,1166,6710,12348,5308,236,5874,11418,1.701639344262295,0.1737704918032787,0.09442824748947198
SUPPORTIVE_POST_PRIMARY_READ_ONLY,misp2022,pooled,public,cap224_guard,control_cap224_guarded_public_sortformer_v2_low_packet_gated,R01_S016017_C02_I1,own_minimum_cpcer_assignment,True,1183,6710,7460,3331,2196,2946,8473,1.26274217585693,0.17630402384500746,0.15857908847184987
SUPPORTIVE_POST_PRIMARY_READ_ONLY,misp2022,pooled,public,cap224_fallback,control_cap224_fallback_public_sortformer_v2_low_packet_gated,R01_S016017_C02_I1,own_minimum_cpcer_assignment,True,1422,6710,7713,3227,2061,3064,8352,1.244709388971684,0.21192250372578242,0.18436406067677946
SUPPORTIVE_POST_PRIMARY_READ_ONLY,misp2022,pooled,public,cap224_fallback_guard,control_cap224_fallback_guarded_public_sortformer_v2_low_packet_gated,R01_S016017_C02_I1,own_minimum_cpcer_assignment,True,1422,6710,7713,3227,2061,3064,8352,1.244709388971684,0.21192250372578242,0.18436406067677946
SUPPORTIVE_POST_PRIMARY_READ_ONLY,misp2022,pooled,public,cap224_compression_abstention,control_cap224_cr24_abstain_public_sortformer_v2_low_packet_gated,R01_S016017_C02_I1,own_minimum_cpcer_assignment,True,1078,6710,6459,2863,2769,2518,8150,1.2146050670640836,0.16065573770491803,0.16689890075863137
SUPPORTIVE_POST_PRIMARY_READ_ONLY,misp2022,pooled,learned,raw448,raw_cfg_low_packet_gated,R02_S055056_C09_I1,own_minimum_cpcer_assignment,True,1110,7708,28924,6534,64,21280,27878,3.6167618059159317,0.14400622729631551,0.038376434794634214
SUPPORTIVE_POST_PRIMARY_READ_ONLY,misp2022,pooled,learned,guard448,guarded_cfg_low_packet_gated,R02_S055056_C09_I1,own_minimum_cpcer_assignment,True,718,7708,6650,4019,2971,1913,8903,1.1550337311883758,0.09314997405293202,0.10796992481203008
SUPPORTIVE_POST_PRIMARY_READ_ONLY,misp2022,pooled,learned,cap224,control_cap224_cfg_low_packet_gated,R02_S055056_C09_I1,own_minimum_cpcer_assignment,True,955,7708,16480,6678,75,8847,15600,2.0238713025428128,0.12389724961079399,0.057949029126213594
SUPPORTIVE_POST_PRIMARY_READ_ONLY,misp2022,pooled,learned,cap224_guard,control_cap224_guarded_cfg_low_packet_gated,R02_S055056_C09_I1,own_minimum_cpcer_assignment,True,769,7708,5978,3522,3417,1687,8626,1.11909704203425,0.09976647638816814,0.1286383405821345
SUPPORTIVE_POST_PRIMARY_READ_ONLY,misp2022,pooled,learned,cap224_fallback,control_cap224_fallback_cfg_low_packet_gated,R02_S055056_C09_I1,own_minimum_cpcer_assignment,True,604,7708,7064,4700,2404,1760,8864,1.1499740529320186,0.0783601453035807,0.0855039637599094
SUPPORTIVE_POST_PRIMARY_READ_ONLY,misp2022,pooled,learned,cap224_fallback_guard,control_cap224_fallback_guarded_cfg_low_packet_gated,R02_S055056_C09_I1,own_minimum_cpcer_assignment,True,591,7708,6592,4393,2724,1608,8725,1.1319408406850027,0.07667358588479502,0.08965412621359223
SUPPORTIVE_POST_PRIMARY_READ_ONLY,misp2022,pooled,learned,cap224_compression_abstention,control_cap224_cr24_abstain_cfg_low_packet_gated,R02_S055056_C09_I1,own_minimum_cpcer_assignment,True,643,7708,3641,2119,4946,879,7944,1.0306175402179554,0.08341982355993773,0.1765998352101071
SUPPORTIVE_POST_PRIMARY_READ_ONLY,misp2022,pooled,public,raw448,raw_public_sortformer_v2_low_packet_gated,R02_S055056_C09_I1,own_minimum_cpcer_assignment,True,1159,7708,33834,6498,51,26177,32726,4.245718733783082,0.15036325895173847,0.034255482650588163
SUPPORTIVE_POST_PRIMARY_READ_ONLY,misp2022,pooled,public,guard448,guarded_public_sortformer_v2_low_packet_gated,R02_S055056_C09_I1,own_minimum_cpcer_assignment,True,710,7708,6859,3823,3175,2326,9324,1.2096523092890503,0.0921120913336793,0.10351363172474122
SUPPORTIVE_POST_PRIMARY_READ_ONLY,misp2022,pooled,public,cap224,control_cap224_public_sortformer_v2_low_packet_gated,R02_S055056_C09_I1,own_minimum_cpcer_assignment,True,960,7708,18703,6698,50,11045,17793,2.308380902957966,0.12454592631032693,0.05132866385071914
SUPPORTIVE_POST_PRIMARY_READ_ONLY,misp2022,pooled,public,cap224_guard,control_cap224_guarded_public_sortformer_v2_low_packet_gated,R02_S055056_C09_I1,own_minimum_cpcer_assignment,True,909,7708,6173,2924,3875,2340,9139,1.185651271406331,0.11792942397509082,0.14725417139154381
SUPPORTIVE_POST_PRIMARY_READ_ONLY,misp2022,pooled,public,cap224_fallback,control_cap224_fallback_public_sortformer_v2_low_packet_gated,R02_S055056_C09_I1,own_minimum_cpcer_assignment,True,644,7708,6456,3706,3358,2106,9170,1.1896730669434354,0.08354955889984432,0.09975216852540272
SUPPORTIVE_POST_PRIMARY_READ_ONLY,misp2022,pooled,public,cap224_fallback_guard,control_cap224_fallback_guarded_public_sortformer_v2_low_packet_gated,R02_S055056_C09_I1,own_minimum_cpcer_assignment,True,752,7708,6253,3345,3611,2156,9112,1.1821484172288532,0.0975609756097561,0.12026227410842795
SUPPORTIVE_POST_PRIMARY_READ_ONLY,misp2022,pooled,public,cap224_compression_abstention,control_cap224_cr24_abstain_public_sortformer_v2_low_packet_gated,R02_S055056_C09_I1,own_minimum_cpcer_assignment,True,672,7708,3258,1484,5552,1102,8138,1.055786196159834,0.08718214841722885,0.20626151012891344
SUPPORTIVE_POST_PRIMARY_READ_ONLY,misp2022,pooled,learned,raw448,raw_cfg_low_packet_gated,R11_S189190191192_C10_I2,own_minimum_cpcer_assignment,True,782,6990,19104,6198,10,12124,18332,2.622603719599428,0.11187410586552217,0.04093383584589615
SUPPORTIVE_POST_PRIMARY_READ_ONLY,misp2022,pooled,learned,guard448,guarded_cfg_low_packet_gated,R11_S189190191192_C10_I2,own_minimum_cpcer_assignment,True,675,6990,2745,2053,4262,17,6332,0.9058655221745351,0.09656652360515021,0.2459016393442623
SUPPORTIVE_POST_PRIMARY_READ_ONLY,misp2022,pooled,learned,cap224,control_cap224_cfg_low_packet_gated,R11_S189190191192_C10_I2,own_minimum_cpcer_assignment,True,630,6990,10397,6350,10,3417,9777,1.3987124463519314,0.09012875536480687,0.06059440223141291
SUPPORTIVE_POST_PRIMARY_READ_ONLY,misp2022,pooled,learned,cap224_guard,control_cap224_guarded_cfg_low_packet_gated,R11_S189190191192_C10_I2,own_minimum_cpcer_assignment,True,675,6990,2603,1909,4406,19,6334,0.9061516452074392,0.09656652360515021,0.2593161736457933
SUPPORTIVE_POST_PRIMARY_READ_ONLY,misp2022,pooled,learned,cap224_fallback,control_cap224_fallback_cfg_low_packet_gated,R11_S189190191192_C10_I2,own_minimum_cpcer_assignment,True,528,6990,3060,2523,3939,9,6471,0.9257510729613734,0.07553648068669527,0.17254901960784313
SUPPORTIVE_POST_PRIMARY_READ_ONLY,misp2022,pooled,learned,cap224_fallback_guard,control_cap224_fallback_guarded_cfg_low_packet_gated,R11_S189190191192_C10_I2,own_minimum_cpcer_assignment,True,534,6990,2878,2335,4121,9,6465,0.924892703862661,0.07639484978540773,0.18554551772063932
SUPPORTIVE_POST_PRIMARY_READ_ONLY,misp2022,pooled,learned,cap224_compression_abstention,control_cap224_cr24_abstain_cfg_low_packet_gated,R11_S189190191192_C10_I2,own_minimum_cpcer_assignment,True,492,6990,1678,1183,5315,3,6501,0.9300429184549356,0.0703862660944206,0.2932061978545888
SUPPORTIVE_POST_PRIMARY_READ_ONLY,misp2022,pooled,public,raw448,raw_public_sortformer_v2_low_packet_gated,R11_S189190191192_C10_I2,own_minimum_cpcer_assignment,True,775,6990,18439,6204,11,11460,17675,2.528612303290415,0.11087267525035766,0.04203047887629481
SUPPORTIVE_POST_PRIMARY_READ_ONLY,misp2022,pooled,public,guard448,guarded_public_sortformer_v2_low_packet_gated,R11_S189190191192_C10_I2,own_minimum_cpcer_assignment,True,623,6990,3081,2449,3918,9,6376,0.9121602288984263,0.08912732474964234,0.20220707562479714
SUPPORTIVE_POST_PRIMARY_READ_ONLY,misp2022,pooled,public,cap224,control_cap224_public_sortformer_v2_low_packet_gated,R11_S189190191192_C10_I2,own_minimum_cpcer_assignment,True,600,6990,10003,6378,12,3025,9415,1.3469241773962803,0.08583690987124463,0.059982005398380486
SUPPORTIVE_POST_PRIMARY_READ_ONLY,misp2022,pooled,public,cap224_guard,control_cap224_guarded_public_sortformer_v2_low_packet_gated,R11_S189190191192_C10_I2,own_minimum_cpcer_assignment,True,648,6990,2767,2111,4231,8,6350,0.9084406294706724,0.0927038626609442,0.23418865196964223
SUPPORTIVE_POST_PRIMARY_READ_ONLY,misp2022,pooled,public,cap224_fallback,control_cap224_fallback_public_sortformer_v2_low_packet_gated,R11_S189190191192_C10_I2,own_minimum_cpcer_assignment,True,548,6990,2665,2109,4333,8,6450,0.9227467811158798,0.07839771101573677,0.20562851782363978
SUPPORTIVE_POST_PRIMARY_READ_ONLY,misp2022,pooled,public,cap224_fallback_guard,control_cap224_fallback_guarded_public_sortformer_v2_low_packet_gated,R11_S189190191192_C10_I2,own_minimum_cpcer_assignment,True,548,6990,2665,2109,4333,8,6450,0.9227467811158798,0.07839771101573677,0.20562851782363978
SUPPORTIVE_POST_PRIMARY_READ_ONLY,misp2022,pooled,public,cap224_compression_abstention,control_cap224_cr24_abstain_public_sortformer_v2_low_packet_gated,R11_S189190191192_C10_I2,own_minimum_cpcer_assignment,True,472,6990,1312,836,5682,4,6522,0.9330472103004291,0.06752503576537912,0.3597560975609756
SUPPORTIVE_POST_PRIMARY_READ_ONLY,misp2022,pooled,learned,raw448,raw_cfg_low_packet_gated,R14_S223224_C02_I2,own_minimum_cpcer_assignment,True,297,2167,8579,1858,12,6424,8294,3.8274111675126905,0.13705583756345177,0.034619419512763726
SUPPORTIVE_POST_PRIMARY_READ_ONLY,misp2022,pooled,learned,guard448,guarded_cfg_low_packet_gated,R14_S223224_C02_I2,own_minimum_cpcer_assignment,True,306,2167,2112,947,914,859,2720,1.2551915089986156,0.14120904476234425,0.14488636363636365
SUPPORTIVE_POST_PRIMARY_READ_ONLY,misp2022,pooled,learned,cap224,control_cap224_cfg_low_packet_gated,R14_S223224_C02_I2,own_minimum_cpcer_assignment,True,217,2167,5118,1945,5,2956,4906,2.263959390862944,0.10013844023996309,0.04239937475576397
SUPPORTIVE_POST_PRIMARY_READ_ONLY,misp2022,pooled,learned,cap224_guard,control_cap224_guarded_cfg_low_packet_gated,R14_S223224_C02_I2,own_minimum_cpcer_assignment,True,302,2167,2123,960,905,861,2726,1.2579603137978772,0.1393631748961698,0.14225153085256712
SUPPORTIVE_POST_PRIMARY_READ_ONLY,misp2022,pooled,learned,cap224_fallback,control_cap224_fallback_cfg_low_packet_gated,R14_S223224_C02_I2,own_minimum_cpcer_assignment,True,315,2167,1904,900,952,689,2541,1.1725888324873097,0.14536225196123673,0.16544117647058823
SUPPORTIVE_POST_PRIMARY_READ_ONLY,misp2022,pooled,learned,cap224_fallback_guard,control_cap224_fallback_guarded_cfg_low_packet_gated,R14_S223224_C02_I2,own_minimum_cpcer_assignment,True,315,2167,1904,900,952,689,2541,1.1725888324873097,0.14536225196123673,0.16544117647058823
SUPPORTIVE_POST_PRIMARY_READ_ONLY,misp2022,pooled,learned,cap224_compression_abstention,control_cap224_cr24_abstain_cfg_low_packet_gated,R14_S223224_C02_I2,own_minimum_cpcer_assignment,True,320,2167,1543,795,1052,428,2275,1.0498384863867098,0.14766958929395477,0.20738820479585224
SUPPORTIVE_POST_PRIMARY_READ_ONLY,misp2022,pooled,public,raw448,raw_public_sortformer_v2_low_packet_gated,R14_S223224_C02_I2,own_minimum_cpcer_assignment,True,284,2167,7155,1837,46,5034,6917,3.1919704660821413,0.13105676049838486,0.039692522711390635
SUPPORTIVE_POST_PRIMARY_READ_ONLY,misp2022,pooled,public,guard448,guarded_public_sortformer_v2_low_packet_gated,R14_S223224_C02_I2,own_minimum_cpcer_assignment,True,328,2167,1802,951,888,523,2362,1.0899861559760038,0.15136132902630364,0.18201997780244172
SUPPORTIVE_POST_PRIMARY_READ_ONLY,misp2022,pooled,public,cap224,control_cap224_public_sortformer_v2_low_packet_gated,R14_S223224_C02_I2,own_minimum_cpcer_assignment,True,245,2167,4268,1876,46,2147,4069,1.8777111213659436,0.11305952930318412,0.05740393626991565
SUPPORTIVE_POST_PRIMARY_READ_ONLY,misp2022,pooled,public,cap224_guard,control_cap224_guarded_public_sortformer_v2_low_packet_gated,R14_S223224_C02_I2,own_minimum_cpcer_assignment,True,330,2167,1756,898,939,528,2365,1.0913705583756346,0.15228426395939088,0.18792710706150342
SUPPORTIVE_POST_PRIMARY_READ_ONLY,misp2022,pooled,public,cap224_fallback,control_cap224_fallback_public_sortformer_v2_low_packet_gated,R14_S223224_C02_I2,own_minimum_cpcer_assignment,True,332,2167,1999,971,864,696,2531,1.1679741578218736,0.15320719889247808,0.1660830415207604
SUPPORTIVE_POST_PRIMARY_READ_ONLY,misp2022,pooled,public,cap224_fallback_guard,control_cap224_fallback_guarded_public_sortformer_v2_low_packet_gated,R14_S223224_C02_I2,own_minimum_cpcer_assignment,True,332,2167,1999,971,864,696,2531,1.1679741578218736,0.15320719889247808,0.1660830415207604
SUPPORTIVE_POST_PRIMARY_READ_ONLY,misp2022,pooled,public,cap224_compression_abstention,control_cap224_cr24_abstain_public_sortformer_v2_low_packet_gated,R14_S223224_C02_I2,own_minimum_cpcer_assignment,True,265,2167,1338,622,1280,451,2353,1.0858329487771112,0.1222888786340563,0.19805680119581465
SUPPORTIVE_POST_PRIMARY_READ_ONLY,misp2022,pooled,learned,raw448,raw_cfg_low_packet_gated,R15_S230231232_C09_I1,own_minimum_cpcer_assignment,True,317,4984,8712,4563,104,3832,8499,1.7052568218298556,0.06360353130016051,0.036386593204775025
SUPPORTIVE_POST_PRIMARY_READ_ONLY,misp2022,pooled,learned,guard448,guarded_cfg_low_packet_gated,R15_S230231232_C09_I1,own_minimum_cpcer_assignment,True,807,4984,3568,1357,2820,1404,5581,1.1197833065810594,0.16191813804173355,0.22617713004484305
SUPPORTIVE_POST_PRIMARY_READ_ONLY,misp2022,pooled,learned,cap224,control_cap224_cfg_low_packet_gated,R15_S230231232_C09_I1,own_minimum_cpcer_assignment,True,679,4984,5862,2733,1572,2450,6755,1.3553370786516854,0.13623595505617977,0.11583077447969976
SUPPORTIVE_POST_PRIMARY_READ_ONLY,misp2022,pooled,learned,cap224_guard,control_cap224_guarded_cfg_low_packet_gated,R15_S230231232_C09_I1,own_minimum_cpcer_assignment,True,807,4984,3568,1353,2824,1408,5585,1.120585874799358,0.16191813804173355,0.22617713004484305
SUPPORTIVE_POST_PRIMARY_READ_ONLY,misp2022,pooled,learned,cap224_fallback,control_cap224_fallback_cfg_low_packet_gated,R15_S230231232_C09_I1,own_minimum_cpcer_assignment,True,788,4984,3547,1424,2772,1335,5531,1.1097512038523274,0.1581059390048154,0.2221595714688469
SUPPORTIVE_POST_PRIMARY_READ_ONLY,misp2022,pooled,learned,cap224_fallback_guard,control_cap224_fallback_guarded_cfg_low_packet_gated,R15_S230231232_C09_I1,own_minimum_cpcer_assignment,True,788,4984,3547,1424,2772,1335,5531,1.1097512038523274,0.1581059390048154,0.2221595714688469
SUPPORTIVE_POST_PRIMARY_READ_ONLY,misp2022,pooled,learned,cap224_compression_abstention,control_cap224_cr24_abstain_cfg_low_packet_gated,R15_S230231232_C09_I1,own_minimum_cpcer_assignment,True,721,4984,2874,1005,3258,1148,5411,1.0856741573033708,0.1446629213483146,0.2508698677800974
SUPPORTIVE_POST_PRIMARY_READ_ONLY,misp2022,pooled,public,raw448,raw_public_sortformer_v2_low_packet_gated,R15_S230231232_C09_I1,own_minimum_cpcer_assignment,True,528,4984,10043,4436,20,5079,9535,1.9131219903691814,0.10593900481540931,0.05257393209200438
SUPPORTIVE_POST_PRIMARY_READ_ONLY,misp2022,pooled,public,guard448,guarded_public_sortformer_v2_low_packet_gated,R15_S230231232_C09_I1,own_minimum_cpcer_assignment,True,700,4984,3795,1749,2535,1346,5630,1.1296147672552166,0.1404494382022472,0.1844532279314888
SUPPORTIVE_POST_PRIMARY_READ_ONLY,misp2022,pooled,public,cap224,control_cap224_public_sortformer_v2_low_packet_gated,R15_S230231232_C09_I1,own_minimum_cpcer_assignment,True,297,4984,6423,4578,109,1548,6235,1.2510032102728732,0.05959069020866774,0.04624007473143391
SUPPORTIVE_POST_PRIMARY_READ_ONLY,misp2022,pooled,public,cap224_guard,control_cap224_guarded_public_sortformer_v2_low_packet_gated,R15_S230231232_C09_I1,own_minimum_cpcer_assignment,True,700,4984,3705,1699,2585,1306,5590,1.1215890850722312,0.1404494382022472,0.18893387314439947
SUPPORTIVE_POST_PRIMARY_READ_ONLY,misp2022,pooled,public,cap224_fallback,control_cap224_fallback_public_sortformer_v2_low_packet_gated,R15_S230231232_C09_I1,own_minimum_cpcer_assignment,True,622,4984,3405,1741,2621,1042,5404,1.0842696629213484,0.12479935794542536,0.18267254038179148
SUPPORTIVE_POST_PRIMARY_READ_ONLY,misp2022,pooled,public,cap224_fallback_guard,control_cap224_fallback_guarded_public_sortformer_v2_low_packet_gated,R15_S230231232_C09_I1,own_minimum_cpcer_assignment,True,622,4984,3405,1741,2621,1042,5404,1.0842696629213484,0.12479935794542536,0.18267254038179148
SUPPORTIVE_POST_PRIMARY_READ_ONLY,misp2022,pooled,public,cap224_compression_abstention,control_cap224_cr24_abstain_public_sortformer_v2_low_packet_gated,R15_S230231232_C09_I1,own_minimum_cpcer_assignment,True,592,4984,2711,1117,3275,1002,5394,1.082263242375602,0.1187800963081862,0.2183696053116931
SUPPORTIVE_POST_PRIMARY_READ_ONLY,misp2022,pooled,learned,raw448,raw_cfg_low_packet_gated,R52_S280281282_C03_I0,own_minimum_cpcer_assignment,True,2346,7811,16985,4814,651,9825,15290,1.9574958392011266,0.30034566636794263,0.13812187224021194
SUPPORTIVE_POST_PRIMARY_READ_ONLY,misp2022,pooled,learned,guard448,guarded_cfg_low_packet_gated,R52_S280281282_C03_I0,own_minimum_cpcer_assignment,True,2709,7811,7123,2858,2244,1556,6658,0.8523876584304186,0.34681858916912045,0.38031728204408255
SUPPORTIVE_POST_PRIMARY_READ_ONLY,misp2022,pooled,learned,cap224,control_cap224_cfg_low_packet_gated,R52_S280281282_C03_I0,own_minimum_cpcer_assignment,True,2374,7811,11642,4583,854,4685,10122,1.2958648060427602,0.3039303546280886,0.20391685277443738
SUPPORTIVE_POST_PRIMARY_READ_ONLY,misp2022,pooled,learned,cap224_guard,control_cap224_guarded_cfg_low_packet_gated,R52_S280281282_C03_I0,own_minimum_cpcer_assignment,True,2713,7811,7134,2862,2236,1559,6657,0.8522596338496992,0.34733068749199847,0.380291561536305
SUPPORTIVE_POST_PRIMARY_READ_ONLY,misp2022,pooled,learned,cap224_fallback,control_cap224_fallback_cfg_low_packet_gated,R52_S280281282_C03_I0,own_minimum_cpcer_assignment,True,2737,7811,7706,3262,1812,1707,6781,0.868134681858917,0.3504032774292664,0.3551777835452894
SUPPORTIVE_POST_PRIMARY_READ_ONLY,misp2022,pooled,learned,cap224_fallback_guard,control_cap224_fallback_guarded_cfg_low_packet_gated,R52_S280281282_C03_I0,own_minimum_cpcer_assignment,True,2723,7811,7651,3275,1813,1653,6741,0.863013698630137,0.34861093329919346,0.3559011893870082
SUPPORTIVE_POST_PRIMARY_READ_ONLY,misp2022,pooled,learned,cap224_compression_abstention,control_cap224_cr24_abstain_cfg_low_packet_gated,R52_S280281282_C03_I0,own_minimum_cpcer_assignment,True,2518,7811,6207,2617,2676,1072,6365,0.8148764562796057,0.3223658942516963,0.4056710165941679
SUPPORTIVE_POST_PRIMARY_READ_ONLY,misp2022,pooled,public,raw448,raw_public_sortformer_v2_low_packet_gated,R52_S280281282_C03_I0,own_minimum_cpcer_assignment,True,2416,7811,14100,4727,668,6957,12352,1.5813596210472411,0.3093073870183075,0.17134751773049645
SUPPORTIVE_POST_PRIMARY_READ_ONLY,misp2022,pooled,public,guard448,guarded_public_sortformer_v2_low_packet_gated,R52_S280281282_C03_I0,own_minimum_cpcer_assignment,True,2843,7811,6213,2469,2499,901,5869,0.7513762642427346,0.36397388298553324,0.45758892644455174
SUPPORTIVE_POST_PRIMARY_READ_ONLY,misp2022,pooled,public,cap224,control_cap224_public_sortformer_v2_low_packet_gated,R52_S280281282_C03_I0,own_minimum_cpcer_assignment,True,2670,7811,9860,4080,1061,3110,8251,1.0563308155165791,0.34182563052106,0.27079107505070993
SUPPORTIVE_POST_PRIMARY_READ_ONLY,misp2022,pooled,public,cap224_guard,control_cap224_guarded_public_sortformer_v2_low_packet_gated,R52_S280281282_C03_I0,own_minimum_cpcer_assignment,True,2843,7811,6213,2468,2500,902,5870,0.7515042888234541,0.36397388298553324,0.45758892644455174
SUPPORTIVE_POST_PRIMARY_READ_ONLY,misp2022,pooled,public,cap224_fallback,control_cap224_fallback_public_sortformer_v2_low_packet_gated,R52_S280281282_C03_I0,own_minimum_cpcer_assignment,True,2948,7811,6229,2404,2459,877,5740,0.7348610933299193,0.37741646396108053,0.4732701878311125
SUPPORTIVE_POST_PRIMARY_READ_ONLY,misp2022,pooled,public,cap224_fallback_guard,control_cap224_fallback_guarded_public_sortformer_v2_low_packet_gated,R52_S280281282_C03_I0,own_minimum_cpcer_assignment,True,2948,7811,6229,2404,2459,877,5740,0.7348610933299193,0.37741646396108053,0.4732701878311125
SUPPORTIVE_POST_PRIMARY_READ_ONLY,misp2022,pooled,public,cap224_compression_abstention,control_cap224_cr24_abstain_public_sortformer_v2_low_packet_gated,R52_S280281282_C03_I0,own_minimum_cpcer_assignment,True,2756,7811,5509,2121,2934,632,5687,0.728075790551786,0.35283574446293686,0.5002722817208205
SUPPORTIVE_POST_PRIMARY_READ_ONLY,misp2022,pooled,learned,raw448,raw_cfg_low_packet_gated,R61_S357358359_C07_I0,own_minimum_cpcer_assignment,True,2291,5904,14068,2829,784,8948,12561,2.127540650406504,0.3880420054200542,0.16285186238271254
SUPPORTIVE_POST_PRIMARY_READ_ONLY,misp2022,pooled,learned,guard448,guarded_cfg_low_packet_gated,R61_S357358359_C07_I0,own_minimum_cpcer_assignment,True,2517,5904,6731,1532,1855,2682,6069,1.0279471544715446,0.4263211382113821,0.3739414648640618
SUPPORTIVE_POST_PRIMARY_READ_ONLY,misp2022,pooled,learned,cap224,control_cap224_cfg_low_packet_gated,R61_S357358359_C07_I0,own_minimum_cpcer_assignment,True,2404,5904,9548,2287,1213,4857,8357,1.415481029810298,0.4071815718157182,0.2517804775869292
SUPPORTIVE_POST_PRIMARY_READ_ONLY,misp2022,pooled,learned,cap224_guard,control_cap224_guarded_cfg_low_packet_gated,R61_S357358359_C07_I0,own_minimum_cpcer_assignment,True,2515,5904,6178,1530,1859,2133,5522,0.9352981029810298,0.42598238482384826,0.40708967303334415
SUPPORTIVE_POST_PRIMARY_READ_ONLY,misp2022,pooled,learned,cap224_fallback,control_cap224_fallback_cfg_low_packet_gated,R61_S357358359_C07_I0,own_minimum_cpcer_assignment,True,2595,5904,5839,1613,1696,1631,4940,0.8367208672086721,0.43953252032520324,0.4444254153108409
SUPPORTIVE_POST_PRIMARY_READ_ONLY,misp2022,pooled,learned,cap224_fallback_guard,control_cap224_fallback_guarded_cfg_low_packet_gated,R61_S357358359_C07_I0,own_minimum_cpcer_assignment,True,2595,5904,5839,1613,1696,1631,4940,0.8367208672086721,0.43953252032520324,0.4444254153108409
SUPPORTIVE_POST_PRIMARY_READ_ONLY,misp2022,pooled,learned,cap224_compression_abstention,control_cap224_cr24_abstain_cfg_low_packet_gated,R61_S357358359_C07_I0,own_minimum_cpcer_assignment,True,2302,5904,4921,1507,2095,1112,4714,0.7984417344173442,0.38990514905149054,0.46779109937004676
SUPPORTIVE_POST_PRIMARY_READ_ONLY,misp2022,pooled,public,raw448,raw_public_sortformer_v2_low_packet_gated,R61_S357358359_C07_I0,own_minimum_cpcer_assignment,True,2407,5904,14921,2409,1088,10105,13602,2.303861788617886,0.407689701897019,0.1613162656658401
SUPPORTIVE_POST_PRIMARY_READ_ONLY,misp2022,pooled,public,guard448,guarded_public_sortformer_v2_low_packet_gated,R61_S357358359_C07_I0,own_minimum_cpcer_assignment,True,2614,5904,7599,1485,1805,3500,6790,1.1500677506775068,0.44275067750677505,0.3439926306092907
SUPPORTIVE_POST_PRIMARY_READ_ONLY,misp2022,pooled,public,cap224,control_cap224_public_sortformer_v2_low_packet_gated,R61_S357358359_C07_I0,own_minimum_cpcer_assignment,True,2556,5904,10497,1882,1466,6059,9407,1.5933265582655827,0.4329268292682927,0.24349814232637895
SUPPORTIVE_POST_PRIMARY_READ_ONLY,misp2022,pooled,public,cap224_guard,control_cap224_guarded_public_sortformer_v2_low_packet_gated,R61_S357358359_C07_I0,own_minimum_cpcer_assignment,True,2607,5904,7139,1492,1805,3040,6337,1.073340108401084,0.4415650406504065,0.36517719568567025
SUPPORTIVE_POST_PRIMARY_READ_ONLY,misp2022,pooled,public,cap224_fallback,control_cap224_fallback_public_sortformer_v2_low_packet_gated,R61_S357358359_C07_I0,own_minimum_cpcer_assignment,True,2659,5904,7249,1487,1758,3103,6348,1.0752032520325203,0.45037262872628725,0.36680921506414677
SUPPORTIVE_POST_PRIMARY_READ_ONLY,misp2022,pooled,public,cap224_fallback_guard,control_cap224_fallback_guarded_public_sortformer_v2_low_packet_gated,R61_S357358359_C07_I0,own_minimum_cpcer_assignment,True,2659,5904,7249,1487,1758,3103,6348,1.0752032520325203,0.45037262872628725,0.36680921506414677
SUPPORTIVE_POST_PRIMARY_READ_ONLY,misp2022,pooled,public,cap224_compression_abstention,control_cap224_cr24_abstain_public_sortformer_v2_low_packet_gated,R61_S357358359_C07_I0,own_minimum_cpcer_assignment,True,2515,5904,5962,1524,1865,1923,5312,0.8997289972899729,0.42598238482384826,0.42183830929218386
SUPPORTIVE_POST_PRIMARY_READ_ONLY,misp2022,pooled,learned,raw448,raw_cfg_low_packet_gated,R69_S405406_C07_I1,own_minimum_cpcer_assignment,True,2126,4317,6375,1406,785,2843,5034,1.1660875608061154,0.492471623812833,0.3334901960784314
SUPPORTIVE_POST_PRIMARY_READ_ONLY,misp2022,pooled,learned,guard448,guarded_cfg_low_packet_gated,R69_S405406_C07_I1,own_minimum_cpcer_assignment,True,2138,4317,3712,1110,1069,464,2643,0.6122307157748437,0.49525133194347926,0.5759698275862069
SUPPORTIVE_POST_PRIMARY_READ_ONLY,misp2022,pooled,learned,cap224,control_cap224_cfg_low_packet_gated,R69_S405406_C07_I1,own_minimum_cpcer_assignment,True,2126,4317,4995,1406,785,1463,3654,0.846421125781793,0.492471623812833,0.4256256256256256
SUPPORTIVE_POST_PRIMARY_READ_ONLY,misp2022,pooled,learned,cap224_guard,control_cap224_guarded_cfg_low_packet_gated,R69_S405406_C07_I1,own_minimum_cpcer_assignment,True,2139,4317,3707,1112,1066,456,2634,0.610145934676859,0.4954829742876998,0.5770164553547343
SUPPORTIVE_POST_PRIMARY_READ_ONLY,misp2022,pooled,learned,cap224_fallback,control_cap224_fallback_cfg_low_packet_gated,R69_S405406_C07_I1,own_minimum_cpcer_assignment,True,2194,4317,3778,1126,997,458,2581,0.5978688904331712,0.5082233032198286,0.5807305452620434
SUPPORTIVE_POST_PRIMARY_READ_ONLY,misp2022,pooled,learned,cap224_fallback_guard,control_cap224_fallback_guarded_cfg_low_packet_gated,R69_S405406_C07_I1,own_minimum_cpcer_assignment,True,2194,4317,3778,1126,997,458,2581,0.5978688904331712,0.5082233032198286,0.5807305452620434
SUPPORTIVE_POST_PRIMARY_READ_ONLY,misp2022,pooled,learned,cap224_compression_abstention,control_cap224_cr24_abstain_cfg_low_packet_gated,R69_S405406_C07_I1,own_minimum_cpcer_assignment,True,2134,4317,3522,991,1192,397,2580,0.5976372480889507,0.4943247625665972,0.6059057353776264
SUPPORTIVE_POST_PRIMARY_READ_ONLY,misp2022,pooled,public,raw448,raw_public_sortformer_v2_low_packet_gated,R69_S405406_C07_I1,own_minimum_cpcer_assignment,True,2282,4317,6219,1267,768,2670,4705,1.0898772295575632,0.5286078295112346,0.3669400225116578
SUPPORTIVE_POST_PRIMARY_READ_ONLY,misp2022,pooled,public,guard448,guarded_public_sortformer_v2_low_packet_gated,R69_S405406_C07_I1,own_minimum_cpcer_assignment,True,2311,4317,3853,1042,964,500,2506,0.580495714616632,0.5353254574936298,0.5997923695821438
SUPPORTIVE_POST_PRIMARY_READ_ONLY,misp2022,pooled,public,cap224,control_cap224_public_sortformer_v2_low_packet_gated,R69_S405406_C07_I1,own_minimum_cpcer_assignment,True,2316,4317,5009,1198,803,1495,3496,0.8098216353949502,0.5364836692147325,0.46236773807147136
SUPPORTIVE_POST_PRIMARY_READ_ONLY,misp2022,pooled,public,cap224_guard,control_cap224_guarded_public_sortformer_v2_low_packet_gated,R69_S405406_C07_I1,own_minimum_cpcer_assignment,True,2311,4317,3853,1042,964,500,2506,0.580495714616632,0.5353254574936298,0.5997923695821438
SUPPORTIVE_POST_PRIMARY_READ_ONLY,misp2022,pooled,public,cap224_fallback,control_cap224_fallback_public_sortformer_v2_low_packet_gated,R69_S405406_C07_I1,own_minimum_cpcer_assignment,True,2312,4317,3966,1005,1000,649,2654,0.6147787815612694,0.5355570998378504,0.5829551185073122
SUPPORTIVE_POST_PRIMARY_READ_ONLY,misp2022,pooled,public,cap224_fallback_guard,control_cap224_fallback_guarded_public_sortformer_v2_low_packet_gated,R69_S405406_C07_I1,own_minimum_cpcer_assignment,True,2312,4317,3966,1005,1000,649,2654,0.6147787815612694,0.5355570998378504,0.5829551185073122
SUPPORTIVE_POST_PRIMARY_READ_ONLY,misp2022,pooled,public,cap224_compression_abstention,control_cap224_cr24_abstain_public_sortformer_v2_low_packet_gated,R69_S405406_C07_I1,own_minimum_cpcer_assignment,True,2303,4317,3763,990,1024,470,2484,0.5753995830437804,0.5334723187398657,0.6120116927982993
