analysis_status,corpus,stratum,source,contrast,contrast_role,session,comparator_arm,candidate_arm,comparator_system,candidate_system,assignment_changed,comparator_own_matched_characters,comparator_own_reference_characters,comparator_own_hypothesis_characters,comparator_own_substitutions,comparator_own_deletions,comparator_own_insertions,comparator_own_errors,comparator_own_micro_cpcer,comparator_own_alignment_matched_reference_rate,comparator_own_alignment_matched_hypothesis_rate,candidate_own_matched_characters,candidate_own_reference_characters,candidate_own_hypothesis_characters,candidate_own_substitutions,candidate_own_deletions,candidate_own_insertions,candidate_own_errors,candidate_own_micro_cpcer,candidate_own_alignment_matched_reference_rate,candidate_own_alignment_matched_hypothesis_rate,candidate_fixed_to_comparator_matched_characters,candidate_fixed_to_comparator_reference_characters,candidate_fixed_to_comparator_hypothesis_characters,candidate_fixed_to_comparator_substitutions,candidate_fixed_to_comparator_deletions,candidate_fixed_to_comparator_insertions,candidate_fixed_to_comparator_errors,candidate_fixed_to_comparator_micro_cpcer,candidate_fixed_to_comparator_alignment_matched_reference_rate,candidate_fixed_to_comparator_alignment_matched_hypothesis_rate,own_delta_matched_characters,fixed_delta_matched_characters,own_delta_alignment_matched_reference_rate,fixed_delta_alignment_matched_reference_rate,own_delta_alignment_matched_hypothesis_rate,fixed_delta_alignment_matched_hypothesis_rate,own_amrr_outcome,fixed_amrr_outcome
SUPPORTIVE_POST_PRIMARY_READ_ONLY,aishell5,Eval1,learned,guard448_minus_raw448,original_decode_guard_effect,A5E1_001,raw448,guard448,raw_cfg_low_packet_gated,guarded_cfg_low_packet_gated,False,311,1415,4723,1041,63,3371,4475,3.1625441696113072,0.21978798586572437,0.0658479779800974,355,1415,1031,414,646,262,1322,0.9342756183745583,0.2508833922261484,0.3443258971871969,355,1415,1031,414,646,262,1322,0.9342756183745583,0.2508833922261484,0.3443258971871969,44,44,0.031095406360424044,0.031095406360424044,0.2784779192070995,0.2784779192070995,improved,improved
SUPPORTIVE_POST_PRIMARY_READ_ONLY,aishell5,Eval1,learned,guard448_minus_raw448,original_decode_guard_effect,A5E1_002,raw448,guard448,raw_cfg_low_packet_gated,guarded_cfg_low_packet_gated,False,764,3204,8625,2245,195,5616,8056,2.5143570536828963,0.23845193508114856,0.08857971014492753,1244,3204,2789,601,1359,944,2904,0.9063670411985019,0.3882646691635456,0.44603800645392616,1244,3204,2789,601,1359,944,2904,0.9063670411985019,0.3882646691635456,0.44603800645392616,480,480,0.149812734082397,0.149812734082397,0.3574582963089986,0.3574582963089986,improved,improved
SUPPORTIVE_POST_PRIMARY_READ_ONLY,aishell5,Eval1,learned,guard448_minus_raw448,original_decode_guard_effect,A5E1_003,raw448,guard448,raw_cfg_low_packet_gated,guarded_cfg_low_packet_gated,False,473,2425,6340,1712,240,4155,6107,2.5183505154639176,0.19505154639175257,0.07460567823343849,620,2425,2822,988,817,1214,3019,1.2449484536082474,0.2556701030927835,0.21970233876683204,620,2425,2822,988,817,1214,3019,1.2449484536082474,0.2556701030927835,0.21970233876683204,147,147,0.06061855670103092,0.06061855670103092,0.14509666053339354,0.14509666053339354,improved,improved
SUPPORTIVE_POST_PRIMARY_READ_ONLY,aishell5,Eval1,learned,guard448_minus_raw448,original_decode_guard_effect,A5E1_004,raw448,guard448,raw_cfg_low_packet_gated,guarded_cfg_low_packet_gated,True,598,2543,6109,1796,149,3715,5660,2.2257176563114434,0.23515532835233977,0.09788836143394991,884,2543,2451,574,1085,993,2652,1.042862760519072,0.347620920173024,0.36066911464708284,721,2543,2451,659,1163,1071,2893,1.1376327172630751,0.28352339756193473,0.2941656466748266,286,123,0.11246559182068422,0.048368069209594966,0.26278075321313293,0.19627728524087668,improved,improved
SUPPORTIVE_POST_PRIMARY_READ_ONLY,aishell5,Eval1,learned,guard448_minus_raw448,original_decode_guard_effect,A5E1_005,raw448,guard448,raw_cfg_low_packet_gated,guarded_cfg_low_packet_gated,True,831,2979,7203,1880,268,4492,6640,2.2289358845250082,0.27895266868076535,0.1153685964181591,1216,2979,3134,675,1088,1243,3006,1.0090634441087614,0.4081906680093991,0.3880025526483727,1090,2979,3134,524,1365,1520,3409,1.1443437395099028,0.3658945955018463,0.34779834077855776,385,259,0.12923799932863378,0.08694192682108093,0.2726339562302136,0.23242974436039865,improved,improved
SUPPORTIVE_POST_PRIMARY_READ_ONLY,aishell5,Eval1,learned,guard448_minus_raw448,original_decode_guard_effect,A5E1_006,raw448,guard448,raw_cfg_low_packet_gated,guarded_cfg_low_packet_gated,False,333,2142,6506,1752,57,4421,6230,2.9084967320261437,0.15546218487394958,0.05118352290193667,577,2142,1865,522,1043,766,2331,1.088235294117647,0.26937441643323995,0.3093833780160858,577,2142,1865,522,1043,766,2331,1.088235294117647,0.26937441643323995,0.3093833780160858,244,244,0.11391223155929037,0.11391223155929037,0.2581998551141491,0.2581998551141491,improved,improved
SUPPORTIVE_POST_PRIMARY_READ_ONLY,aishell5,Eval1,learned,guard448_minus_raw448,original_decode_guard_effect,A5E1_007,raw448,guard448,raw_cfg_low_packet_gated,guarded_cfg_low_packet_gated,True,582,2939,6728,2170,187,3976,6333,2.154814562776455,0.19802653963933312,0.08650416171224733,913,2939,2516,627,1399,976,3002,1.0214358625382782,0.3106498809118748,0.3628775834658188,698,2939,2516,692,1549,1126,3367,1.1456277645457638,0.23749574685267097,0.2774244833068362,331,116,0.11262334127254167,0.039469207213337854,0.27637342175357144,0.19092032159458888,improved,improved
SUPPORTIVE_POST_PRIMARY_READ_ONLY,aishell5,Eval1,learned,guard448_minus_raw448,original_decode_guard_effect,A5E1_008,raw448,guard448,raw_cfg_low_packet_gated,guarded_cfg_low_packet_gated,False,2090,4270,13386,1395,785,9901,12081,2.8292740046838407,0.4894613583138173,0.15613327356940088,2055,4270,5378,1124,1091,2199,4414,1.0337236533957845,0.4812646370023419,0.3821123094087021,2055,4270,5378,1124,1091,2199,4414,1.0337236533957845,0.4812646370023419,0.3821123094087021,-35,-35,-0.008196721311475419,-0.008196721311475419,0.22597903583930123,0.22597903583930123,worsened,worsened
SUPPORTIVE_POST_PRIMARY_READ_ONLY,aishell5,Eval1,learned,guard448_minus_raw448,original_decode_guard_effect,A5E1_009,raw448,guard448,raw_cfg_low_packet_gated,guarded_cfg_low_packet_gated,True,257,2496,5972,2203,36,3512,5751,2.3040865384615383,0.10296474358974358,0.043034159410582716,474,2496,1806,721,1301,611,2633,1.0548878205128205,0.18990384615384615,0.26245847176079734,490,2496,1806,657,1349,659,2665,1.0677083333333333,0.19631410256410256,0.2713178294573643,217,233,0.08693910256410256,0.09334935897435898,0.21942431235021462,0.2282836700467816,improved,improved
SUPPORTIVE_POST_PRIMARY_READ_ONLY,aishell5,Eval1,learned,guard448_minus_raw448,original_decode_guard_effect,A5E1_010,raw448,guard448,raw_cfg_low_packet_gated,guarded_cfg_low_packet_gated,True,210,1860,6517,1627,23,4680,6330,3.403225806451613,0.11290322580645161,0.0322234156820623,321,1860,1121,427,1112,373,1912,1.027956989247312,0.17258064516129032,0.2863514719000892,264,1860,1121,412,1184,445,2041,1.0973118279569893,0.14193548387096774,0.23550401427297057,111,54,0.05967741935483871,0.029032258064516134,0.2541280562180269,0.20328059859090827,improved,improved
SUPPORTIVE_POST_PRIMARY_READ_ONLY,aishell5,Eval1,learned,guard448_minus_raw448,original_decode_guard_effect,A5E1_011,raw448,guard448,raw_cfg_low_packet_gated,guarded_cfg_low_packet_gated,True,678,2265,8503,1442,145,6383,7970,3.5187637969094925,0.2993377483443709,0.0797365635658003,640,2265,2734,1121,504,973,2598,1.1470198675496688,0.282560706401766,0.23408924652523774,649,2265,2734,1035,581,1050,2666,1.1770419426048566,0.2865342163355408,0.2373811265544989,-38,-29,-0.016777041942604876,-0.012803532008830054,0.15435268295943744,0.15764456298869858,worsened,worsened
SUPPORTIVE_POST_PRIMARY_READ_ONLY,aishell5,Eval1,learned,guard448_minus_raw448,original_decode_guard_effect,A5E1_012,raw448,guard448,raw_cfg_low_packet_gated,guarded_cfg_low_packet_gated,False,1388,3189,6004,1125,676,3491,5292,1.6594543744120414,0.4352461586704296,0.23117921385742837,1575,3189,3554,630,984,1349,2963,0.9291313891502039,0.49388523047977423,0.44316263365222286,1575,3189,3554,630,984,1349,2963,0.9291313891502039,0.49388523047977423,0.44316263365222286,187,187,0.058639071809344634,0.058639071809344634,0.2119834197947945,0.2119834197947945,improved,improved
SUPPORTIVE_POST_PRIMARY_READ_ONLY,aishell5,Eval1,learned,guard448_minus_raw448,original_decode_guard_effect,A5E1_013,raw448,guard448,raw_cfg_low_packet_gated,guarded_cfg_low_packet_gated,False,1199,3256,7246,1428,629,4619,6676,2.0503685503685505,0.36824324324324326,0.16547060447143253,1470,3256,3476,621,1165,1385,3171,0.9738943488943489,0.4514742014742015,0.42289988492520136,1470,3256,3476,621,1165,1385,3171,0.9738943488943489,0.4514742014742015,0.42289988492520136,271,271,0.08323095823095822,0.08323095823095822,0.25742928045376884,0.25742928045376884,improved,improved
SUPPORTIVE_POST_PRIMARY_READ_ONLY,aishell5,Eval1,learned,guard448_minus_raw448,original_decode_guard_effect,A5E1_014,raw448,guard448,raw_cfg_low_packet_gated,guarded_cfg_low_packet_gated,False,957,2420,4980,1254,209,2769,4232,1.7487603305785124,0.39545454545454545,0.19216867469879517,980,2420,2993,799,641,1214,2654,1.096694214876033,0.4049586776859504,0.32743067156698963,980,2420,2993,799,641,1214,2654,1.096694214876033,0.4049586776859504,0.32743067156698963,23,23,0.00950413223140495,0.00950413223140495,0.13526199686819446,0.13526199686819446,improved,improved
SUPPORTIVE_POST_PRIMARY_READ_ONLY,aishell5,Eval1,learned,guard448_minus_raw448,original_decode_guard_effect,A5E1_015,raw448,guard448,raw_cfg_low_packet_gated,guarded_cfg_low_packet_gated,False,1961,4528,13084,1738,829,9385,11952,2.639575971731449,0.433083038869258,0.14987771323754204,2113,4528,5110,859,1556,2138,4553,1.0055212014134276,0.4666519434628975,0.4135029354207436,2113,4528,5110,859,1556,2138,4553,1.0055212014134276,0.4666519434628975,0.4135029354207436,152,152,0.03356890459363954,0.03356890459363954,0.2636252221832016,0.2636252221832016,improved,improved
SUPPORTIVE_POST_PRIMARY_READ_ONLY,aishell5,Eval1,learned,guard448_minus_raw448,original_decode_guard_effect,A5E1_016,raw448,guard448,raw_cfg_low_packet_gated,guarded_cfg_low_packet_gated,True,704,2631,5399,1709,218,2986,4913,1.8673508171797795,0.2675788673508172,0.13039451750324135,862,2631,2108,691,1078,555,2324,0.8833143291524135,0.3276320790573926,0.4089184060721063,899,2631,2108,577,1155,632,2364,0.8985176738882554,0.34169517293804635,0.4264705882352941,158,195,0.060053211706575405,0.07411630558722915,0.2785238885688649,0.2960760707320528,improved,improved
SUPPORTIVE_POST_PRIMARY_READ_ONLY,aishell5,Eval1,learned,guard448_minus_raw448,original_decode_guard_effect,A5E1_017,raw448,guard448,raw_cfg_low_packet_gated,guarded_cfg_low_packet_gated,False,519,2196,7918,1628,49,5771,7448,3.3916211293260474,0.23633879781420766,0.06554685526648144,541,2196,3121,1276,379,1304,2959,1.3474499089253187,0.24635701275045538,0.17334187760333228,541,2196,3121,1276,379,1304,2959,1.3474499089253187,0.24635701275045538,0.17334187760333228,22,22,0.010018214936247716,0.010018214936247716,0.10779502233685084,0.10779502233685084,improved,improved
SUPPORTIVE_POST_PRIMARY_READ_ONLY,aishell5,Eval1,learned,guard448_minus_raw448,original_decode_guard_effect,A5E1_018,raw448,guard448,raw_cfg_low_packet_gated,guarded_cfg_low_packet_gated,True,216,2338,5615,2122,0,3277,5399,2.309238665526091,0.09238665526090675,0.03846838824577026,628,2338,2024,516,1194,880,2590,1.1077844311377245,0.2686056458511548,0.3102766798418972,349,2338,2024,518,1471,1157,3146,1.3455945252352437,0.14927288280581694,0.1724308300395257,412,133,0.17621899059024806,0.056886227544910184,0.27180829159612696,0.13396244179375544,improved,improved
SUPPORTIVE_POST_PRIMARY_READ_ONLY,aishell5,Eval1,learned,cap224_minus_raw448,decoder_cap_stage,A5E1_001,raw448,cap224,raw_cfg_low_packet_gated,control_cap224_cfg_low_packet_gated,False,311,1415,4723,1041,63,3371,4475,3.1625441696113072,0.21978798586572437,0.0658479779800974,311,1415,2725,1041,63,1373,2477,1.750530035335689,0.21978798586572437,0.11412844036697248,311,1415,2725,1041,63,1373,2477,1.750530035335689,0.21978798586572437,0.11412844036697248,0,0,0.0,0.0,0.048280462386875084,0.048280462386875084,tie,tie
SUPPORTIVE_POST_PRIMARY_READ_ONLY,aishell5,Eval1,learned,cap224_minus_raw448,decoder_cap_stage,A5E1_002,raw448,cap224,raw_cfg_low_packet_gated,control_cap224_cfg_low_packet_gated,False,764,3204,8625,2245,195,5616,8056,2.5143570536828963,0.23845193508114856,0.08857971014492753,850,3204,5556,2011,343,2695,5049,1.5758426966292134,0.26529338327091134,0.15298776097912167,850,3204,5556,2011,343,2695,5049,1.5758426966292134,0.26529338327091134,0.15298776097912167,86,86,0.02684144818976278,0.02684144818976278,0.06440805083419414,0.06440805083419414,improved,improved
SUPPORTIVE_POST_PRIMARY_READ_ONLY,aishell5,Eval1,learned,cap224_minus_raw448,decoder_cap_stage,A5E1_003,raw448,cap224,raw_cfg_low_packet_gated,control_cap224_cfg_low_packet_gated,False,473,2425,6340,1712,240,4155,6107,2.5183505154639176,0.19505154639175257,0.07460567823343849,568,2425,3815,1286,571,1961,3818,1.5744329896907217,0.23422680412371133,0.14888597640891219,568,2425,3815,1286,571,1961,3818,1.5744329896907217,0.23422680412371133,0.14888597640891219,95,95,0.03917525773195876,0.03917525773195876,0.0742802981754737,0.0742802981754737,improved,improved
SUPPORTIVE_POST_PRIMARY_READ_ONLY,aishell5,Eval1,learned,cap224_minus_raw448,decoder_cap_stage,A5E1_004,raw448,cap224,raw_cfg_low_packet_gated,control_cap224_cfg_low_packet_gated,True,598,2543,6109,1796,149,3715,5660,2.2257176563114434,0.23515532835233977,0.09788836143394991,739,2543,4192,1416,388,2037,3841,1.51042076287849,0.29060165159260715,0.1762881679389313,638,2543,4192,1616,289,1938,3843,1.5112072355485646,0.25088478175383405,0.15219465648854963,141,40,0.05544632324026738,0.015729453401494287,0.07839980650498138,0.05430629505459972,improved,improved
SUPPORTIVE_POST_PRIMARY_READ_ONLY,aishell5,Eval1,learned,cap224_minus_raw448,decoder_cap_stage,A5E1_005,raw448,cap224,raw_cfg_low_packet_gated,control_cap224_cfg_low_packet_gated,True,831,2979,7203,1880,268,4492,6640,2.2289358845250082,0.27895266868076535,0.1153685964181591,1078,2979,5059,1199,702,2782,4683,1.5720040281973817,0.36186639812017457,0.21308559003755684,853,2979,5059,1575,551,2631,4757,1.5968445787176906,0.2863376972138301,0.16861039731172167,247,22,0.08291372943940922,0.007385028533064775,0.09771699361939774,0.05324180089356258,improved,improved
SUPPORTIVE_POST_PRIMARY_READ_ONLY,aishell5,Eval1,learned,cap224_minus_raw448,decoder_cap_stage,A5E1_006,raw448,cap224,raw_cfg_low_packet_gated,control_cap224_cfg_low_packet_gated,False,333,2142,6506,1752,57,4421,6230,2.9084967320261437,0.15546218487394958,0.05118352290193667,339,2142,4073,1587,216,2147,3950,1.8440709617180207,0.15826330532212884,0.08323103363614044,339,2142,4073,1587,216,2147,3950,1.8440709617180207,0.15826330532212884,0.08323103363614044,6,6,0.0028011204481792618,0.0028011204481792618,0.03204751073420377,0.03204751073420377,improved,improved
SUPPORTIVE_POST_PRIMARY_READ_ONLY,aishell5,Eval1,learned,cap224_minus_raw448,decoder_cap_stage,A5E1_007,raw448,cap224,raw_cfg_low_packet_gated,control_cap224_cfg_low_packet_gated,False,582,2939,6728,2170,187,3976,6333,2.154814562776455,0.19802653963933312,0.08650416171224733,535,2939,4541,2099,305,1907,4311,1.466825450833617,0.18203470568220484,0.11781545914996697,535,2939,4541,2099,305,1907,4311,1.466825450833617,0.18203470568220484,0.11781545914996697,-47,-47,-0.015991833957128276,-0.015991833957128276,0.03131129743771964,0.03131129743771964,worsened,worsened
SUPPORTIVE_POST_PRIMARY_READ_ONLY,aishell5,Eval1,learned,cap224_minus_raw448,decoder_cap_stage,A5E1_008,raw448,cap224,raw_cfg_low_packet_gated,control_cap224_cfg_low_packet_gated,False,2090,4270,13386,1395,785,9901,12081,2.8292740046838407,0.4894613583138173,0.15613327356940088,2076,4270,8962,1402,792,5484,7678,1.798126463700234,0.48618266978922714,0.2316447221602321,2076,4270,8962,1402,792,5484,7678,1.798126463700234,0.48618266978922714,0.2316447221602321,-14,-14,-0.0032786885245901787,-0.0032786885245901787,0.07551144859083123,0.07551144859083123,worsened,worsened
SUPPORTIVE_POST_PRIMARY_READ_ONLY,aishell5,Eval1,learned,cap224_minus_raw448,decoder_cap_stage,A5E1_009,raw448,cap224,raw_cfg_low_packet_gated,control_cap224_cfg_low_packet_gated,False,257,2496,5972,2203,36,3512,5751,2.3040865384615383,0.10296474358974358,0.043034159410582716,263,2496,3809,1986,247,1560,3793,1.5196314102564104,0.10536858974358974,0.06904699396166973,263,2496,3809,1986,247,1560,3793,1.5196314102564104,0.10536858974358974,0.06904699396166973,6,6,0.002403846153846159,0.002403846153846159,0.026012834551087015,0.026012834551087015,improved,improved
SUPPORTIVE_POST_PRIMARY_READ_ONLY,aishell5,Eval1,learned,cap224_minus_raw448,decoder_cap_stage,A5E1_010,raw448,cap224,raw_cfg_low_packet_gated,control_cap224_cfg_low_packet_gated,True,210,1860,6517,1627,23,4680,6330,3.403225806451613,0.11290322580645161,0.0322234156820623,179,1860,3741,1637,44,1925,3606,1.9387096774193548,0.09623655913978495,0.04784816893878642,174,1860,3741,1449,237,2118,3804,2.0451612903225804,0.0935483870967742,0.046511627906976744,-31,-36,-0.016666666666666663,-0.019354838709677413,0.01562475325672412,0.014288212224914443,worsened,worsened
SUPPORTIVE_POST_PRIMARY_READ_ONLY,aishell5,Eval1,learned,cap224_minus_raw448,decoder_cap_stage,A5E1_011,raw448,cap224,raw_cfg_low_packet_gated,control_cap224_cfg_low_packet_gated,False,678,2265,8503,1442,145,6383,7970,3.5187637969094925,0.2993377483443709,0.0797365635658003,675,2265,5133,1445,145,3013,4603,2.0322295805739516,0.2980132450331126,0.1315020455873758,675,2265,5133,1445,145,3013,4603,2.0322295805739516,0.2980132450331126,0.1315020455873758,-3,-3,-0.0013245033112582738,-0.0013245033112582738,0.05176548202157549,0.05176548202157549,worsened,worsened
SUPPORTIVE_POST_PRIMARY_READ_ONLY,aishell5,Eval1,learned,cap224_minus_raw448,decoder_cap_stage,A5E1_012,raw448,cap224,raw_cfg_low_packet_gated,control_cap224_cfg_low_packet_gated,False,1388,3189,6004,1125,676,3491,5292,1.6594543744120414,0.4352461586704296,0.23117921385742837,1590,3189,4702,665,934,2447,4046,1.26873628096582,0.49858889934148637,0.3381539770310506,1590,3189,4702,665,934,2447,4046,1.26873628096582,0.49858889934148637,0.3381539770310506,202,202,0.06334274067105677,0.06334274067105677,0.10697476317362223,0.10697476317362223,improved,improved
SUPPORTIVE_POST_PRIMARY_READ_ONLY,aishell5,Eval1,learned,cap224_minus_raw448,decoder_cap_stage,A5E1_013,raw448,cap224,raw_cfg_low_packet_gated,control_cap224_cfg_low_packet_gated,False,1199,3256,7246,1428,629,4619,6676,2.0503685503685505,0.36824324324324326,0.16547060447143253,1366,3256,5175,1081,809,2728,4618,1.4183046683046683,0.41953316953316955,0.2639613526570048,1366,3256,5175,1081,809,2728,4618,1.4183046683046683,0.41953316953316955,0.2639613526570048,167,167,0.05128992628992629,0.05128992628992629,0.0984907481855723,0.0984907481855723,improved,improved
SUPPORTIVE_POST_PRIMARY_READ_ONLY,aishell5,Eval1,learned,cap224_minus_raw448,decoder_cap_stage,A5E1_014,raw448,cap224,raw_cfg_low_packet_gated,control_cap224_cfg_low_packet_gated,False,957,2420,4980,1254,209,2769,4232,1.7487603305785124,0.39545454545454545,0.19216867469879517,957,2420,3603,1078,385,1568,3031,1.2524793388429751,0.39545454545454545,0.2656119900083264,957,2420,3603,1078,385,1568,3031,1.2524793388429751,0.39545454545454545,0.2656119900083264,0,0,0.0,0.0,0.07344331530953124,0.07344331530953124,tie,tie
SUPPORTIVE_POST_PRIMARY_READ_ONLY,aishell5,Eval1,learned,cap224_minus_raw448,decoder_cap_stage,A5E1_015,raw448,cap224,raw_cfg_low_packet_gated,control_cap224_cfg_low_packet_gated,False,1961,4528,13084,1738,829,9385,11952,2.639575971731449,0.433083038869258,0.14987771323754204,1984,4528,8821,1655,889,5182,7726,1.7062720848056536,0.4381625441696113,0.22491780977213469,1984,4528,8821,1655,889,5182,7726,1.7062720848056536,0.4381625441696113,0.22491780977213469,23,23,0.0050795053003533375,0.0050795053003533375,0.07504009653459265,0.07504009653459265,improved,improved
SUPPORTIVE_POST_PRIMARY_READ_ONLY,aishell5,Eval1,learned,cap224_minus_raw448,decoder_cap_stage,A5E1_016,raw448,cap224,raw_cfg_low_packet_gated,control_cap224_cfg_low_packet_gated,True,704,2631,5399,1709,218,2986,4913,1.8673508171797795,0.2675788673508172,0.13039451750324135,868,2631,3635,1314,449,1453,3216,1.2223489167616877,0.3299125807677689,0.23878954607977992,903,2631,3635,1126,602,1606,3334,1.2671987837324212,0.34321550741163054,0.2484181568088033,164,199,0.06233371341695171,0.07563664006081333,0.10839502857653857,0.11802363930556195,improved,improved
SUPPORTIVE_POST_PRIMARY_READ_ONLY,aishell5,Eval1,learned,cap224_minus_raw448,decoder_cap_stage,A5E1_017,raw448,cap224,raw_cfg_low_packet_gated,control_cap224_cfg_low_packet_gated,False,519,2196,7918,1628,49,5771,7448,3.3916211293260474,0.23633879781420766,0.06554685526648144,464,2196,5117,1684,48,2969,4701,2.140710382513661,0.21129326047358835,0.0906781317178034,464,2196,5117,1684,48,2969,4701,2.140710382513661,0.21129326047358835,0.0906781317178034,-55,-55,-0.025045537340619317,-0.025045537340619317,0.02513127645132196,0.02513127645132196,worsened,worsened
SUPPORTIVE_POST_PRIMARY_READ_ONLY,aishell5,Eval1,learned,cap224_minus_raw448,decoder_cap_stage,A5E1_018,raw448,cap224,raw_cfg_low_packet_gated,control_cap224_cfg_low_packet_gated,True,216,2338,5615,2122,0,3277,5399,2.309238665526091,0.09238665526090675,0.03846838824577026,405,2338,3728,1524,409,1799,3732,1.5962360992301112,0.17322497861420016,0.108637339055794,157,2338,3728,1932,249,1639,3820,1.6338751069289992,0.0671514114627887,0.0421137339055794,189,-59,0.08083832335329341,-0.02523524379811805,0.07016895081002374,0.003645345659809139,improved,worsened
SUPPORTIVE_POST_PRIMARY_READ_ONLY,aishell5,Eval1,learned,cap224_guard_minus_cap224,guard_after_cap,A5E1_001,cap224,cap224_guard,control_cap224_cfg_low_packet_gated,control_cap224_guarded_cfg_low_packet_gated,False,311,1415,2725,1041,63,1373,2477,1.750530035335689,0.21978798586572437,0.11412844036697248,355,1415,1035,415,645,265,1325,0.9363957597173145,0.2508833922261484,0.34299516908212563,355,1415,1035,415,645,265,1325,0.9363957597173145,0.2508833922261484,0.34299516908212563,44,44,0.031095406360424044,0.031095406360424044,0.22886672871515315,0.22886672871515315,improved,improved
SUPPORTIVE_POST_PRIMARY_READ_ONLY,aishell5,Eval1,learned,cap224_guard_minus_cap224,guard_after_cap,A5E1_002,cap224,cap224_guard,control_cap224_cfg_low_packet_gated,control_cap224_guarded_cfg_low_packet_gated,False,850,3204,5556,2011,343,2695,5049,1.5758426966292134,0.26529338327091134,0.15298776097912167,1242,3204,2783,599,1363,942,2904,0.9063670411985019,0.38764044943820225,0.4462809917355372,1242,3204,2783,599,1363,942,2904,0.9063670411985019,0.38764044943820225,0.4462809917355372,392,392,0.12234706616729091,0.12234706616729091,0.29329323075641556,0.29329323075641556,improved,improved
SUPPORTIVE_POST_PRIMARY_READ_ONLY,aishell5,Eval1,learned,cap224_guard_minus_cap224,guard_after_cap,A5E1_003,cap224,cap224_guard,control_cap224_cfg_low_packet_gated,control_cap224_guarded_cfg_low_packet_gated,False,568,2425,3815,1286,571,1961,3818,1.5744329896907217,0.23422680412371133,0.14888597640891219,628,2425,2182,777,1020,777,2574,1.061443298969072,0.25896907216494847,0.28780934922089824,628,2425,2182,777,1020,777,2574,1.061443298969072,0.25896907216494847,0.28780934922089824,60,60,0.024742268041237137,0.024742268041237137,0.13892337281198605,0.13892337281198605,improved,improved
SUPPORTIVE_POST_PRIMARY_READ_ONLY,aishell5,Eval1,learned,cap224_guard_minus_cap224,guard_after_cap,A5E1_004,cap224,cap224_guard,control_cap224_cfg_low_packet_gated,control_cap224_guarded_cfg_low_packet_gated,False,739,2543,4192,1416,388,2037,3841,1.51042076287849,0.29060165159260715,0.1762881679389313,884,2543,2464,578,1081,1002,2661,1.046401887534408,0.347620920173024,0.3587662337662338,884,2543,2464,578,1081,1002,2661,1.046401887534408,0.347620920173024,0.3587662337662338,145,145,0.05701926858041684,0.05701926858041684,0.1824780658273025,0.1824780658273025,improved,improved
SUPPORTIVE_POST_PRIMARY_READ_ONLY,aishell5,Eval1,learned,cap224_guard_minus_cap224,guard_after_cap,A5E1_005,cap224,cap224_guard,control_cap224_cfg_low_packet_gated,control_cap224_guarded_cfg_low_packet_gated,False,1078,2979,5059,1199,702,2782,4683,1.5720040281973817,0.36186639812017457,0.21308559003755684,1216,2979,3134,675,1088,1243,3006,1.0090634441087614,0.4081906680093991,0.3880025526483727,1216,2979,3134,675,1088,1243,3006,1.0090634441087614,0.4081906680093991,0.3880025526483727,138,138,0.046324269889224556,0.046324269889224556,0.17491696261081585,0.17491696261081585,improved,improved
SUPPORTIVE_POST_PRIMARY_READ_ONLY,aishell5,Eval1,learned,cap224_guard_minus_cap224,guard_after_cap,A5E1_006,cap224,cap224_guard,control_cap224_cfg_low_packet_gated,control_cap224_guarded_cfg_low_packet_gated,False,339,2142,4073,1587,216,2147,3950,1.8440709617180207,0.15826330532212884,0.08323103363614044,577,2142,1864,521,1044,766,2331,1.088235294117647,0.26937441643323995,0.309549356223176,577,2142,1864,521,1044,766,2331,1.088235294117647,0.26937441643323995,0.309549356223176,238,238,0.1111111111111111,0.1111111111111111,0.22631832258703555,0.22631832258703555,improved,improved
SUPPORTIVE_POST_PRIMARY_READ_ONLY,aishell5,Eval1,learned,cap224_guard_minus_cap224,guard_after_cap,A5E1_007,cap224,cap224_guard,control_cap224_cfg_low_packet_gated,control_cap224_guarded_cfg_low_packet_gated,True,535,2939,4541,2099,305,1907,4311,1.466825450833617,0.18203470568220484,0.11781545914996697,913,2939,2524,627,1399,984,3010,1.0241578768288533,0.3106498809118748,0.36172741679873216,698,2939,2524,692,1549,1134,3375,1.1483497788363388,0.23749574685267097,0.2765451664025357,378,163,0.12861517522966995,0.05546104117046613,0.2439119576487652,0.1587297072525687,improved,improved
SUPPORTIVE_POST_PRIMARY_READ_ONLY,aishell5,Eval1,learned,cap224_guard_minus_cap224,guard_after_cap,A5E1_008,cap224,cap224_guard,control_cap224_cfg_low_packet_gated,control_cap224_guarded_cfg_low_packet_gated,False,2076,4270,8962,1402,792,5484,7678,1.798126463700234,0.48618266978922714,0.2316447221602321,2055,4270,5370,1120,1095,2195,4410,1.0327868852459017,0.4812646370023419,0.38268156424581007,2055,4270,5370,1120,1095,2195,4410,1.0327868852459017,0.4812646370023419,0.38268156424581007,-21,-21,-0.00491803278688524,-0.00491803278688524,0.15103684208557797,0.15103684208557797,worsened,worsened
SUPPORTIVE_POST_PRIMARY_READ_ONLY,aishell5,Eval1,learned,cap224_guard_minus_cap224,guard_after_cap,A5E1_009,cap224,cap224_guard,control_cap224_cfg_low_packet_gated,control_cap224_guarded_cfg_low_packet_gated,True,263,2496,3809,1986,247,1560,3793,1.5196314102564104,0.10536858974358974,0.06904699396166973,472,2496,1802,721,1303,609,2633,1.0548878205128205,0.1891025641025641,0.2619311875693674,488,2496,1802,656,1352,658,2666,1.0681089743589745,0.1955128205128205,0.27081021087680357,209,225,0.08373397435897435,0.09014423076923077,0.19288419360769765,0.20176321691513383,improved,improved
SUPPORTIVE_POST_PRIMARY_READ_ONLY,aishell5,Eval1,learned,cap224_guard_minus_cap224,guard_after_cap,A5E1_010,cap224,cap224_guard,control_cap224_cfg_low_packet_gated,control_cap224_guarded_cfg_low_packet_gated,False,179,1860,3741,1637,44,1925,3606,1.9387096774193548,0.09623655913978495,0.04784816893878642,322,1860,1099,437,1101,340,1878,1.0096774193548388,0.17311827956989248,0.2929936305732484,322,1860,1099,437,1101,340,1878,1.0096774193548388,0.17311827956989248,0.2929936305732484,143,143,0.07688172043010753,0.07688172043010753,0.245145461634462,0.245145461634462,improved,improved
SUPPORTIVE_POST_PRIMARY_READ_ONLY,aishell5,Eval1,learned,cap224_guard_minus_cap224,guard_after_cap,A5E1_011,cap224,cap224_guard,control_cap224_cfg_low_packet_gated,control_cap224_guarded_cfg_low_packet_gated,True,675,2265,5133,1445,145,3013,4603,2.0322295805739516,0.2980132450331126,0.1315020455873758,622,2265,2452,1139,504,691,2334,1.0304635761589405,0.27461368653421636,0.2536704730831974,652,2265,2452,1034,579,766,2379,1.0503311258278145,0.2878587196467991,0.265905383360522,-53,-23,-0.023399558498896245,-0.010154525386313507,0.1221684274958216,0.1344033377731462,worsened,worsened
SUPPORTIVE_POST_PRIMARY_READ_ONLY,aishell5,Eval1,learned,cap224_guard_minus_cap224,guard_after_cap,A5E1_012,cap224,cap224_guard,control_cap224_cfg_low_packet_gated,control_cap224_guarded_cfg_low_packet_gated,False,1590,3189,4702,665,934,2447,4046,1.26873628096582,0.49858889934148637,0.3381539770310506,1575,3189,3557,630,984,1352,2966,0.9300721229225463,0.49388523047977423,0.442788867022772,1575,3189,3557,630,984,1352,2966,0.9300721229225463,0.49388523047977423,0.442788867022772,-15,-15,-0.00470366886171214,-0.00470366886171214,0.10463488999172138,0.10463488999172138,worsened,worsened
SUPPORTIVE_POST_PRIMARY_READ_ONLY,aishell5,Eval1,learned,cap224_guard_minus_cap224,guard_after_cap,A5E1_013,cap224,cap224_guard,control_cap224_cfg_low_packet_gated,control_cap224_guarded_cfg_low_packet_gated,False,1366,3256,5175,1081,809,2728,4618,1.4183046683046683,0.41953316953316955,0.2639613526570048,1470,3256,3472,620,1166,1382,3168,0.972972972972973,0.4514742014742015,0.42338709677419356,1470,3256,3472,620,1166,1382,3168,0.972972972972973,0.4514742014742015,0.42338709677419356,104,104,0.03194103194103193,0.03194103194103193,0.15942574411718874,0.15942574411718874,improved,improved
SUPPORTIVE_POST_PRIMARY_READ_ONLY,aishell5,Eval1,learned,cap224_guard_minus_cap224,guard_after_cap,A5E1_014,cap224,cap224_guard,control_cap224_cfg_low_packet_gated,control_cap224_guarded_cfg_low_packet_gated,False,957,2420,3603,1078,385,1568,3031,1.2524793388429751,0.39545454545454545,0.2656119900083264,960,2420,2718,825,635,933,2393,0.9888429752066116,0.39669421487603307,0.35320088300220753,960,2420,2718,825,635,933,2393,0.9888429752066116,0.39669421487603307,0.35320088300220753,3,3,0.0012396694214876214,0.0012396694214876214,0.08758889299388112,0.08758889299388112,improved,improved
SUPPORTIVE_POST_PRIMARY_READ_ONLY,aishell5,Eval1,learned,cap224_guard_minus_cap224,guard_after_cap,A5E1_015,cap224,cap224_guard,control_cap224_cfg_low_packet_gated,control_cap224_guarded_cfg_low_packet_gated,False,1984,4528,8821,1655,889,5182,7726,1.7062720848056536,0.4381625441696113,0.22491780977213469,2112,4528,5065,852,1564,2101,4517,0.9975706713780919,0.4664310954063604,0.4169792694965449,2112,4528,5065,852,1564,2101,4517,0.9975706713780919,0.4664310954063604,0.4169792694965449,128,128,0.028268551236749095,0.028268551236749095,0.19206145972441022,0.19206145972441022,improved,improved
SUPPORTIVE_POST_PRIMARY_READ_ONLY,aishell5,Eval1,learned,cap224_guard_minus_cap224,guard_after_cap,A5E1_016,cap224,cap224_guard,control_cap224_cfg_low_packet_gated,control_cap224_guarded_cfg_low_packet_gated,True,868,2631,3635,1314,449,1453,3216,1.2223489167616877,0.3299125807677689,0.23878954607977992,897,2631,2031,576,1158,558,2292,0.87115165336374,0.3409350057012543,0.44165435745937964,859,2631,2031,620,1152,552,2324,0.8833143291524135,0.32649182820220446,0.42294436238306254,29,-9,0.011022424933485375,-0.0034207525655644555,0.20286481137959972,0.18415481630328262,improved,worsened
SUPPORTIVE_POST_PRIMARY_READ_ONLY,aishell5,Eval1,learned,cap224_guard_minus_cap224,guard_after_cap,A5E1_017,cap224,cap224_guard,control_cap224_cfg_low_packet_gated,control_cap224_guarded_cfg_low_packet_gated,False,464,2196,5117,1684,48,2969,4701,2.140710382513661,0.21129326047358835,0.0906781317178034,541,2196,2882,1277,378,1064,2719,1.23816029143898,0.24635701275045538,0.18771686328938236,541,2196,2882,1277,378,1064,2719,1.23816029143898,0.24635701275045538,0.18771686328938236,77,77,0.03506375227686703,0.03506375227686703,0.09703873157157897,0.09703873157157897,improved,improved
SUPPORTIVE_POST_PRIMARY_READ_ONLY,aishell5,Eval1,learned,cap224_guard_minus_cap224,guard_after_cap,A5E1_018,cap224,cap224_guard,control_cap224_cfg_low_packet_gated,control_cap224_guarded_cfg_low_packet_gated,False,405,2338,3728,1524,409,1799,3732,1.5962360992301112,0.17322497861420016,0.108637339055794,628,2338,2026,516,1194,882,2592,1.1086398631308811,0.2686056458511548,0.3099703849950642,628,2338,2026,516,1194,882,2592,1.1086398631308811,0.2686056458511548,0.3099703849950642,223,223,0.09538066723695465,0.09538066723695465,0.2013330459392702,0.2013330459392702,improved,improved
SUPPORTIVE_POST_PRIMARY_READ_ONLY,aishell5,Eval1,learned,cap224_fallback_minus_cap224,fallback_stage,A5E1_001,cap224,cap224_fallback,control_cap224_cfg_low_packet_gated,control_cap224_fallback_cfg_low_packet_gated,False,311,1415,2725,1041,63,1373,2477,1.750530035335689,0.21978798586572437,0.11412844036697248,327,1415,1003,512,576,164,1252,0.8848056537102473,0.23109540636042403,0.32602193419740777,327,1415,1003,512,576,164,1252,0.8848056537102473,0.23109540636042403,0.32602193419740777,16,16,0.011307420494699655,0.011307420494699655,0.2118934938304353,0.2118934938304353,improved,improved
SUPPORTIVE_POST_PRIMARY_READ_ONLY,aishell5,Eval1,learned,cap224_fallback_minus_cap224,fallback_stage,A5E1_002,cap224,cap224_fallback,control_cap224_cfg_low_packet_gated,control_cap224_fallback_cfg_low_packet_gated,False,850,3204,5556,2011,343,2695,5049,1.5758426966292134,0.26529338327091134,0.15298776097912167,839,3204,3830,1768,597,1223,3588,1.1198501872659177,0.26186017478152307,0.21906005221932115,839,3204,3830,1768,597,1223,3588,1.1198501872659177,0.26186017478152307,0.21906005221932115,-11,-11,-0.003433208489388273,-0.003433208489388273,0.06607229124019948,0.06607229124019948,worsened,worsened
SUPPORTIVE_POST_PRIMARY_READ_ONLY,aishell5,Eval1,learned,cap224_fallback_minus_cap224,fallback_stage,A5E1_003,cap224,cap224_fallback,control_cap224_cfg_low_packet_gated,control_cap224_fallback_cfg_low_packet_gated,True,568,2425,3815,1286,571,1961,3818,1.5744329896907217,0.23422680412371133,0.14888597640891219,610,2425,1927,770,1045,547,2362,0.9740206185567011,0.2515463917525773,0.31655422937208094,600,2425,1927,646,1179,681,2506,1.03340206185567,0.24742268041237114,0.3113648157758173,42,32,0.017319587628865984,0.013195876288659814,0.16766825296316876,0.16247883936690513,improved,improved
SUPPORTIVE_POST_PRIMARY_READ_ONLY,aishell5,Eval1,learned,cap224_fallback_minus_cap224,fallback_stage,A5E1_004,cap224,cap224_fallback,control_cap224_cfg_low_packet_gated,control_cap224_fallback_cfg_low_packet_gated,False,739,2543,4192,1416,388,2037,3841,1.51042076287849,0.29060165159260715,0.1762881679389313,1015,2543,2819,709,819,1095,2623,1.0314589068029887,0.3991348800629178,0.36005675771550194,1015,2543,2819,709,819,1095,2623,1.0314589068029887,0.3991348800629178,0.36005675771550194,276,276,0.10853322847031066,0.10853322847031066,0.18376858977657065,0.18376858977657065,improved,improved
SUPPORTIVE_POST_PRIMARY_READ_ONLY,aishell5,Eval1,learned,cap224_fallback_minus_cap224,fallback_stage,A5E1_005,cap224,cap224_fallback,control_cap224_cfg_low_packet_gated,control_cap224_fallback_cfg_low_packet_gated,False,1078,2979,5059,1199,702,2782,4683,1.5720040281973817,0.36186639812017457,0.21308559003755684,1235,2979,3410,713,1031,1462,3206,1.076200067136623,0.414568647197046,0.3621700879765396,1235,2979,3410,713,1031,1462,3206,1.076200067136623,0.414568647197046,0.3621700879765396,157,157,0.05270224907687143,0.05270224907687143,0.14908449793898276,0.14908449793898276,improved,improved
SUPPORTIVE_POST_PRIMARY_READ_ONLY,aishell5,Eval1,learned,cap224_fallback_minus_cap224,fallback_stage,A5E1_006,cap224,cap224_fallback,control_cap224_cfg_low_packet_gated,control_cap224_fallback_cfg_low_packet_gated,True,339,2142,4073,1587,216,2147,3950,1.8440709617180207,0.15826330532212884,0.08323103363614044,398,2142,2225,837,907,990,2734,1.276377217553688,0.1858076563958917,0.17887640449438202,565,2142,2225,457,1120,1203,2780,1.2978524743230626,0.2637721755368814,0.2539325842696629,59,226,0.02754435107376285,0.10550887021475258,0.09564537085824158,0.1707015506335225,improved,improved
SUPPORTIVE_POST_PRIMARY_READ_ONLY,aishell5,Eval1,learned,cap224_fallback_minus_cap224,fallback_stage,A5E1_007,cap224,cap224_fallback,control_cap224_cfg_low_packet_gated,control_cap224_fallback_cfg_low_packet_gated,True,535,2939,4541,2099,305,1907,4311,1.466825450833617,0.18203470568220484,0.11781545914996697,1004,2939,2746,675,1260,1067,3002,1.0214358625382782,0.3416127934671657,0.36562272396212675,766,2939,2746,739,1434,1241,3414,1.161619598502892,0.2606328683225587,0.2789512017479971,469,231,0.15957808778496088,0.07859816264035388,0.24780726481215978,0.16113574259803012,improved,improved
SUPPORTIVE_POST_PRIMARY_READ_ONLY,aishell5,Eval1,learned,cap224_fallback_minus_cap224,fallback_stage,A5E1_008,cap224,cap224_fallback,control_cap224_cfg_low_packet_gated,control_cap224_fallback_cfg_low_packet_gated,False,2076,4270,8962,1402,792,5484,7678,1.798126463700234,0.48618266978922714,0.2316447221602321,2088,4270,5813,1123,1059,2602,4784,1.1203747072599533,0.4889929742388759,0.3591949079649062,2088,4270,5813,1123,1059,2602,4784,1.1203747072599533,0.4889929742388759,0.3591949079649062,12,12,0.0028103044496487484,0.0028103044496487484,0.12755018580467412,0.12755018580467412,improved,improved
SUPPORTIVE_POST_PRIMARY_READ_ONLY,aishell5,Eval1,learned,cap224_fallback_minus_cap224,fallback_stage,A5E1_009,cap224,cap224_fallback,control_cap224_cfg_low_packet_gated,control_cap224_fallback_cfg_low_packet_gated,False,263,2496,3809,1986,247,1560,3793,1.5196314102564104,0.10536858974358974,0.06904699396166973,512,2496,1990,805,1179,673,2657,1.064503205128205,0.20512820512820512,0.25728643216080405,512,2496,1990,805,1179,673,2657,1.064503205128205,0.20512820512820512,0.25728643216080405,249,249,0.09975961538461538,0.09975961538461538,0.1882394381991343,0.1882394381991343,improved,improved
SUPPORTIVE_POST_PRIMARY_READ_ONLY,aishell5,Eval1,learned,cap224_fallback_minus_cap224,fallback_stage,A5E1_010,cap224,cap224_fallback,control_cap224_cfg_low_packet_gated,control_cap224_fallback_cfg_low_packet_gated,False,179,1860,3741,1637,44,1925,3606,1.9387096774193548,0.09623655913978495,0.04784816893878642,277,1860,1321,645,938,399,1982,1.0655913978494624,0.1489247311827957,0.20968962906888722,277,1860,1321,645,938,399,1982,1.0655913978494624,0.1489247311827957,0.20968962906888722,98,98,0.05268817204301075,0.05268817204301075,0.1618414601301008,0.1618414601301008,improved,improved
SUPPORTIVE_POST_PRIMARY_READ_ONLY,aishell5,Eval1,learned,cap224_fallback_minus_cap224,fallback_stage,A5E1_011,cap224,cap224_fallback,control_cap224_cfg_low_packet_gated,control_cap224_fallback_cfg_low_packet_gated,False,675,2265,5133,1445,145,3013,4603,2.0322295805739516,0.2980132450331126,0.1315020455873758,595,2265,2119,1045,625,479,2149,0.9487858719646799,0.26269315673289184,0.28079282680509676,595,2265,2119,1045,625,479,2149,0.9487858719646799,0.26269315673289184,0.28079282680509676,-80,-80,-0.035320088300220764,-0.035320088300220764,0.14929078121772096,0.14929078121772096,worsened,worsened
SUPPORTIVE_POST_PRIMARY_READ_ONLY,aishell5,Eval1,learned,cap224_fallback_minus_cap224,fallback_stage,A5E1_012,cap224,cap224_fallback,control_cap224_cfg_low_packet_gated,control_cap224_fallback_cfg_low_packet_gated,False,1590,3189,4702,665,934,2447,4046,1.26873628096582,0.49858889934148637,0.3381539770310506,1621,3189,3635,611,957,1403,2971,0.931640012543117,0.5083098149890247,0.44594222833562586,1621,3189,3635,611,957,1403,2971,0.931640012543117,0.5083098149890247,0.44594222833562586,31,31,0.009720915647538353,0.009720915647538353,0.10778825130457526,0.10778825130457526,improved,improved
SUPPORTIVE_POST_PRIMARY_READ_ONLY,aishell5,Eval1,learned,cap224_fallback_minus_cap224,fallback_stage,A5E1_013,cap224,cap224_fallback,control_cap224_cfg_low_packet_gated,control_cap224_fallback_cfg_low_packet_gated,False,1366,3256,5175,1081,809,2728,4618,1.4183046683046683,0.41953316953316955,0.2639613526570048,1509,3256,3543,645,1102,1389,3136,0.9631449631449631,0.46345208845208846,0.4259102455546147,1509,3256,3543,645,1102,1389,3136,0.9631449631449631,0.46345208845208846,0.4259102455546147,143,143,0.043918918918918914,0.043918918918918914,0.1619488928976099,0.1619488928976099,improved,improved
SUPPORTIVE_POST_PRIMARY_READ_ONLY,aishell5,Eval1,learned,cap224_fallback_minus_cap224,fallback_stage,A5E1_014,cap224,cap224_fallback,control_cap224_cfg_low_packet_gated,control_cap224_fallback_cfg_low_packet_gated,True,957,2420,3603,1078,385,1568,3031,1.2524793388429751,0.39545454545454545,0.2656119900083264,958,2420,2573,850,612,765,2227,0.9202479338842975,0.3958677685950413,0.37232802176447727,959,2420,2573,783,678,831,2292,0.947107438016529,0.3962809917355372,0.37271667314418966,1,2,0.0004132231404958553,0.0008264462809917661,0.10671603175615085,0.10710468313586324,improved,improved
SUPPORTIVE_POST_PRIMARY_READ_ONLY,aishell5,Eval1,learned,cap224_fallback_minus_cap224,fallback_stage,A5E1_015,cap224,cap224_fallback,control_cap224_cfg_low_packet_gated,control_cap224_fallback_cfg_low_packet_gated,False,1984,4528,8821,1655,889,5182,7726,1.7062720848056536,0.4381625441696113,0.22491780977213469,2193,4528,5471,980,1355,2298,4633,1.0231890459363957,0.4843197879858657,0.4008407969292634,2193,4528,5471,980,1355,2298,4633,1.0231890459363957,0.4843197879858657,0.4008407969292634,209,209,0.04615724381625441,0.04615724381625441,0.1759229871571287,0.1759229871571287,improved,improved
SUPPORTIVE_POST_PRIMARY_READ_ONLY,aishell5,Eval1,learned,cap224_fallback_minus_cap224,fallback_stage,A5E1_016,cap224,cap224_fallback,control_cap224_cfg_low_packet_gated,control_cap224_fallback_cfg_low_packet_gated,True,868,2631,3635,1314,449,1453,3216,1.2223489167616877,0.3299125807677689,0.23878954607977992,932,2631,1999,628,1071,439,2138,0.8126187761307487,0.3542379323451159,0.46623311655827915,873,2631,1999,537,1221,589,2347,0.8920562523755227,0.33181299885974913,0.4367183591795898,64,5,0.024325351577347,0.001900418091980216,0.22744357047849922,0.19792881309980986,improved,improved
SUPPORTIVE_POST_PRIMARY_READ_ONLY,aishell5,Eval1,learned,cap224_fallback_minus_cap224,fallback_stage,A5E1_017,cap224,cap224_fallback,control_cap224_cfg_low_packet_gated,control_cap224_fallback_cfg_low_packet_gated,False,464,2196,5117,1684,48,2969,4701,2.140710382513661,0.21129326047358835,0.0906781317178034,522,2196,3225,1460,214,1243,2917,1.3283242258652095,0.23770491803278687,0.16186046511627908,522,2196,3225,1460,214,1243,2917,1.3283242258652095,0.23770491803278687,0.16186046511627908,58,58,0.026411657559198526,0.026411657559198526,0.07118233339847568,0.07118233339847568,improved,improved
SUPPORTIVE_POST_PRIMARY_READ_ONLY,aishell5,Eval1,learned,cap224_fallback_minus_cap224,fallback_stage,A5E1_018,cap224,cap224_fallback,control_cap224_cfg_low_packet_gated,control_cap224_fallback_cfg_low_packet_gated,False,405,2338,3728,1524,409,1799,3732,1.5962360992301112,0.17322497861420016,0.108637339055794,641,2338,2059,557,1140,861,2558,1.0940975192472198,0.27416595380667236,0.3113161728994658,641,2338,2059,557,1140,861,2558,1.0940975192472198,0.27416595380667236,0.3113161728994658,236,236,0.1009409751924722,0.1009409751924722,0.2026788338436718,0.2026788338436718,improved,improved
SUPPORTIVE_POST_PRIMARY_READ_ONLY,aishell5,Eval1,learned,cap224_fallback_guard_minus_cap224_fallback,residual_guard_after_fallback,A5E1_001,cap224_fallback,cap224_fallback_guard,control_cap224_fallback_cfg_low_packet_gated,control_cap224_fallback_guarded_cfg_low_packet_gated,False,327,1415,1003,512,576,164,1252,0.8848056537102473,0.23109540636042403,0.32602193419740777,327,1415,1003,512,576,164,1252,0.8848056537102473,0.23109540636042403,0.32602193419740777,327,1415,1003,512,576,164,1252,0.8848056537102473,0.23109540636042403,0.32602193419740777,0,0,0.0,0.0,0.0,0.0,tie,tie
SUPPORTIVE_POST_PRIMARY_READ_ONLY,aishell5,Eval1,learned,cap224_fallback_guard_minus_cap224_fallback,residual_guard_after_fallback,A5E1_002,cap224_fallback,cap224_fallback_guard,control_cap224_fallback_cfg_low_packet_gated,control_cap224_fallback_guarded_cfg_low_packet_gated,False,839,3204,3830,1768,597,1223,3588,1.1198501872659177,0.26186017478152307,0.21906005221932115,839,3204,3830,1768,597,1223,3588,1.1198501872659177,0.26186017478152307,0.21906005221932115,839,3204,3830,1768,597,1223,3588,1.1198501872659177,0.26186017478152307,0.21906005221932115,0,0,0.0,0.0,0.0,0.0,tie,tie
SUPPORTIVE_POST_PRIMARY_READ_ONLY,aishell5,Eval1,learned,cap224_fallback_guard_minus_cap224_fallback,residual_guard_after_fallback,A5E1_003,cap224_fallback,cap224_fallback_guard,control_cap224_fallback_cfg_low_packet_gated,control_cap224_fallback_guarded_cfg_low_packet_gated,False,610,2425,1927,770,1045,547,2362,0.9740206185567011,0.2515463917525773,0.31655422937208094,610,2425,1927,770,1045,547,2362,0.9740206185567011,0.2515463917525773,0.31655422937208094,610,2425,1927,770,1045,547,2362,0.9740206185567011,0.2515463917525773,0.31655422937208094,0,0,0.0,0.0,0.0,0.0,tie,tie
SUPPORTIVE_POST_PRIMARY_READ_ONLY,aishell5,Eval1,learned,cap224_fallback_guard_minus_cap224_fallback,residual_guard_after_fallback,A5E1_004,cap224_fallback,cap224_fallback_guard,control_cap224_fallback_cfg_low_packet_gated,control_cap224_fallback_guarded_cfg_low_packet_gated,False,1015,2543,2819,709,819,1095,2623,1.0314589068029887,0.3991348800629178,0.36005675771550194,1015,2543,2819,709,819,1095,2623,1.0314589068029887,0.3991348800629178,0.36005675771550194,1015,2543,2819,709,819,1095,2623,1.0314589068029887,0.3991348800629178,0.36005675771550194,0,0,0.0,0.0,0.0,0.0,tie,tie
SUPPORTIVE_POST_PRIMARY_READ_ONLY,aishell5,Eval1,learned,cap224_fallback_guard_minus_cap224_fallback,residual_guard_after_fallback,A5E1_005,cap224_fallback,cap224_fallback_guard,control_cap224_fallback_cfg_low_packet_gated,control_cap224_fallback_guarded_cfg_low_packet_gated,False,1235,2979,3410,713,1031,1462,3206,1.076200067136623,0.414568647197046,0.3621700879765396,1235,2979,3410,713,1031,1462,3206,1.076200067136623,0.414568647197046,0.3621700879765396,1235,2979,3410,713,1031,1462,3206,1.076200067136623,0.414568647197046,0.3621700879765396,0,0,0.0,0.0,0.0,0.0,tie,tie
SUPPORTIVE_POST_PRIMARY_READ_ONLY,aishell5,Eval1,learned,cap224_fallback_guard_minus_cap224_fallback,residual_guard_after_fallback,A5E1_006,cap224_fallback,cap224_fallback_guard,control_cap224_fallback_cfg_low_packet_gated,control_cap224_fallback_guarded_cfg_low_packet_gated,False,398,2142,2225,837,907,990,2734,1.276377217553688,0.1858076563958917,0.17887640449438202,398,2142,2209,821,923,990,2734,1.276377217553688,0.1858076563958917,0.18017202354006337,398,2142,2209,821,923,990,2734,1.276377217553688,0.1858076563958917,0.18017202354006337,0,0,0.0,0.0,0.0012956190456813454,0.0012956190456813454,tie,tie
SUPPORTIVE_POST_PRIMARY_READ_ONLY,aishell5,Eval1,learned,cap224_fallback_guard_minus_cap224_fallback,residual_guard_after_fallback,A5E1_007,cap224_fallback,cap224_fallback_guard,control_cap224_fallback_cfg_low_packet_gated,control_cap224_fallback_guarded_cfg_low_packet_gated,False,1004,2939,2746,675,1260,1067,3002,1.0214358625382782,0.3416127934671657,0.36562272396212675,1004,2939,2746,675,1260,1067,3002,1.0214358625382782,0.3416127934671657,0.36562272396212675,1004,2939,2746,675,1260,1067,3002,1.0214358625382782,0.3416127934671657,0.36562272396212675,0,0,0.0,0.0,0.0,0.0,tie,tie
SUPPORTIVE_POST_PRIMARY_READ_ONLY,aishell5,Eval1,learned,cap224_fallback_guard_minus_cap224_fallback,residual_guard_after_fallback,A5E1_008,cap224_fallback,cap224_fallback_guard,control_cap224_fallback_cfg_low_packet_gated,control_cap224_fallback_guarded_cfg_low_packet_gated,False,2088,4270,5813,1123,1059,2602,4784,1.1203747072599533,0.4889929742388759,0.3591949079649062,2088,4270,5649,1123,1059,2438,4620,1.0819672131147542,0.4889929742388759,0.36962294211364843,2088,4270,5649,1123,1059,2438,4620,1.0819672131147542,0.4889929742388759,0.36962294211364843,0,0,0.0,0.0,0.010428034148742216,0.010428034148742216,tie,tie
SUPPORTIVE_POST_PRIMARY_READ_ONLY,aishell5,Eval1,learned,cap224_fallback_guard_minus_cap224_fallback,residual_guard_after_fallback,A5E1_009,cap224_fallback,cap224_fallback_guard,control_cap224_fallback_cfg_low_packet_gated,control_cap224_fallback_guarded_cfg_low_packet_gated,False,512,2496,1990,805,1179,673,2657,1.064503205128205,0.20512820512820512,0.25728643216080405,512,2496,1990,805,1179,673,2657,1.064503205128205,0.20512820512820512,0.25728643216080405,512,2496,1990,805,1179,673,2657,1.064503205128205,0.20512820512820512,0.25728643216080405,0,0,0.0,0.0,0.0,0.0,tie,tie
SUPPORTIVE_POST_PRIMARY_READ_ONLY,aishell5,Eval1,learned,cap224_fallback_guard_minus_cap224_fallback,residual_guard_after_fallback,A5E1_010,cap224_fallback,cap224_fallback_guard,control_cap224_fallback_cfg_low_packet_gated,control_cap224_fallback_guarded_cfg_low_packet_gated,False,277,1860,1321,645,938,399,1982,1.0655913978494624,0.1489247311827957,0.20968962906888722,277,1860,1321,645,938,399,1982,1.0655913978494624,0.1489247311827957,0.20968962906888722,277,1860,1321,645,938,399,1982,1.0655913978494624,0.1489247311827957,0.20968962906888722,0,0,0.0,0.0,0.0,0.0,tie,tie
SUPPORTIVE_POST_PRIMARY_READ_ONLY,aishell5,Eval1,learned,cap224_fallback_guard_minus_cap224_fallback,residual_guard_after_fallback,A5E1_011,cap224_fallback,cap224_fallback_guard,control_cap224_fallback_cfg_low_packet_gated,control_cap224_fallback_guarded_cfg_low_packet_gated,False,595,2265,2119,1045,625,479,2149,0.9487858719646799,0.26269315673289184,0.28079282680509676,595,2265,2065,991,679,479,2149,0.9487858719646799,0.26269315673289184,0.288135593220339,595,2265,2065,991,679,479,2149,0.9487858719646799,0.26269315673289184,0.288135593220339,0,0,0.0,0.0,0.00734276641524223,0.00734276641524223,tie,tie
SUPPORTIVE_POST_PRIMARY_READ_ONLY,aishell5,Eval1,learned,cap224_fallback_guard_minus_cap224_fallback,residual_guard_after_fallback,A5E1_012,cap224_fallback,cap224_fallback_guard,control_cap224_fallback_cfg_low_packet_gated,control_cap224_fallback_guarded_cfg_low_packet_gated,False,1621,3189,3635,611,957,1403,2971,0.931640012543117,0.5083098149890247,0.44594222833562586,1621,3189,3635,611,957,1403,2971,0.931640012543117,0.5083098149890247,0.44594222833562586,1621,3189,3635,611,957,1403,2971,0.931640012543117,0.5083098149890247,0.44594222833562586,0,0,0.0,0.0,0.0,0.0,tie,tie
SUPPORTIVE_POST_PRIMARY_READ_ONLY,aishell5,Eval1,learned,cap224_fallback_guard_minus_cap224_fallback,residual_guard_after_fallback,A5E1_013,cap224_fallback,cap224_fallback_guard,control_cap224_fallback_cfg_low_packet_gated,control_cap224_fallback_guarded_cfg_low_packet_gated,False,1509,3256,3543,645,1102,1389,3136,0.9631449631449631,0.46345208845208846,0.4259102455546147,1509,3256,3543,645,1102,1389,3136,0.9631449631449631,0.46345208845208846,0.4259102455546147,1509,3256,3543,645,1102,1389,3136,0.9631449631449631,0.46345208845208846,0.4259102455546147,0,0,0.0,0.0,0.0,0.0,tie,tie
SUPPORTIVE_POST_PRIMARY_READ_ONLY,aishell5,Eval1,learned,cap224_fallback_guard_minus_cap224_fallback,residual_guard_after_fallback,A5E1_014,cap224_fallback,cap224_fallback_guard,control_cap224_fallback_cfg_low_packet_gated,control_cap224_fallback_guarded_cfg_low_packet_gated,False,958,2420,2573,850,612,765,2227,0.9202479338842975,0.3958677685950413,0.37232802176447727,958,2420,2553,830,632,765,2227,0.9202479338842975,0.3958677685950413,0.3752448100274187,958,2420,2553,830,632,765,2227,0.9202479338842975,0.3958677685950413,0.3752448100274187,0,0,0.0,0.0,0.00291678826294145,0.00291678826294145,tie,tie
SUPPORTIVE_POST_PRIMARY_READ_ONLY,aishell5,Eval1,learned,cap224_fallback_guard_minus_cap224_fallback,residual_guard_after_fallback,A5E1_015,cap224_fallback,cap224_fallback_guard,control_cap224_fallback_cfg_low_packet_gated,control_cap224_fallback_guarded_cfg_low_packet_gated,False,2193,4528,5471,980,1355,2298,4633,1.0231890459363957,0.4843197879858657,0.4008407969292634,2193,4528,5471,980,1355,2298,4633,1.0231890459363957,0.4843197879858657,0.4008407969292634,2193,4528,5471,980,1355,2298,4633,1.0231890459363957,0.4843197879858657,0.4008407969292634,0,0,0.0,0.0,0.0,0.0,tie,tie
SUPPORTIVE_POST_PRIMARY_READ_ONLY,aishell5,Eval1,learned,cap224_fallback_guard_minus_cap224_fallback,residual_guard_after_fallback,A5E1_016,cap224_fallback,cap224_fallback_guard,control_cap224_fallback_cfg_low_packet_gated,control_cap224_fallback_guarded_cfg_low_packet_gated,False,932,2631,1999,628,1071,439,2138,0.8126187761307487,0.3542379323451159,0.46623311655827915,932,2631,1999,628,1071,439,2138,0.8126187761307487,0.3542379323451159,0.46623311655827915,932,2631,1999,628,1071,439,2138,0.8126187761307487,0.3542379323451159,0.46623311655827915,0,0,0.0,0.0,0.0,0.0,tie,tie
SUPPORTIVE_POST_PRIMARY_READ_ONLY,aishell5,Eval1,learned,cap224_fallback_guard_minus_cap224_fallback,residual_guard_after_fallback,A5E1_017,cap224_fallback,cap224_fallback_guard,control_cap224_fallback_cfg_low_packet_gated,control_cap224_fallback_guarded_cfg_low_packet_gated,False,522,2196,3225,1460,214,1243,2917,1.3283242258652095,0.23770491803278687,0.16186046511627908,502,2196,3110,1482,212,1126,2820,1.284153005464481,0.22859744990892533,0.16141479099678457,502,2196,3110,1482,212,1126,2820,1.284153005464481,0.22859744990892533,0.16141479099678457,-20,-20,-0.00910746812386154,-0.00910746812386154,-0.00044567411949450464,-0.00044567411949450464,worsened,worsened
SUPPORTIVE_POST_PRIMARY_READ_ONLY,aishell5,Eval1,learned,cap224_fallback_guard_minus_cap224_fallback,residual_guard_after_fallback,A5E1_018,cap224_fallback,cap224_fallback_guard,control_cap224_fallback_cfg_low_packet_gated,control_cap224_fallback_guarded_cfg_low_packet_gated,False,641,2338,2059,557,1140,861,2558,1.0940975192472198,0.27416595380667236,0.3113161728994658,641,2338,2059,557,1140,861,2558,1.0940975192472198,0.27416595380667236,0.3113161728994658,641,2338,2059,557,1140,861,2558,1.0940975192472198,0.27416595380667236,0.3113161728994658,0,0,0.0,0.0,0.0,0.0,tie,tie
SUPPORTIVE_POST_PRIMARY_READ_ONLY,aishell5,Eval1,learned,cap224_fallback_guard_minus_raw448,full_control_stack,A5E1_001,raw448,cap224_fallback_guard,raw_cfg_low_packet_gated,control_cap224_fallback_guarded_cfg_low_packet_gated,False,311,1415,4723,1041,63,3371,4475,3.1625441696113072,0.21978798586572437,0.0658479779800974,327,1415,1003,512,576,164,1252,0.8848056537102473,0.23109540636042403,0.32602193419740777,327,1415,1003,512,576,164,1252,0.8848056537102473,0.23109540636042403,0.32602193419740777,16,16,0.011307420494699655,0.011307420494699655,0.2601739562173104,0.2601739562173104,improved,improved
SUPPORTIVE_POST_PRIMARY_READ_ONLY,aishell5,Eval1,learned,cap224_fallback_guard_minus_raw448,full_control_stack,A5E1_002,raw448,cap224_fallback_guard,raw_cfg_low_packet_gated,control_cap224_fallback_guarded_cfg_low_packet_gated,False,764,3204,8625,2245,195,5616,8056,2.5143570536828963,0.23845193508114856,0.08857971014492753,839,3204,3830,1768,597,1223,3588,1.1198501872659177,0.26186017478152307,0.21906005221932115,839,3204,3830,1768,597,1223,3588,1.1198501872659177,0.26186017478152307,0.21906005221932115,75,75,0.023408239700374506,0.023408239700374506,0.13048034207439363,0.13048034207439363,improved,improved
SUPPORTIVE_POST_PRIMARY_READ_ONLY,aishell5,Eval1,learned,cap224_fallback_guard_minus_raw448,full_control_stack,A5E1_003,raw448,cap224_fallback_guard,raw_cfg_low_packet_gated,control_cap224_fallback_guarded_cfg_low_packet_gated,True,473,2425,6340,1712,240,4155,6107,2.5183505154639176,0.19505154639175257,0.07460567823343849,610,2425,1927,770,1045,547,2362,0.9740206185567011,0.2515463917525773,0.31655422937208094,600,2425,1927,646,1179,681,2506,1.03340206185567,0.24742268041237114,0.3113648157758173,137,127,0.05649484536082475,0.052371134020618576,0.24194855113864244,0.23675913754237882,improved,improved
SUPPORTIVE_POST_PRIMARY_READ_ONLY,aishell5,Eval1,learned,cap224_fallback_guard_minus_raw448,full_control_stack,A5E1_004,raw448,cap224_fallback_guard,raw_cfg_low_packet_gated,control_cap224_fallback_guarded_cfg_low_packet_gated,True,598,2543,6109,1796,149,3715,5660,2.2257176563114434,0.23515532835233977,0.09788836143394991,1015,2543,2819,709,819,1095,2623,1.0314589068029887,0.3991348800629178,0.36005675771550194,817,2543,2819,734,992,1268,2994,1.1773495871018482,0.321274085725521,0.28981908478183754,417,219,0.16397955171057804,0.08611875737318125,0.26216839628155203,0.19193072334788763,improved,improved
SUPPORTIVE_POST_PRIMARY_READ_ONLY,aishell5,Eval1,learned,cap224_fallback_guard_minus_raw448,full_control_stack,A5E1_005,raw448,cap224_fallback_guard,raw_cfg_low_packet_gated,control_cap224_fallback_guarded_cfg_low_packet_gated,True,831,2979,7203,1880,268,4492,6640,2.2289358845250082,0.27895266868076535,0.1153685964181591,1235,2979,3410,713,1031,1462,3206,1.076200067136623,0.414568647197046,0.3621700879765396,1230,2979,3410,590,1159,1590,3339,1.1208459214501512,0.41289023162134947,0.36070381231671556,404,399,0.13561597851628066,0.13393756294058412,0.2468014915583805,0.24533521589855645,improved,improved
SUPPORTIVE_POST_PRIMARY_READ_ONLY,aishell5,Eval1,learned,cap224_fallback_guard_minus_raw448,full_control_stack,A5E1_006,raw448,cap224_fallback_guard,raw_cfg_low_packet_gated,control_cap224_fallback_guarded_cfg_low_packet_gated,True,333,2142,6506,1752,57,4421,6230,2.9084967320261437,0.15546218487394958,0.05118352290193667,398,2142,2209,821,923,990,2734,1.276377217553688,0.1858076563958917,0.18017202354006337,565,2142,2209,457,1120,1187,2764,1.2903828197945846,0.2637721755368814,0.2557718424626528,65,232,0.030345471521942113,0.10830999066293184,0.1289885006381267,0.2045883195607161,improved,improved
SUPPORTIVE_POST_PRIMARY_READ_ONLY,aishell5,Eval1,learned,cap224_fallback_guard_minus_raw448,full_control_stack,A5E1_007,raw448,cap224_fallback_guard,raw_cfg_low_packet_gated,control_cap224_fallback_guarded_cfg_low_packet_gated,True,582,2939,6728,2170,187,3976,6333,2.154814562776455,0.19802653963933312,0.08650416171224733,1004,2939,2746,675,1260,1067,3002,1.0214358625382782,0.3416127934671657,0.36562272396212675,766,2939,2746,739,1434,1241,3414,1.161619598502892,0.2606328683225587,0.2789512017479971,422,184,0.1435862538278326,0.0626063286832256,0.2791185622498794,0.19244704003574975,improved,improved
SUPPORTIVE_POST_PRIMARY_READ_ONLY,aishell5,Eval1,learned,cap224_fallback_guard_minus_raw448,full_control_stack,A5E1_008,raw448,cap224_fallback_guard,raw_cfg_low_packet_gated,control_cap224_fallback_guarded_cfg_low_packet_gated,False,2090,4270,13386,1395,785,9901,12081,2.8292740046838407,0.4894613583138173,0.15613327356940088,2088,4270,5649,1123,1059,2438,4620,1.0819672131147542,0.4889929742388759,0.36962294211364843,2088,4270,5649,1123,1059,2438,4620,1.0819672131147542,0.4889929742388759,0.36962294211364843,-2,-2,-0.0004683840749414303,-0.0004683840749414303,0.21348966854424756,0.21348966854424756,worsened,worsened
SUPPORTIVE_POST_PRIMARY_READ_ONLY,aishell5,Eval1,learned,cap224_fallback_guard_minus_raw448,full_control_stack,A5E1_009,raw448,cap224_fallback_guard,raw_cfg_low_packet_gated,control_cap224_fallback_guarded_cfg_low_packet_gated,False,257,2496,5972,2203,36,3512,5751,2.3040865384615383,0.10296474358974358,0.043034159410582716,512,2496,1990,805,1179,673,2657,1.064503205128205,0.20512820512820512,0.25728643216080405,512,2496,1990,805,1179,673,2657,1.064503205128205,0.20512820512820512,0.25728643216080405,255,255,0.10216346153846154,0.10216346153846154,0.21425227275022132,0.21425227275022132,improved,improved
SUPPORTIVE_POST_PRIMARY_READ_ONLY,aishell5,Eval1,learned,cap224_fallback_guard_minus_raw448,full_control_stack,A5E1_010,raw448,cap224_fallback_guard,raw_cfg_low_packet_gated,control_cap224_fallback_guarded_cfg_low_packet_gated,True,210,1860,6517,1627,23,4680,6330,3.403225806451613,0.11290322580645161,0.0322234156820623,277,1860,1321,645,938,399,1982,1.0655913978494624,0.1489247311827957,0.20968962906888722,249,1860,1321,523,1088,549,2160,1.1612903225806452,0.1338709677419355,0.18849356548069643,67,39,0.03602150537634409,0.020967741935483883,0.17746621338682492,0.15627014979863413,improved,improved
SUPPORTIVE_POST_PRIMARY_READ_ONLY,aishell5,Eval1,learned,cap224_fallback_guard_minus_raw448,full_control_stack,A5E1_011,raw448,cap224_fallback_guard,raw_cfg_low_packet_gated,control_cap224_fallback_guarded_cfg_low_packet_gated,False,678,2265,8503,1442,145,6383,7970,3.5187637969094925,0.2993377483443709,0.0797365635658003,595,2265,2065,991,679,479,2149,0.9487858719646799,0.26269315673289184,0.288135593220339,595,2265,2065,991,679,479,2149,0.9487858719646799,0.26269315673289184,0.288135593220339,-83,-83,-0.03664459161147904,-0.03664459161147904,0.2083990296545387,0.2083990296545387,worsened,worsened
SUPPORTIVE_POST_PRIMARY_READ_ONLY,aishell5,Eval1,learned,cap224_fallback_guard_minus_raw448,full_control_stack,A5E1_012,raw448,cap224_fallback_guard,raw_cfg_low_packet_gated,control_cap224_fallback_guarded_cfg_low_packet_gated,False,1388,3189,6004,1125,676,3491,5292,1.6594543744120414,0.4352461586704296,0.23117921385742837,1621,3189,3635,611,957,1403,2971,0.931640012543117,0.5083098149890247,0.44594222833562586,1621,3189,3635,611,957,1403,2971,0.931640012543117,0.5083098149890247,0.44594222833562586,233,233,0.07306365631859513,0.07306365631859513,0.21476301447819748,0.21476301447819748,improved,improved
SUPPORTIVE_POST_PRIMARY_READ_ONLY,aishell5,Eval1,learned,cap224_fallback_guard_minus_raw448,full_control_stack,A5E1_013,raw448,cap224_fallback_guard,raw_cfg_low_packet_gated,control_cap224_fallback_guarded_cfg_low_packet_gated,False,1199,3256,7246,1428,629,4619,6676,2.0503685503685505,0.36824324324324326,0.16547060447143253,1509,3256,3543,645,1102,1389,3136,0.9631449631449631,0.46345208845208846,0.4259102455546147,1509,3256,3543,645,1102,1389,3136,0.9631449631449631,0.46345208845208846,0.4259102455546147,310,310,0.0952088452088452,0.0952088452088452,0.2604396410831822,0.2604396410831822,improved,improved
SUPPORTIVE_POST_PRIMARY_READ_ONLY,aishell5,Eval1,learned,cap224_fallback_guard_minus_raw448,full_control_stack,A5E1_014,raw448,cap224_fallback_guard,raw_cfg_low_packet_gated,control_cap224_fallback_guarded_cfg_low_packet_gated,True,957,2420,4980,1254,209,2769,4232,1.7487603305785124,0.39545454545454545,0.19216867469879517,958,2420,2553,830,632,765,2227,0.9202479338842975,0.3958677685950413,0.3752448100274187,959,2420,2553,763,698,831,2292,0.947107438016529,0.3962809917355372,0.3756365060712887,1,2,0.0004132231404958553,0.0008264462809917661,0.18307613532862355,0.1834678313724935,improved,improved
SUPPORTIVE_POST_PRIMARY_READ_ONLY,aishell5,Eval1,learned,cap224_fallback_guard_minus_raw448,full_control_stack,A5E1_015,raw448,cap224_fallback_guard,raw_cfg_low_packet_gated,control_cap224_fallback_guarded_cfg_low_packet_gated,False,1961,4528,13084,1738,829,9385,11952,2.639575971731449,0.433083038869258,0.14987771323754204,2193,4528,5471,980,1355,2298,4633,1.0231890459363957,0.4843197879858657,0.4008407969292634,2193,4528,5471,980,1355,2298,4633,1.0231890459363957,0.4843197879858657,0.4008407969292634,232,232,0.05123674911660775,0.05123674911660775,0.2509630836917214,0.2509630836917214,improved,improved
SUPPORTIVE_POST_PRIMARY_READ_ONLY,aishell5,Eval1,learned,cap224_fallback_guard_minus_raw448,full_control_stack,A5E1_016,raw448,cap224_fallback_guard,raw_cfg_low_packet_gated,control_cap224_fallback_guarded_cfg_low_packet_gated,False,704,2631,5399,1709,218,2986,4913,1.8673508171797795,0.2675788673508172,0.13039451750324135,932,2631,1999,628,1071,439,2138,0.8126187761307487,0.3542379323451159,0.46623311655827915,932,2631,1999,628,1071,439,2138,0.8126187761307487,0.3542379323451159,0.46623311655827915,228,228,0.0866590649942987,0.0866590649942987,0.33583859905503777,0.33583859905503777,improved,improved
SUPPORTIVE_POST_PRIMARY_READ_ONLY,aishell5,Eval1,learned,cap224_fallback_guard_minus_raw448,full_control_stack,A5E1_017,raw448,cap224_fallback_guard,raw_cfg_low_packet_gated,control_cap224_fallback_guarded_cfg_low_packet_gated,False,519,2196,7918,1628,49,5771,7448,3.3916211293260474,0.23633879781420766,0.06554685526648144,502,2196,3110,1482,212,1126,2820,1.284153005464481,0.22859744990892533,0.16141479099678457,502,2196,3110,1482,212,1126,2820,1.284153005464481,0.22859744990892533,0.16141479099678457,-17,-17,-0.007741347905282331,-0.007741347905282331,0.09586793573030314,0.09586793573030314,worsened,worsened
SUPPORTIVE_POST_PRIMARY_READ_ONLY,aishell5,Eval1,learned,cap224_fallback_guard_minus_raw448,full_control_stack,A5E1_018,raw448,cap224_fallback_guard,raw_cfg_low_packet_gated,control_cap224_fallback_guarded_cfg_low_packet_gated,True,216,2338,5615,2122,0,3277,5399,2.309238665526091,0.09238665526090675,0.03846838824577026,641,2338,2059,557,1140,861,2558,1.0940975192472198,0.27416595380667236,0.3113161728994658,346,2338,2059,529,1463,1184,3176,1.358426005132592,0.14798973481608213,0.1680427391937834,425,130,0.1817792985457656,0.05560307955517538,0.2728477846536955,0.12957435094801315,improved,improved
SUPPORTIVE_POST_PRIMARY_READ_ONLY,aishell5,Eval1,learned,cap224_compression_abstention_minus_raw448,deletion_anchor_not_recommended_policy,A5E1_001,raw448,cap224_compression_abstention,raw_cfg_low_packet_gated,control_cap224_cr24_abstain_cfg_low_packet_gated,False,311,1415,4723,1041,63,3371,4475,3.1625441696113072,0.21978798586572437,0.0658479779800974,258,1415,662,276,881,128,1285,0.9081272084805654,0.1823321554770318,0.38972809667673713,258,1415,662,276,881,128,1285,0.9081272084805654,0.1823321554770318,0.38972809667673713,-53,-53,-0.037455830388692574,-0.037455830388692574,0.32388011869663974,0.32388011869663974,worsened,worsened
SUPPORTIVE_POST_PRIMARY_READ_ONLY,aishell5,Eval1,learned,cap224_compression_abstention_minus_raw448,deletion_anchor_not_recommended_policy,A5E1_002,raw448,cap224_compression_abstention,raw_cfg_low_packet_gated,control_cap224_cr24_abstain_cfg_low_packet_gated,False,764,3204,8625,2245,195,5616,8056,2.5143570536828963,0.23845193508114856,0.08857971014492753,1146,3204,2398,560,1498,692,2750,0.8583021223470662,0.35767790262172283,0.4778982485404504,1146,3204,2398,560,1498,692,2750,0.8583021223470662,0.35767790262172283,0.4778982485404504,382,382,0.11922596754057427,0.11922596754057427,0.38931853839552283,0.38931853839552283,improved,improved
SUPPORTIVE_POST_PRIMARY_READ_ONLY,aishell5,Eval1,learned,cap224_compression_abstention_minus_raw448,deletion_anchor_not_recommended_policy,A5E1_003,raw448,cap224_compression_abstention,raw_cfg_low_packet_gated,control_cap224_cr24_abstain_cfg_low_packet_gated,True,473,2425,6340,1712,240,4155,6107,2.5183505154639176,0.19505154639175257,0.07460567823343849,556,2425,1180,440,1429,184,2053,0.8465979381443299,0.2292783505154639,0.4711864406779661,530,2425,1180,335,1560,315,2210,0.911340206185567,0.21855670103092784,0.4491525423728814,83,57,0.034226804123711346,0.02350515463917527,0.3965807624445276,0.3745468641394429,improved,improved
SUPPORTIVE_POST_PRIMARY_READ_ONLY,aishell5,Eval1,learned,cap224_compression_abstention_minus_raw448,deletion_anchor_not_recommended_policy,A5E1_004,raw448,cap224_compression_abstention,raw_cfg_low_packet_gated,control_cap224_cr24_abstain_cfg_low_packet_gated,True,598,2543,6109,1796,149,3715,5660,2.2257176563114434,0.23515532835233977,0.09788836143394991,825,2543,2201,496,1222,880,2598,1.0216279984270547,0.3244199764058199,0.37482962289868244,653,2543,2201,538,1352,1010,2900,1.1403853716083365,0.2567833267793944,0.29668332576101775,227,55,0.08926464805348011,0.02162799842705465,0.2769412614647325,0.19879496432706784,improved,improved
SUPPORTIVE_POST_PRIMARY_READ_ONLY,aishell5,Eval1,learned,cap224_compression_abstention_minus_raw448,deletion_anchor_not_recommended_policy,A5E1_005,raw448,cap224_compression_abstention,raw_cfg_low_packet_gated,control_cap224_cr24_abstain_cfg_low_packet_gated,True,831,2979,7203,1880,268,4492,6640,2.2289358845250082,0.27895266868076535,0.1153685964181591,1189,2979,2867,642,1148,1036,2826,0.9486404833836858,0.3991272239006378,0.41471921869550055,1046,2979,2867,481,1452,1340,3273,1.0986908358509566,0.35112453843571667,0.3648412975235438,358,215,0.12017455521987247,0.07217186975495132,0.29935062227734144,0.24947270110538466,improved,improved
SUPPORTIVE_POST_PRIMARY_READ_ONLY,aishell5,Eval1,learned,cap224_compression_abstention_minus_raw448,deletion_anchor_not_recommended_policy,A5E1_006,raw448,cap224_compression_abstention,raw_cfg_low_packet_gated,control_cap224_cr24_abstain_cfg_low_packet_gated,False,333,2142,6506,1752,57,4421,6230,2.9084967320261437,0.15546218487394958,0.05118352290193667,527,2142,1560,433,1182,600,2215,1.0340802987861812,0.24603174603174602,0.33782051282051284,527,2142,1560,433,1182,600,2215,1.0340802987861812,0.24603174603174602,0.33782051282051284,194,194,0.09056956115779644,0.09056956115779644,0.28663698991857617,0.28663698991857617,improved,improved
SUPPORTIVE_POST_PRIMARY_READ_ONLY,aishell5,Eval1,learned,cap224_compression_abstention_minus_raw448,deletion_anchor_not_recommended_policy,A5E1_007,raw448,cap224_compression_abstention,raw_cfg_low_packet_gated,control_cap224_cr24_abstain_cfg_low_packet_gated,True,582,2939,6728,2170,187,3976,6333,2.154814562776455,0.19802653963933312,0.08650416171224733,904,2939,2352,614,1421,834,2869,0.9761823749574685,0.3075876148349779,0.3843537414965986,668,2939,2352,608,1663,1076,3347,1.1388227288193262,0.22728819326301464,0.28401360544217685,322,86,0.10956107519564476,0.02926165362368152,0.2978495797843513,0.1975094437299295,improved,improved
SUPPORTIVE_POST_PRIMARY_READ_ONLY,aishell5,Eval1,learned,cap224_compression_abstention_minus_raw448,deletion_anchor_not_recommended_policy,A5E1_008,raw448,cap224_compression_abstention,raw_cfg_low_packet_gated,control_cap224_cr24_abstain_cfg_low_packet_gated,False,2090,4270,13386,1395,785,9901,12081,2.8292740046838407,0.4894613583138173,0.15613327356940088,2011,4270,4393,977,1282,1405,3664,0.8580796252927401,0.47096018735363,0.4577737309355793,2011,4270,4393,977,1282,1405,3664,0.8580796252927401,0.47096018735363,0.4577737309355793,-79,-79,-0.01850117096018733,-0.01850117096018733,0.30164045736617845,0.30164045736617845,worsened,worsened
SUPPORTIVE_POST_PRIMARY_READ_ONLY,aishell5,Eval1,learned,cap224_compression_abstention_minus_raw448,deletion_anchor_not_recommended_policy,A5E1_009,raw448,cap224_compression_abstention,raw_cfg_low_packet_gated,control_cap224_cr24_abstain_cfg_low_packet_gated,True,257,2496,5972,2203,36,3512,5751,2.3040865384615383,0.10296474358974358,0.043034159410582716,426,2496,1590,679,1391,485,2555,1.0236378205128205,0.17067307692307693,0.2679245283018868,435,2496,1590,523,1538,632,2693,1.0789262820512822,0.17427884615384615,0.27358490566037735,169,178,0.06770833333333334,0.07131410256410256,0.22489036889130407,0.23055074624979463,improved,improved
SUPPORTIVE_POST_PRIMARY_READ_ONLY,aishell5,Eval1,learned,cap224_compression_abstention_minus_raw448,deletion_anchor_not_recommended_policy,A5E1_010,raw448,cap224_compression_abstention,raw_cfg_low_packet_gated,control_cap224_cr24_abstain_cfg_low_packet_gated,True,210,1860,6517,1627,23,4680,6330,3.403225806451613,0.11290322580645161,0.0322234156820623,284,1860,896,357,1219,255,1831,0.9844086021505376,0.15268817204301074,0.3169642857142857,252,1860,896,383,1225,261,1869,1.0048387096774194,0.13548387096774195,0.28125,74,42,0.039784946236559135,0.02258064516129034,0.28474087003222337,0.2490265843179377,improved,improved
SUPPORTIVE_POST_PRIMARY_READ_ONLY,aishell5,Eval1,learned,cap224_compression_abstention_minus_raw448,deletion_anchor_not_recommended_policy,A5E1_011,raw448,cap224_compression_abstention,raw_cfg_low_packet_gated,control_cap224_cr24_abstain_cfg_low_packet_gated,False,678,2265,8503,1442,145,6383,7970,3.5187637969094925,0.2993377483443709,0.0797365635658003,630,2265,1785,769,866,386,2021,0.8922737306843267,0.2781456953642384,0.35294117647058826,630,2265,1785,769,866,386,2021,0.8922737306843267,0.2781456953642384,0.35294117647058826,-48,-48,-0.021192052980132492,-0.021192052980132492,0.2732046129047879,0.2732046129047879,worsened,worsened
SUPPORTIVE_POST_PRIMARY_READ_ONLY,aishell5,Eval1,learned,cap224_compression_abstention_minus_raw448,deletion_anchor_not_recommended_policy,A5E1_012,raw448,cap224_compression_abstention,raw_cfg_low_packet_gated,control_cap224_cr24_abstain_cfg_low_packet_gated,False,1388,3189,6004,1125,676,3491,5292,1.6594543744120414,0.4352461586704296,0.23117921385742837,1516,3189,3323,651,1022,1156,2829,0.8871119473189087,0.47538413295703985,0.4562142642190791,1516,3189,3323,651,1022,1156,2829,0.8871119473189087,0.47538413295703985,0.4562142642190791,128,128,0.040137974286610256,0.040137974286610256,0.22503505036165075,0.22503505036165075,improved,improved
SUPPORTIVE_POST_PRIMARY_READ_ONLY,aishell5,Eval1,learned,cap224_compression_abstention_minus_raw448,deletion_anchor_not_recommended_policy,A5E1_013,raw448,cap224_compression_abstention,raw_cfg_low_packet_gated,control_cap224_cr24_abstain_cfg_low_packet_gated,False,1199,3256,7246,1428,629,4619,6676,2.0503685503685505,0.36824324324324326,0.16547060447143253,1446,3256,3118,572,1238,1100,2910,0.8937346437346437,0.4441031941031941,0.463758819756254,1446,3256,3118,572,1238,1100,2910,0.8937346437346437,0.4441031941031941,0.463758819756254,247,247,0.07585995085995084,0.07585995085995084,0.29828821528482147,0.29828821528482147,improved,improved
SUPPORTIVE_POST_PRIMARY_READ_ONLY,aishell5,Eval1,learned,cap224_compression_abstention_minus_raw448,deletion_anchor_not_recommended_policy,A5E1_014,raw448,cap224_compression_abstention,raw_cfg_low_packet_gated,control_cap224_cr24_abstain_cfg_low_packet_gated,True,957,2420,4980,1254,209,2769,4232,1.7487603305785124,0.39545454545454545,0.19216867469879517,862,2420,2173,744,814,567,2125,0.878099173553719,0.35619834710743803,0.3966866083755177,863,2420,2173,657,900,653,2210,0.9132231404958677,0.3566115702479339,0.3971468016566958,-95,-94,-0.03925619834710742,-0.03884297520661156,0.20451793367672255,0.20497812695790063,worsened,worsened
SUPPORTIVE_POST_PRIMARY_READ_ONLY,aishell5,Eval1,learned,cap224_compression_abstention_minus_raw448,deletion_anchor_not_recommended_policy,A5E1_015,raw448,cap224_compression_abstention,raw_cfg_low_packet_gated,control_cap224_cr24_abstain_cfg_low_packet_gated,False,1961,4528,13084,1738,829,9385,11952,2.639575971731449,0.433083038869258,0.14987771323754204,2044,4528,4434,818,1666,1572,4056,0.8957597173144877,0.45141342756183744,0.4609833107803338,2044,4528,4434,818,1666,1572,4056,0.8957597173144877,0.45141342756183744,0.4609833107803338,83,83,0.01833038869257947,0.01833038869257947,0.31110559754279177,0.31110559754279177,improved,improved
SUPPORTIVE_POST_PRIMARY_READ_ONLY,aishell5,Eval1,learned,cap224_compression_abstention_minus_raw448,deletion_anchor_not_recommended_policy,A5E1_016,raw448,cap224_compression_abstention,raw_cfg_low_packet_gated,control_cap224_cr24_abstain_cfg_low_packet_gated,False,704,2631,5399,1709,218,2986,4913,1.8673508171797795,0.2675788673508172,0.13039451750324135,853,2631,1793,533,1245,407,2185,0.830482706195363,0.3242113264918282,0.4757389849414389,853,2631,1793,533,1245,407,2185,0.830482706195363,0.3242113264918282,0.4757389849414389,149,149,0.056632459141011005,0.056632459141011005,0.3453444674381976,0.3453444674381976,improved,improved
SUPPORTIVE_POST_PRIMARY_READ_ONLY,aishell5,Eval1,learned,cap224_compression_abstention_minus_raw448,deletion_anchor_not_recommended_policy,A5E1_017,raw448,cap224_compression_abstention,raw_cfg_low_packet_gated,control_cap224_cr24_abstain_cfg_low_packet_gated,False,519,2196,7918,1628,49,5771,7448,3.3916211293260474,0.23633879781420766,0.06554685526648144,298,2196,2126,1349,549,479,2377,1.0824225865209471,0.13570127504553733,0.14016933207902163,298,2196,2126,1349,549,479,2377,1.0824225865209471,0.13570127504553733,0.14016933207902163,-221,-221,-0.10063752276867033,-0.10063752276867033,0.0746224768125402,0.0746224768125402,worsened,worsened
SUPPORTIVE_POST_PRIMARY_READ_ONLY,aishell5,Eval1,learned,cap224_compression_abstention_minus_raw448,deletion_anchor_not_recommended_policy,A5E1_018,raw448,cap224_compression_abstention,raw_cfg_low_packet_gated,control_cap224_cr24_abstain_cfg_low_packet_gated,True,216,2338,5615,2122,0,3277,5399,2.309238665526091,0.09238665526090675,0.03846838824577026,623,2338,1814,448,1267,743,2458,1.0513259195893927,0.26646706586826346,0.3434399117971334,337,2338,1814,366,1635,1111,3112,1.3310521813515825,0.14414029084687768,0.18577728776185226,407,121,0.1740804106073567,0.05175363558597093,0.30497152355136314,0.147308899516082,improved,improved
SUPPORTIVE_POST_PRIMARY_READ_ONLY,aishell5,Eval1,public,guard448_minus_raw448,original_decode_guard_effect,A5E1_001,raw448,guard448,raw_public_sortformer_v2_low_packet_gated,guarded_public_sortformer_v2_low_packet_gated,False,322,1415,4429,1032,61,3075,4168,2.945583038869258,0.2275618374558304,0.07270264167983743,355,1415,1133,567,493,211,1271,0.8982332155477032,0.2508833922261484,0.31332744924977934,355,1415,1133,567,493,211,1271,0.8982332155477032,0.2508833922261484,0.31332744924977934,33,33,0.023321554770318026,0.023321554770318026,0.24062480756994192,0.24062480756994192,improved,improved
SUPPORTIVE_POST_PRIMARY_READ_ONLY,aishell5,Eval1,public,guard448_minus_raw448,original_decode_guard_effect,A5E1_002,raw448,guard448,raw_public_sortformer_v2_low_packet_gated,guarded_public_sortformer_v2_low_packet_gated,True,808,3204,11969,2199,197,8962,11358,3.544943820224719,0.25218476903870163,0.06750772829810343,988,3204,3140,881,1335,1271,3487,1.0883270911360798,0.3083645443196005,0.3146496815286624,947,3204,3140,790,1467,1403,3660,1.142322097378277,0.2955680399500624,0.3015923566878981,180,139,0.05617977528089885,0.043383270911360794,0.24714195323055899,0.23408462838979466,improved,improved
SUPPORTIVE_POST_PRIMARY_READ_ONLY,aishell5,Eval1,public,guard448_minus_raw448,original_decode_guard_effect,A5E1_003,raw448,guard448,raw_public_sortformer_v2_low_packet_gated,guarded_public_sortformer_v2_low_packet_gated,False,341,2425,3864,2004,80,1519,3603,1.4857731958762888,0.14061855670103093,0.08825051759834368,680,2425,2208,920,825,608,2353,0.9703092783505155,0.2804123711340206,0.3079710144927536,680,2425,2208,920,825,608,2353,0.9703092783505155,0.2804123711340206,0.3079710144927536,339,339,0.1397938144329897,0.1397938144329897,0.21972049689440992,0.21972049689440992,improved,improved
SUPPORTIVE_POST_PRIMARY_READ_ONLY,aishell5,Eval1,public,guard448_minus_raw448,original_decode_guard_effect,A5E1_004,raw448,guard448,raw_public_sortformer_v2_low_packet_gated,guarded_public_sortformer_v2_low_packet_gated,False,822,2543,7496,1514,207,5160,6881,2.7058592213920565,0.3232402674007078,0.10965848452508005,942,2543,2262,624,977,696,2297,0.9032638615808101,0.37042862760519074,0.41644562334217505,942,2543,2262,624,977,696,2297,0.9032638615808101,0.37042862760519074,0.41644562334217505,120,120,0.047188360204482915,0.047188360204482915,0.306787138817095,0.306787138817095,improved,improved
SUPPORTIVE_POST_PRIMARY_READ_ONLY,aishell5,Eval1,public,guard448_minus_raw448,original_decode_guard_effect,A5E1_005,raw448,guard448,raw_public_sortformer_v2_low_packet_gated,guarded_public_sortformer_v2_low_packet_gated,False,794,2979,6922,1967,218,4161,6346,2.130245048674052,0.26653239342061097,0.11470673215833574,1221,2979,2665,597,1161,847,2605,0.8744545149378986,0.40986908358509566,0.45816135084427767,1221,2979,2665,597,1161,847,2605,0.8744545149378986,0.40986908358509566,0.45816135084427767,427,427,0.1433366901644847,0.1433366901644847,0.34345461868594196,0.34345461868594196,improved,improved
SUPPORTIVE_POST_PRIMARY_READ_ONLY,aishell5,Eval1,public,guard448_minus_raw448,original_decode_guard_effect,A5E1_006,raw448,guard448,raw_public_sortformer_v2_low_packet_gated,guarded_public_sortformer_v2_low_packet_gated,False,304,2142,5698,1793,45,3601,5439,2.5392156862745097,0.1419234360410831,0.053352053352053355,536,2142,1737,475,1131,726,2332,1.0887021475256768,0.25023342670401494,0.30857800805987334,536,2142,1737,475,1131,726,2332,1.0887021475256768,0.25023342670401494,0.30857800805987334,232,232,0.10830999066293184,0.10830999066293184,0.25522595470782,0.25522595470782,improved,improved
SUPPORTIVE_POST_PRIMARY_READ_ONLY,aishell5,Eval1,public,guard448_minus_raw448,original_decode_guard_effect,A5E1_007,raw448,guard448,raw_public_sortformer_v2_low_packet_gated,guarded_public_sortformer_v2_low_packet_gated,False,632,2939,9201,2152,155,6417,8724,2.9683565838720654,0.215039128955427,0.06868818606673188,949,2939,2657,680,1310,1028,3018,1.0268798911194283,0.3228989452194624,0.35716974030861875,949,2939,2657,680,1310,1028,3018,1.0268798911194283,0.3228989452194624,0.35716974030861875,317,317,0.10785981626403537,0.10785981626403537,0.2884815542418869,0.2884815542418869,improved,improved
SUPPORTIVE_POST_PRIMARY_READ_ONLY,aishell5,Eval1,public,guard448_minus_raw448,original_decode_guard_effect,A5E1_008,raw448,guard448,raw_public_sortformer_v2_low_packet_gated,guarded_public_sortformer_v2_low_packet_gated,False,1799,4270,10909,1591,880,7519,9990,2.339578454332553,0.42131147540983604,0.16490970758089651,1940,4270,5515,1159,1171,2416,4746,1.1114754098360655,0.45433255269320844,0.35176790571169536,1940,4270,5515,1159,1171,2416,4746,1.1114754098360655,0.45433255269320844,0.35176790571169536,141,141,0.03302107728337239,0.03302107728337239,0.18685819813079885,0.18685819813079885,improved,improved
SUPPORTIVE_POST_PRIMARY_READ_ONLY,aishell5,Eval1,public,guard448_minus_raw448,original_decode_guard_effect,A5E1_009,raw448,guard448,raw_public_sortformer_v2_low_packet_gated,guarded_public_sortformer_v2_low_packet_gated,False,313,2496,5723,2139,44,3271,5454,2.1850961538461537,0.12540064102564102,0.05469159531714136,459,2496,2092,850,1187,783,2820,1.1298076923076923,0.18389423076923078,0.21940726577437858,459,2496,2092,850,1187,783,2820,1.1298076923076923,0.18389423076923078,0.21940726577437858,146,146,0.05849358974358976,0.05849358974358976,0.16471567045723723,0.16471567045723723,improved,improved
SUPPORTIVE_POST_PRIMARY_READ_ONLY,aishell5,Eval1,public,guard448_minus_raw448,original_decode_guard_effect,A5E1_010,raw448,guard448,raw_public_sortformer_v2_low_packet_gated,guarded_public_sortformer_v2_low_packet_gated,False,312,1860,6011,1490,58,4209,5757,3.0951612903225807,0.16774193548387098,0.05190484112460489,340,1860,1706,961,559,405,1925,1.0349462365591398,0.1827956989247312,0.19929660023446658,340,1860,1706,961,559,405,1925,1.0349462365591398,0.1827956989247312,0.19929660023446658,28,28,0.015053763440860207,0.015053763440860207,0.1473917591098617,0.1473917591098617,improved,improved
SUPPORTIVE_POST_PRIMARY_READ_ONLY,aishell5,Eval1,public,guard448_minus_raw448,original_decode_guard_effect,A5E1_011,raw448,guard448,raw_public_sortformer_v2_low_packet_gated,guarded_public_sortformer_v2_low_packet_gated,False,741,2265,7032,1269,255,5022,6546,2.890066225165563,0.3271523178807947,0.10537542662116041,706,2265,2528,1072,487,750,2309,1.0194260485651214,0.31169977924944814,0.27927215189873417,706,2265,2528,1072,487,750,2309,1.0194260485651214,0.31169977924944814,0.27927215189873417,-35,-35,-0.015452538631346546,-0.015452538631346546,0.17389672527757377,0.17389672527757377,worsened,worsened
SUPPORTIVE_POST_PRIMARY_READ_ONLY,aishell5,Eval1,public,guard448_minus_raw448,original_decode_guard_effect,A5E1_012,raw448,guard448,raw_public_sortformer_v2_low_packet_gated,guarded_public_sortformer_v2_low_packet_gated,True,635,3189,9107,2450,104,6022,8576,2.689244277202885,0.1991219818124804,0.06972658394641484,1275,3189,3544,493,1421,1776,3690,1.1571025399811854,0.39981185324553153,0.3597629796839729,694,3189,3544,1037,1458,1813,4308,1.3508936970837253,0.2176230793352148,0.19582392776523702,640,59,0.20068987143305114,0.018501097522734405,0.2900363957375581,0.12609734381882218,improved,improved
SUPPORTIVE_POST_PRIMARY_READ_ONLY,aishell5,Eval1,public,guard448_minus_raw448,original_decode_guard_effect,A5E1_013,raw448,guard448,raw_public_sortformer_v2_low_packet_gated,guarded_public_sortformer_v2_low_packet_gated,False,1384,3256,11954,1490,382,9080,10952,3.3636363636363638,0.4250614250614251,0.11577714572528024,1498,3256,4236,903,855,1835,3593,1.1035012285012284,0.46007371007371006,0.35363550519357884,1498,3256,4236,903,855,1835,3593,1.1035012285012284,0.46007371007371006,0.35363550519357884,114,114,0.03501228501228498,0.03501228501228498,0.23785835946829859,0.23785835946829859,improved,improved
SUPPORTIVE_POST_PRIMARY_READ_ONLY,aishell5,Eval1,public,guard448_minus_raw448,original_decode_guard_effect,A5E1_014,raw448,guard448,raw_public_sortformer_v2_low_packet_gated,guarded_public_sortformer_v2_low_packet_gated,False,566,2420,6192,1673,181,3953,5807,2.399586776859504,0.23388429752066114,0.09140826873385013,869,2420,3181,735,816,1577,3128,1.2925619834710744,0.35909090909090907,0.27318453316567115,869,2420,3181,735,816,1577,3128,1.2925619834710744,0.35909090909090907,0.27318453316567115,303,303,0.12520661157024793,0.12520661157024793,0.18177626443182102,0.18177626443182102,improved,improved
SUPPORTIVE_POST_PRIMARY_READ_ONLY,aishell5,Eval1,public,guard448_minus_raw448,original_decode_guard_effect,A5E1_015,raw448,guard448,raw_public_sortformer_v2_low_packet_gated,guarded_public_sortformer_v2_low_packet_gated,False,1867,4528,10745,1773,888,7105,9766,2.1568021201413425,0.4123233215547703,0.17375523499302,2042,4528,5786,861,1625,2883,5369,1.1857332155477032,0.45097173144876324,0.35292084341514,2042,4528,5786,861,1625,2883,5369,1.1857332155477032,0.45097173144876324,0.35292084341514,175,175,0.03864840989399293,0.03864840989399293,0.17916560842212,0.17916560842212,improved,improved
SUPPORTIVE_POST_PRIMARY_READ_ONLY,aishell5,Eval1,public,guard448_minus_raw448,original_decode_guard_effect,A5E1_016,raw448,guard448,raw_public_sortformer_v2_low_packet_gated,guarded_public_sortformer_v2_low_packet_gated,False,992,2631,2953,1183,456,778,2417,0.9186621056632459,0.37704294944887873,0.33592956315611244,1057,2631,2101,686,888,358,1932,0.734321550741163,0.4017483846446218,0.5030937648738696,1057,2631,2101,686,888,358,1932,0.734321550741163,0.4017483846446218,0.5030937648738696,65,65,0.024705435195743086,0.024705435195743086,0.16716420171775714,0.16716420171775714,improved,improved
SUPPORTIVE_POST_PRIMARY_READ_ONLY,aishell5,Eval1,public,guard448_minus_raw448,original_decode_guard_effect,A5E1_017,raw448,guard448,raw_public_sortformer_v2_low_packet_gated,guarded_public_sortformer_v2_low_packet_gated,False,541,2196,7836,1593,62,5702,7357,3.3501821493624773,0.24635701275045538,0.06904032669729454,437,2196,3406,1694,65,1275,3034,1.3816029143897997,0.19899817850637522,0.12830299471520845,437,2196,3406,1694,65,1275,3034,1.3816029143897997,0.19899817850637522,0.12830299471520845,-104,-104,-0.04735883424408016,-0.04735883424408016,0.05926266801791391,0.05926266801791391,worsened,worsened
SUPPORTIVE_POST_PRIMARY_READ_ONLY,aishell5,Eval1,public,guard448_minus_raw448,original_decode_guard_effect,A5E1_018,raw448,guard448,raw_public_sortformer_v2_low_packet_gated,guarded_public_sortformer_v2_low_packet_gated,False,555,2338,5133,1564,219,3014,4797,2.051753635585971,0.23738237810094098,0.1081239041496201,746,2338,2415,597,995,1072,2664,1.1394354148845167,0.31907613344739094,0.30890269151138716,746,2338,2415,597,995,1072,2664,1.1394354148845167,0.31907613344739094,0.30890269151138716,191,191,0.08169375534644996,0.08169375534644996,0.20077878736176707,0.20077878736176707,improved,improved
SUPPORTIVE_POST_PRIMARY_READ_ONLY,aishell5,Eval1,public,cap224_minus_raw448,decoder_cap_stage,A5E1_001,raw448,cap224,raw_public_sortformer_v2_low_packet_gated,control_cap224_public_sortformer_v2_low_packet_gated,False,322,1415,4429,1032,61,3075,4168,2.945583038869258,0.2275618374558304,0.07270264167983743,321,1415,2687,1033,61,1333,2427,1.7151943462897528,0.22685512367491167,0.11946408634164496,321,1415,2687,1033,61,1333,2427,1.7151943462897528,0.22685512367491167,0.11946408634164496,-1,-1,-0.0007067137809187163,-0.0007067137809187163,0.046761444661807525,0.046761444661807525,worsened,worsened
SUPPORTIVE_POST_PRIMARY_READ_ONLY,aishell5,Eval1,public,cap224_minus_raw448,decoder_cap_stage,A5E1_002,raw448,cap224,raw_public_sortformer_v2_low_packet_gated,control_cap224_public_sortformer_v2_low_packet_gated,False,808,3204,11969,2199,197,8962,11358,3.544943820224719,0.25218476903870163,0.06750772829810343,626,3204,7425,2421,157,4378,6956,2.17103620474407,0.19538077403245943,0.0843097643097643,626,3204,7425,2421,157,4378,6956,2.17103620474407,0.19538077403245943,0.0843097643097643,-182,-182,-0.0568039950062422,-0.0568039950062422,0.016802036011660873,0.016802036011660873,worsened,worsened
SUPPORTIVE_POST_PRIMARY_READ_ONLY,aishell5,Eval1,public,cap224_minus_raw448,decoder_cap_stage,A5E1_003,raw448,cap224,raw_public_sortformer_v2_low_packet_gated,control_cap224_public_sortformer_v2_low_packet_gated,False,341,2425,3864,2004,80,1519,3603,1.4857731958762888,0.14061855670103093,0.08825051759834368,554,2425,2746,1321,550,871,2742,1.130721649484536,0.22845360824742267,0.20174799708667152,554,2425,2746,1321,550,871,2742,1.130721649484536,0.22845360824742267,0.20174799708667152,213,213,0.08783505154639173,0.08783505154639173,0.11349747948832783,0.11349747948832783,improved,improved
SUPPORTIVE_POST_PRIMARY_READ_ONLY,aishell5,Eval1,public,cap224_minus_raw448,decoder_cap_stage,A5E1_004,raw448,cap224,raw_public_sortformer_v2_low_packet_gated,control_cap224_public_sortformer_v2_low_packet_gated,False,822,2543,7496,1514,207,5160,6881,2.7058592213920565,0.3232402674007078,0.10965848452508005,821,2543,4773,1451,271,2501,4223,1.6606370428627606,0.3228470310656705,0.17200921852084644,821,2543,4773,1451,271,2501,4223,1.6606370428627606,0.3228470310656705,0.17200921852084644,-1,-1,-0.0003932363350373502,-0.0003932363350373502,0.06235073399576639,0.06235073399576639,worsened,worsened
SUPPORTIVE_POST_PRIMARY_READ_ONLY,aishell5,Eval1,public,cap224_minus_raw448,decoder_cap_stage,A5E1_005,raw448,cap224,raw_public_sortformer_v2_low_packet_gated,control_cap224_public_sortformer_v2_low_packet_gated,False,794,2979,6922,1967,218,4161,6346,2.130245048674052,0.26653239342061097,0.11470673215833574,823,2979,4613,1810,346,1980,4136,1.3883853642161799,0.2762672037596509,0.17840884456969433,823,2979,4613,1810,346,1980,4136,1.3883853642161799,0.2762672037596509,0.17840884456969433,29,29,0.009734810339039945,0.009734810339039945,0.06370211241135859,0.06370211241135859,improved,improved
SUPPORTIVE_POST_PRIMARY_READ_ONLY,aishell5,Eval1,public,cap224_minus_raw448,decoder_cap_stage,A5E1_006,raw448,cap224,raw_public_sortformer_v2_low_packet_gated,control_cap224_public_sortformer_v2_low_packet_gated,False,304,2142,5698,1793,45,3601,5439,2.5392156862745097,0.1419234360410831,0.053352053352053355,297,2142,3665,1580,265,1788,3633,1.696078431372549,0.13865546218487396,0.0810368349249659,297,2142,3665,1580,265,1788,3633,1.696078431372549,0.13865546218487396,0.0810368349249659,-7,-7,-0.0032679738562091387,-0.0032679738562091387,0.027684781572912542,0.027684781572912542,worsened,worsened
SUPPORTIVE_POST_PRIMARY_READ_ONLY,aishell5,Eval1,public,cap224_minus_raw448,decoder_cap_stage,A5E1_007,raw448,cap224,raw_public_sortformer_v2_low_packet_gated,control_cap224_public_sortformer_v2_low_packet_gated,True,632,2939,9201,2152,155,6417,8724,2.9683565838720654,0.215039128955427,0.06868818606673188,544,2939,5692,2292,103,2856,5251,1.7866621299761825,0.18509697175910172,0.09557273366127898,782,2939,5692,1548,609,3362,5519,1.8778496087104457,0.2660768969037087,0.13738580463808855,-88,150,-0.029942157196325286,0.051037767948281715,0.0268845475945471,0.06869761857135667,worsened,improved
SUPPORTIVE_POST_PRIMARY_READ_ONLY,aishell5,Eval1,public,cap224_minus_raw448,decoder_cap_stage,A5E1_008,raw448,cap224,raw_public_sortformer_v2_low_packet_gated,control_cap224_public_sortformer_v2_low_packet_gated,False,1799,4270,10909,1591,880,7519,9990,2.339578454332553,0.42131147540983604,0.16490970758089651,1772,4270,7995,1602,896,4621,7119,1.6672131147540983,0.41498829039812646,0.22163852407754847,1772,4270,7995,1602,896,4621,7119,1.6672131147540983,0.41498829039812646,0.22163852407754847,-27,-27,-0.006323185011709587,-0.006323185011709587,0.05672881649665196,0.05672881649665196,worsened,worsened
SUPPORTIVE_POST_PRIMARY_READ_ONLY,aishell5,Eval1,public,cap224_minus_raw448,decoder_cap_stage,A5E1_009,raw448,cap224,raw_public_sortformer_v2_low_packet_gated,control_cap224_public_sortformer_v2_low_packet_gated,False,313,2496,5723,2139,44,3271,5454,2.1850961538461537,0.12540064102564102,0.05469159531714136,180,2496,3720,2268,48,1272,3588,1.4375,0.07211538461538461,0.04838709677419355,180,2496,3720,2268,48,1272,3588,1.4375,0.07211538461538461,0.04838709677419355,-133,-133,-0.053285256410256415,-0.053285256410256415,-0.00630449854294781,-0.00630449854294781,worsened,worsened
SUPPORTIVE_POST_PRIMARY_READ_ONLY,aishell5,Eval1,public,cap224_minus_raw448,decoder_cap_stage,A5E1_010,raw448,cap224,raw_public_sortformer_v2_low_packet_gated,control_cap224_public_sortformer_v2_low_packet_gated,False,312,1860,6011,1490,58,4209,5757,3.0951612903225807,0.16774193548387098,0.05190484112460489,276,1860,3520,1513,71,1731,3315,1.782258064516129,0.14838709677419354,0.07840909090909091,276,1860,3520,1513,71,1731,3315,1.782258064516129,0.14838709677419354,0.07840909090909091,-36,-36,-0.01935483870967744,-0.01935483870967744,0.026504249784486025,0.026504249784486025,worsened,worsened
SUPPORTIVE_POST_PRIMARY_READ_ONLY,aishell5,Eval1,public,cap224_minus_raw448,decoder_cap_stage,A5E1_011,raw448,cap224,raw_public_sortformer_v2_low_packet_gated,control_cap224_public_sortformer_v2_low_packet_gated,True,741,2265,7032,1269,255,5022,6546,2.890066225165563,0.3271523178807947,0.10537542662116041,749,2265,4502,1250,266,2503,4019,1.77439293598234,0.33068432671081677,0.16637050199911152,729,2265,4502,1281,255,2492,4028,1.7783664459161148,0.3218543046357616,0.1619280319857841,8,-12,0.003532008830022082,-0.005298013245033095,0.06099507537795111,0.056552605364623684,improved,worsened
SUPPORTIVE_POST_PRIMARY_READ_ONLY,aishell5,Eval1,public,cap224_minus_raw448,decoder_cap_stage,A5E1_012,raw448,cap224,raw_public_sortformer_v2_low_packet_gated,control_cap224_public_sortformer_v2_low_packet_gated,False,635,3189,9107,2450,104,6022,8576,2.689244277202885,0.1991219818124804,0.06972658394641484,599,3189,6192,2446,144,3147,5737,1.7989965506428347,0.1878331765443713,0.09673772609819122,599,3189,6192,2446,144,3147,5737,1.7989965506428347,0.1878331765443713,0.09673772609819122,-36,-36,-0.011288805268109103,-0.011288805268109103,0.02701114215177637,0.02701114215177637,worsened,worsened
SUPPORTIVE_POST_PRIMARY_READ_ONLY,aishell5,Eval1,public,cap224_minus_raw448,decoder_cap_stage,A5E1_013,raw448,cap224,raw_public_sortformer_v2_low_packet_gated,control_cap224_public_sortformer_v2_low_packet_gated,False,1384,3256,11954,1490,382,9080,10952,3.3636363636363638,0.4250614250614251,0.11577714572528024,1367,3256,7616,1488,401,4761,6650,2.0423832923832923,0.41984029484029484,0.1794905462184874,1367,3256,7616,1488,401,4761,6650,2.0423832923832923,0.41984029484029484,0.1794905462184874,-17,-17,-0.0052211302211302435,-0.0052211302211302435,0.06371340049320716,0.06371340049320716,worsened,worsened
SUPPORTIVE_POST_PRIMARY_READ_ONLY,aishell5,Eval1,public,cap224_minus_raw448,decoder_cap_stage,A5E1_014,raw448,cap224,raw_public_sortformer_v2_low_packet_gated,control_cap224_public_sortformer_v2_low_packet_gated,False,566,2420,6192,1673,181,3953,5807,2.399586776859504,0.23388429752066114,0.09140826873385013,837,2420,4383,1031,552,2515,4098,1.693388429752066,0.3458677685950413,0.19096509240246407,837,2420,4383,1031,552,2515,4098,1.693388429752066,0.3458677685950413,0.19096509240246407,271,271,0.11198347107438017,0.11198347107438017,0.09955682366861393,0.09955682366861393,improved,improved
SUPPORTIVE_POST_PRIMARY_READ_ONLY,aishell5,Eval1,public,cap224_minus_raw448,decoder_cap_stage,A5E1_015,raw448,cap224,raw_public_sortformer_v2_low_packet_gated,control_cap224_public_sortformer_v2_low_packet_gated,False,1867,4528,10745,1773,888,7105,9766,2.1568021201413425,0.4123233215547703,0.17375523499302,1976,4528,8116,1449,1103,4691,7243,1.5996024734982333,0.4363957597173145,0.24346968950221784,1976,4528,8116,1449,1103,4691,7243,1.5996024734982333,0.4363957597173145,0.24346968950221784,109,109,0.024072438162544174,0.024072438162544174,0.06971445450919783,0.06971445450919783,improved,improved
SUPPORTIVE_POST_PRIMARY_READ_ONLY,aishell5,Eval1,public,cap224_minus_raw448,decoder_cap_stage,A5E1_016,raw448,cap224,raw_public_sortformer_v2_low_packet_gated,control_cap224_public_sortformer_v2_low_packet_gated,False,992,2631,2953,1183,456,778,2417,0.9186621056632459,0.37704294944887873,0.33592956315611244,1020,2631,2513,940,671,553,2164,0.822500950209046,0.38768529076396807,0.4058893752487067,1020,2631,2513,940,671,553,2164,0.822500950209046,0.38768529076396807,0.4058893752487067,28,28,0.010642341315089343,0.010642341315089343,0.06995981209259428,0.06995981209259428,improved,improved
SUPPORTIVE_POST_PRIMARY_READ_ONLY,aishell5,Eval1,public,cap224_minus_raw448,decoder_cap_stage,A5E1_017,raw448,cap224,raw_public_sortformer_v2_low_packet_gated,control_cap224_public_sortformer_v2_low_packet_gated,True,541,2196,7836,1593,62,5702,7357,3.3501821493624773,0.24635701275045538,0.06904032669729454,494,2196,4967,1653,49,2820,4522,2.0591985428051003,0.22495446265938068,0.09945641232132071,492,2196,4967,1641,63,2834,4538,2.0664845173041893,0.22404371584699453,0.09905375478155828,-47,-49,-0.021402550091074696,-0.022313296903460844,0.030416085624026173,0.030013428084263744,worsened,worsened
SUPPORTIVE_POST_PRIMARY_READ_ONLY,aishell5,Eval1,public,cap224_minus_raw448,decoder_cap_stage,A5E1_018,raw448,cap224,raw_public_sortformer_v2_low_packet_gated,control_cap224_public_sortformer_v2_low_packet_gated,False,555,2338,5133,1564,219,3014,4797,2.051753635585971,0.23738237810094098,0.1081239041496201,698,2338,3712,1151,489,1863,3503,1.498289136013687,0.2985457656116339,0.1880387931034483,698,2338,3712,1151,489,1863,3503,1.498289136013687,0.2985457656116339,0.1880387931034483,143,143,0.06116338751069289,0.06116338751069289,0.07991488895382819,0.07991488895382819,improved,improved
SUPPORTIVE_POST_PRIMARY_READ_ONLY,aishell5,Eval1,public,cap224_guard_minus_cap224,guard_after_cap,A5E1_001,cap224,cap224_guard,control_cap224_public_sortformer_v2_low_packet_gated,control_cap224_guarded_public_sortformer_v2_low_packet_gated,False,321,1415,2687,1033,61,1333,2427,1.7151943462897528,0.22685512367491167,0.11946408634164496,355,1415,1121,568,492,198,1258,0.8890459363957597,0.2508833922261484,0.31668153434433544,355,1415,1121,568,492,198,1258,0.8890459363957597,0.2508833922261484,0.31668153434433544,34,34,0.024028268551236742,0.024028268551236742,0.19721744800269048,0.19721744800269048,improved,improved
SUPPORTIVE_POST_PRIMARY_READ_ONLY,aishell5,Eval1,public,cap224_guard_minus_cap224,guard_after_cap,A5E1_002,cap224,cap224_guard,control_cap224_public_sortformer_v2_low_packet_gated,control_cap224_guarded_public_sortformer_v2_low_packet_gated,True,626,3204,7425,2421,157,4378,6956,2.17103620474407,0.19538077403245943,0.0843097643097643,988,3204,3132,881,1335,1263,3479,1.0858302122347065,0.3083645443196005,0.31545338441890164,946,3204,3132,786,1472,1400,3658,1.1416978776529338,0.29525593008739076,0.3020434227330779,362,320,0.11298377028714104,0.09987515605493133,0.23114362010913733,0.21773365842331358,improved,improved
SUPPORTIVE_POST_PRIMARY_READ_ONLY,aishell5,Eval1,public,cap224_guard_minus_cap224,guard_after_cap,A5E1_003,cap224,cap224_guard,control_cap224_public_sortformer_v2_low_packet_gated,control_cap224_guarded_public_sortformer_v2_low_packet_gated,False,554,2425,2746,1321,550,871,2742,1.130721649484536,0.22845360824742267,0.20174799708667152,687,2425,1992,698,1040,607,2345,0.9670103092783505,0.28329896907216495,0.34487951807228917,687,2425,1992,698,1040,607,2345,0.9670103092783505,0.28329896907216495,0.34487951807228917,133,133,0.054845360824742284,0.054845360824742284,0.14313152098561766,0.14313152098561766,improved,improved
SUPPORTIVE_POST_PRIMARY_READ_ONLY,aishell5,Eval1,public,cap224_guard_minus_cap224,guard_after_cap,A5E1_004,cap224,cap224_guard,control_cap224_public_sortformer_v2_low_packet_gated,control_cap224_guarded_public_sortformer_v2_low_packet_gated,False,821,2543,4773,1451,271,2501,4223,1.6606370428627606,0.3228470310656705,0.17200921852084644,943,2543,2220,626,974,651,2251,0.8851749901690916,0.3708218639402281,0.42477477477477477,943,2543,2220,626,974,651,2251,0.8851749901690916,0.3708218639402281,0.42477477477477477,122,122,0.047974832874557616,0.047974832874557616,0.2527655562539283,0.2527655562539283,improved,improved
SUPPORTIVE_POST_PRIMARY_READ_ONLY,aishell5,Eval1,public,cap224_guard_minus_cap224,guard_after_cap,A5E1_005,cap224,cap224_guard,control_cap224_public_sortformer_v2_low_packet_gated,control_cap224_guarded_public_sortformer_v2_low_packet_gated,False,823,2979,4613,1810,346,1980,4136,1.3883853642161799,0.2762672037596509,0.17840884456969433,1221,2979,2662,594,1164,847,2605,0.8744545149378986,0.40986908358509566,0.45867768595041325,1221,2979,2662,594,1164,847,2605,0.8744545149378986,0.40986908358509566,0.45867768595041325,398,398,0.13360187982544475,0.13360187982544475,0.28026884138071895,0.28026884138071895,improved,improved
SUPPORTIVE_POST_PRIMARY_READ_ONLY,aishell5,Eval1,public,cap224_guard_minus_cap224,guard_after_cap,A5E1_006,cap224,cap224_guard,control_cap224_public_sortformer_v2_low_packet_gated,control_cap224_guarded_public_sortformer_v2_low_packet_gated,False,297,2142,3665,1580,265,1788,3633,1.696078431372549,0.13865546218487396,0.0810368349249659,536,2142,1739,478,1128,725,2331,1.088235294117647,0.25023342670401494,0.308223116733755,536,2142,1739,478,1128,725,2331,1.088235294117647,0.25023342670401494,0.308223116733755,239,239,0.11157796451914098,0.11157796451914098,0.22718628180878914,0.22718628180878914,improved,improved
SUPPORTIVE_POST_PRIMARY_READ_ONLY,aishell5,Eval1,public,cap224_guard_minus_cap224,guard_after_cap,A5E1_007,cap224,cap224_guard,control_cap224_public_sortformer_v2_low_packet_gated,control_cap224_guarded_public_sortformer_v2_low_packet_gated,True,544,2939,5692,2292,103,2856,5251,1.7866621299761825,0.18509697175910172,0.09557273366127898,947,2939,2653,679,1313,1027,3019,1.0272201429057501,0.3222184416468186,0.3569543912551828,694,2939,2653,650,1595,1309,3554,1.209254848587955,0.23613473970738347,0.26159065209197135,403,150,0.1371214698877169,0.05103776794828174,0.2613816575939038,0.16601791843069236,improved,improved
SUPPORTIVE_POST_PRIMARY_READ_ONLY,aishell5,Eval1,public,cap224_guard_minus_cap224,guard_after_cap,A5E1_008,cap224,cap224_guard,control_cap224_public_sortformer_v2_low_packet_gated,control_cap224_guarded_public_sortformer_v2_low_packet_gated,False,1772,4270,7995,1602,896,4621,7119,1.6672131147540983,0.41498829039812646,0.22163852407754847,1941,4270,5509,1156,1173,2412,4741,1.110304449648712,0.45456674473067915,0.3523325467416954,1941,4270,5509,1156,1173,2412,4741,1.110304449648712,0.45456674473067915,0.3523325467416954,169,169,0.03957845433255269,0.03957845433255269,0.13069402266414692,0.13069402266414692,improved,improved
SUPPORTIVE_POST_PRIMARY_READ_ONLY,aishell5,Eval1,public,cap224_guard_minus_cap224,guard_after_cap,A5E1_009,cap224,cap224_guard,control_cap224_public_sortformer_v2_low_packet_gated,control_cap224_guarded_public_sortformer_v2_low_packet_gated,False,180,2496,3720,2268,48,1272,3588,1.4375,0.07211538461538461,0.04838709677419355,458,2496,2088,846,1192,784,2822,1.1306089743589745,0.18349358974358973,0.2193486590038314,458,2496,2088,846,1192,784,2822,1.1306089743589745,0.18349358974358973,0.2193486590038314,278,278,0.11137820512820512,0.11137820512820512,0.17096156222963788,0.17096156222963788,improved,improved
SUPPORTIVE_POST_PRIMARY_READ_ONLY,aishell5,Eval1,public,cap224_guard_minus_cap224,guard_after_cap,A5E1_010,cap224,cap224_guard,control_cap224_public_sortformer_v2_low_packet_gated,control_cap224_guarded_public_sortformer_v2_low_packet_gated,False,276,1860,3520,1513,71,1731,3315,1.782258064516129,0.14838709677419354,0.07840909090909091,351,1860,1454,698,811,405,1914,1.0290322580645161,0.18870967741935485,0.24140302613480055,351,1860,1454,698,811,405,1914,1.0290322580645161,0.18870967741935485,0.24140302613480055,75,75,0.04032258064516131,0.04032258064516131,0.16299393522570965,0.16299393522570965,improved,improved
SUPPORTIVE_POST_PRIMARY_READ_ONLY,aishell5,Eval1,public,cap224_guard_minus_cap224,guard_after_cap,A5E1_011,cap224,cap224_guard,control_cap224_public_sortformer_v2_low_packet_gated,control_cap224_guarded_public_sortformer_v2_low_packet_gated,True,749,2265,4502,1250,266,2503,4019,1.77439293598234,0.33068432671081677,0.16637050199911152,706,2265,2503,1069,490,728,2287,1.0097130242825607,0.31169977924944814,0.2820615261685977,713,2265,2503,1031,521,759,2311,1.020309050772627,0.3147902869757174,0.2848581701957651,-43,-36,-0.018984547461368628,-0.01589403973509934,0.11569102416948618,0.11848766819665357,worsened,worsened
SUPPORTIVE_POST_PRIMARY_READ_ONLY,aishell5,Eval1,public,cap224_guard_minus_cap224,guard_after_cap,A5E1_012,cap224,cap224_guard,control_cap224_public_sortformer_v2_low_packet_gated,control_cap224_guarded_public_sortformer_v2_low_packet_gated,True,599,3189,6192,2446,144,3147,5737,1.7989965506428347,0.1878331765443713,0.09673772609819122,1275,3189,3553,493,1421,1785,3699,1.1599247412982125,0.39981185324553153,0.3588516746411483,697,3189,3553,1040,1452,1816,4308,1.3508936970837253,0.21856381310755724,0.19617224880382775,676,98,0.21197867670116025,0.030730636563185948,0.2621139485429571,0.09943452270563653,improved,improved
SUPPORTIVE_POST_PRIMARY_READ_ONLY,aishell5,Eval1,public,cap224_guard_minus_cap224,guard_after_cap,A5E1_013,cap224,cap224_guard,control_cap224_public_sortformer_v2_low_packet_gated,control_cap224_guarded_public_sortformer_v2_low_packet_gated,False,1367,3256,7616,1488,401,4761,6650,2.0423832923832923,0.41984029484029484,0.1794905462184874,1498,3256,4036,878,880,1660,3418,1.0497542997542997,0.46007371007371006,0.3711595639246779,1498,3256,4036,878,880,1660,3418,1.0497542997542997,0.46007371007371006,0.3711595639246779,131,131,0.040233415233415226,0.040233415233415226,0.19166901770619052,0.19166901770619052,improved,improved
SUPPORTIVE_POST_PRIMARY_READ_ONLY,aishell5,Eval1,public,cap224_guard_minus_cap224,guard_after_cap,A5E1_014,cap224,cap224_guard,control_cap224_public_sortformer_v2_low_packet_gated,control_cap224_guarded_public_sortformer_v2_low_packet_gated,False,837,2420,4383,1031,552,2515,4098,1.693388429752066,0.3458677685950413,0.19096509240246407,868,2420,2955,737,815,1350,2902,1.1991735537190082,0.3586776859504132,0.2937394247038917,868,2420,2955,737,815,1350,2902,1.1991735537190082,0.3586776859504132,0.2937394247038917,31,31,0.012809917355371903,0.012809917355371903,0.10277433230142763,0.10277433230142763,improved,improved
SUPPORTIVE_POST_PRIMARY_READ_ONLY,aishell5,Eval1,public,cap224_guard_minus_cap224,guard_after_cap,A5E1_015,cap224,cap224_guard,control_cap224_public_sortformer_v2_low_packet_gated,control_cap224_guarded_public_sortformer_v2_low_packet_gated,False,1976,4528,8116,1449,1103,4691,7243,1.5996024734982333,0.4363957597173145,0.24346968950221784,2042,4528,5776,855,1631,2879,5365,1.1848498233215548,0.45097173144876324,0.35353185595567865,2042,4528,5776,855,1631,2879,5365,1.1848498233215548,0.45097173144876324,0.35353185595567865,66,66,0.014575971731448756,0.014575971731448756,0.11006216645346081,0.11006216645346081,improved,improved
SUPPORTIVE_POST_PRIMARY_READ_ONLY,aishell5,Eval1,public,cap224_guard_minus_cap224,guard_after_cap,A5E1_016,cap224,cap224_guard,control_cap224_public_sortformer_v2_low_packet_gated,control_cap224_guarded_public_sortformer_v2_low_packet_gated,False,1020,2631,2513,940,671,553,2164,0.822500950209046,0.38768529076396807,0.4058893752487067,1057,2631,2099,685,889,357,1931,0.733941467122767,0.4017483846446218,0.5035731300619343,1057,2631,2099,685,889,357,1931,0.733941467122767,0.4017483846446218,0.5035731300619343,37,37,0.014063093880653743,0.014063093880653743,0.09768375481322755,0.09768375481322755,improved,improved
SUPPORTIVE_POST_PRIMARY_READ_ONLY,aishell5,Eval1,public,cap224_guard_minus_cap224,guard_after_cap,A5E1_017,cap224,cap224_guard,control_cap224_public_sortformer_v2_low_packet_gated,control_cap224_guarded_public_sortformer_v2_low_packet_gated,False,494,2196,4967,1653,49,2820,4522,2.0591985428051003,0.22495446265938068,0.09945641232132071,471,2196,2861,1312,413,1078,2803,1.2764116575591986,0.21448087431693988,0.164627752534079,471,2196,2861,1312,413,1078,2803,1.2764116575591986,0.21448087431693988,0.164627752534079,-23,-23,-0.010473588342440804,-0.010473588342440804,0.06517134021275828,0.06517134021275828,worsened,worsened
SUPPORTIVE_POST_PRIMARY_READ_ONLY,aishell5,Eval1,public,cap224_guard_minus_cap224,guard_after_cap,A5E1_018,cap224,cap224_guard,control_cap224_public_sortformer_v2_low_packet_gated,control_cap224_guarded_public_sortformer_v2_low_packet_gated,False,698,2338,3712,1151,489,1863,3503,1.498289136013687,0.2985457656116339,0.1880387931034483,745,2338,2421,597,996,1079,2672,1.1428571428571428,0.3186484174508127,0.3077240809582817,745,2338,2421,597,996,1079,2672,1.1428571428571428,0.3186484174508127,0.3077240809582817,47,47,0.02010265183917881,0.02010265183917881,0.1196852878548334,0.1196852878548334,improved,improved
SUPPORTIVE_POST_PRIMARY_READ_ONLY,aishell5,Eval1,public,cap224_fallback_minus_cap224,fallback_stage,A5E1_001,cap224,cap224_fallback,control_cap224_public_sortformer_v2_low_packet_gated,control_cap224_fallback_public_sortformer_v2_low_packet_gated,False,321,1415,2687,1033,61,1333,2427,1.7151943462897528,0.22685512367491167,0.11946408634164496,368,1415,1218,582,465,268,1315,0.9293286219081273,0.26007067137809187,0.3021346469622332,368,1415,1218,582,465,268,1315,0.9293286219081273,0.26007067137809187,0.3021346469622332,47,47,0.03321554770318019,0.03321554770318019,0.18267056062058823,0.18267056062058823,improved,improved
SUPPORTIVE_POST_PRIMARY_READ_ONLY,aishell5,Eval1,public,cap224_fallback_minus_cap224,fallback_stage,A5E1_002,cap224,cap224_fallback,control_cap224_public_sortformer_v2_low_packet_gated,control_cap224_fallback_public_sortformer_v2_low_packet_gated,False,626,3204,7425,2421,157,4378,6956,2.17103620474407,0.19538077403245943,0.0843097643097643,907,3204,3564,1193,1104,1464,3761,1.173845193508115,0.28308364544319603,0.25448933782267114,907,3204,3564,1193,1104,1464,3761,1.173845193508115,0.28308364544319603,0.25448933782267114,281,281,0.0877028714107366,0.0877028714107366,0.17017957351290683,0.17017957351290683,improved,improved
SUPPORTIVE_POST_PRIMARY_READ_ONLY,aishell5,Eval1,public,cap224_fallback_minus_cap224,fallback_stage,A5E1_003,cap224,cap224_fallback,control_cap224_public_sortformer_v2_low_packet_gated,control_cap224_fallback_public_sortformer_v2_low_packet_gated,True,554,2425,2746,1321,550,871,2742,1.130721649484536,0.22845360824742267,0.20174799708667152,733,2425,1856,573,1119,550,2242,0.9245360824742268,0.3022680412371134,0.3949353448275862,692,2425,1856,553,1180,611,2344,0.9665979381443299,0.28536082474226804,0.3728448275862069,179,138,0.07381443298969076,0.05690721649484537,0.19318734774091467,0.1710968304995354,improved,improved
SUPPORTIVE_POST_PRIMARY_READ_ONLY,aishell5,Eval1,public,cap224_fallback_minus_cap224,fallback_stage,A5E1_004,cap224,cap224_fallback,control_cap224_public_sortformer_v2_low_packet_gated,control_cap224_fallback_public_sortformer_v2_low_packet_gated,False,821,2543,4773,1451,271,2501,4223,1.6606370428627606,0.3228470310656705,0.17200921852084644,1054,2543,2517,686,803,777,2266,0.8910735351946519,0.41447109712937474,0.4187524831148192,1054,2543,2517,686,803,777,2266,0.8910735351946519,0.41447109712937474,0.4187524831148192,233,233,0.09162406606370427,0.09162406606370427,0.24674326459397278,0.24674326459397278,improved,improved
SUPPORTIVE_POST_PRIMARY_READ_ONLY,aishell5,Eval1,public,cap224_fallback_minus_cap224,fallback_stage,A5E1_005,cap224,cap224_fallback,control_cap224_public_sortformer_v2_low_packet_gated,control_cap224_fallback_public_sortformer_v2_low_packet_gated,False,823,2979,4613,1810,346,1980,4136,1.3883853642161799,0.2762672037596509,0.17840884456969433,1319,2979,2751,626,1034,806,2466,0.8277945619335347,0.4427660288687479,0.47946201381315884,1319,2979,2751,626,1034,806,2466,0.8277945619335347,0.4427660288687479,0.47946201381315884,496,496,0.16649882510909697,0.16649882510909697,0.3010531692434645,0.3010531692434645,improved,improved
SUPPORTIVE_POST_PRIMARY_READ_ONLY,aishell5,Eval1,public,cap224_fallback_minus_cap224,fallback_stage,A5E1_006,cap224,cap224_fallback,control_cap224_public_sortformer_v2_low_packet_gated,control_cap224_fallback_public_sortformer_v2_low_packet_gated,False,297,2142,3665,1580,265,1788,3633,1.696078431372549,0.13865546218487396,0.0810368349249659,533,2142,1886,551,1058,802,2411,1.1255835667600373,0.2488328664799253,0.2826086956521739,533,2142,1886,551,1058,802,2411,1.1255835667600373,0.2488328664799253,0.2826086956521739,236,236,0.11017740429505135,0.11017740429505135,0.201571860727208,0.201571860727208,improved,improved
SUPPORTIVE_POST_PRIMARY_READ_ONLY,aishell5,Eval1,public,cap224_fallback_minus_cap224,fallback_stage,A5E1_007,cap224,cap224_fallback,control_cap224_public_sortformer_v2_low_packet_gated,control_cap224_fallback_public_sortformer_v2_low_packet_gated,True,544,2939,5692,2292,103,2856,5251,1.7866621299761825,0.18509697175910172,0.09557273366127898,885,2939,2990,938,1116,1167,3221,1.0959510037427695,0.3011228308948622,0.2959866220735786,630,2939,2990,932,1377,1428,3737,1.2715209254848587,0.21435862538278325,0.21070234113712374,341,86,0.11602585913576047,0.02926165362368152,0.20041388841229962,0.11512960747584476,improved,improved
SUPPORTIVE_POST_PRIMARY_READ_ONLY,aishell5,Eval1,public,cap224_fallback_minus_cap224,fallback_stage,A5E1_008,cap224,cap224_fallback,control_cap224_public_sortformer_v2_low_packet_gated,control_cap224_fallback_public_sortformer_v2_low_packet_gated,False,1772,4270,7995,1602,896,4621,7119,1.6672131147540983,0.41498829039812646,0.22163852407754847,1910,4270,6072,1245,1115,2917,5277,1.235831381733021,0.44730679156908665,0.31455862977602106,1910,4270,6072,1245,1115,2917,5277,1.235831381733021,0.44730679156908665,0.31455862977602106,138,138,0.03231850117096019,0.03231850117096019,0.09292010569847259,0.09292010569847259,improved,improved
SUPPORTIVE_POST_PRIMARY_READ_ONLY,aishell5,Eval1,public,cap224_fallback_minus_cap224,fallback_stage,A5E1_009,cap224,cap224_fallback,control_cap224_public_sortformer_v2_low_packet_gated,control_cap224_fallback_public_sortformer_v2_low_packet_gated,False,180,2496,3720,2268,48,1272,3588,1.4375,0.07211538461538461,0.04838709677419355,490,2496,1961,720,1286,751,2757,1.1045673076923077,0.19631410256410256,0.24987251402345742,490,2496,1961,720,1286,751,2757,1.1045673076923077,0.19631410256410256,0.24987251402345742,310,310,0.12419871794871795,0.12419871794871795,0.2014854172492639,0.2014854172492639,improved,improved
SUPPORTIVE_POST_PRIMARY_READ_ONLY,aishell5,Eval1,public,cap224_fallback_minus_cap224,fallback_stage,A5E1_010,cap224,cap224_fallback,control_cap224_public_sortformer_v2_low_packet_gated,control_cap224_fallback_public_sortformer_v2_low_packet_gated,True,276,1860,3520,1513,71,1731,3315,1.782258064516129,0.14838709677419354,0.07840909090909091,372,1860,1269,572,916,325,1813,0.9747311827956989,0.2,0.29314420803782504,342,1860,1269,510,1008,417,1935,1.0403225806451613,0.18387096774193548,0.2695035460992908,96,66,0.05161290322580647,0.03548387096774194,0.2147351171287341,0.19109445519019985,improved,improved
SUPPORTIVE_POST_PRIMARY_READ_ONLY,aishell5,Eval1,public,cap224_fallback_minus_cap224,fallback_stage,A5E1_011,cap224,cap224_fallback,control_cap224_public_sortformer_v2_low_packet_gated,control_cap224_fallback_public_sortformer_v2_low_packet_gated,True,749,2265,4502,1250,266,2503,4019,1.77439293598234,0.33068432671081677,0.16637050199911152,678,2265,2407,1021,566,708,2295,1.0132450331125828,0.2993377483443709,0.281678437889489,740,2265,2407,848,677,819,2344,1.034878587196468,0.32671081677704195,0.30743664312422103,-71,-9,-0.03134657836644589,-0.003973509933774821,0.11530793589037747,0.1410661411251095,worsened,worsened
SUPPORTIVE_POST_PRIMARY_READ_ONLY,aishell5,Eval1,public,cap224_fallback_minus_cap224,fallback_stage,A5E1_012,cap224,cap224_fallback,control_cap224_public_sortformer_v2_low_packet_gated,control_cap224_fallback_public_sortformer_v2_low_packet_gated,True,599,3189,6192,2446,144,3147,5737,1.7989965506428347,0.1878331765443713,0.09673772609819122,883,3189,3863,1317,989,1663,3969,1.244590780809031,0.2768893069927877,0.2285788247476055,643,3189,3863,1450,1096,1770,4316,1.3534023204766386,0.20163060520539355,0.1664509448615066,284,44,0.0890561304484164,0.013797428661022265,0.1318410986494143,0.06971321876331539,improved,improved
SUPPORTIVE_POST_PRIMARY_READ_ONLY,aishell5,Eval1,public,cap224_fallback_minus_cap224,fallback_stage,A5E1_013,cap224,cap224_fallback,control_cap224_public_sortformer_v2_low_packet_gated,control_cap224_fallback_public_sortformer_v2_low_packet_gated,False,1367,3256,7616,1488,401,4761,6650,2.0423832923832923,0.41984029484029484,0.1794905462184874,1574,3256,4019,714,968,1731,3413,1.0482186732186731,0.4834152334152334,0.3916397113709878,1574,3256,4019,714,968,1731,3413,1.0482186732186731,0.4834152334152334,0.3916397113709878,207,207,0.06357493857493857,0.06357493857493857,0.2121491651525004,0.2121491651525004,improved,improved
SUPPORTIVE_POST_PRIMARY_READ_ONLY,aishell5,Eval1,public,cap224_fallback_minus_cap224,fallback_stage,A5E1_014,cap224,cap224_fallback,control_cap224_public_sortformer_v2_low_packet_gated,control_cap224_fallback_public_sortformer_v2_low_packet_gated,False,837,2420,4383,1031,552,2515,4098,1.693388429752066,0.3458677685950413,0.19096509240246407,858,2420,2773,776,786,1139,2701,1.116115702479339,0.35454545454545455,0.3094121889650198,858,2420,2773,776,786,1139,2701,1.116115702479339,0.35454545454545455,0.3094121889650198,21,21,0.008677685950413239,0.008677685950413239,0.11844709656255575,0.11844709656255575,improved,improved
SUPPORTIVE_POST_PRIMARY_READ_ONLY,aishell5,Eval1,public,cap224_fallback_minus_cap224,fallback_stage,A5E1_015,cap224,cap224_fallback,control_cap224_public_sortformer_v2_low_packet_gated,control_cap224_fallback_public_sortformer_v2_low_packet_gated,False,1976,4528,8116,1449,1103,4691,7243,1.5996024734982333,0.4363957597173145,0.24346968950221784,2192,4528,6082,880,1456,3010,5346,1.1806537102473498,0.4840989399293286,0.36040776060506413,2192,4528,6082,880,1456,3010,5346,1.1806537102473498,0.4840989399293286,0.36040776060506413,216,216,0.04770318021201414,0.04770318021201414,0.11693807110284629,0.11693807110284629,improved,improved
SUPPORTIVE_POST_PRIMARY_READ_ONLY,aishell5,Eval1,public,cap224_fallback_minus_cap224,fallback_stage,A5E1_016,cap224,cap224_fallback,control_cap224_public_sortformer_v2_low_packet_gated,control_cap224_fallback_public_sortformer_v2_low_packet_gated,False,1020,2631,2513,940,671,553,2164,0.822500950209046,0.38768529076396807,0.4058893752487067,1056,2631,2147,696,879,395,1970,0.7487647282402129,0.4013683010262258,0.4918490917559385,1056,2631,2147,696,879,395,1970,0.7487647282402129,0.4013683010262258,0.4918490917559385,36,36,0.013683010262257711,0.013683010262257711,0.08595971650723178,0.08595971650723178,improved,improved
SUPPORTIVE_POST_PRIMARY_READ_ONLY,aishell5,Eval1,public,cap224_fallback_minus_cap224,fallback_stage,A5E1_017,cap224,cap224_fallback,control_cap224_public_sortformer_v2_low_packet_gated,control_cap224_fallback_public_sortformer_v2_low_packet_gated,False,494,2196,4967,1653,49,2820,4522,2.0591985428051003,0.22495446265938068,0.09945641232132071,475,2196,2677,1145,576,1057,2778,1.2650273224043715,0.2163023679417122,0.17743742995890924,475,2196,2677,1145,576,1057,2778,1.2650273224043715,0.2163023679417122,0.17743742995890924,-19,-19,-0.00865209471766848,-0.00865209471766848,0.07798101763758852,0.07798101763758852,worsened,worsened
SUPPORTIVE_POST_PRIMARY_READ_ONLY,aishell5,Eval1,public,cap224_fallback_minus_cap224,fallback_stage,A5E1_018,cap224,cap224_fallback,control_cap224_public_sortformer_v2_low_packet_gated,control_cap224_fallback_public_sortformer_v2_low_packet_gated,True,698,2338,3712,1151,489,1863,3503,1.498289136013687,0.2985457656116339,0.1880387931034483,575,2338,2442,950,813,917,2680,1.146278870829769,0.24593669803250642,0.23546273546273547,717,2338,2442,606,1015,1119,2740,1.1719418306244653,0.306672369546621,0.2936117936117936,-123,19,-0.05260906757912745,0.008126603934987153,0.04742394235928718,0.10557300050834534,worsened,improved
SUPPORTIVE_POST_PRIMARY_READ_ONLY,aishell5,Eval1,public,cap224_fallback_guard_minus_cap224_fallback,residual_guard_after_fallback,A5E1_001,cap224_fallback,cap224_fallback_guard,control_cap224_fallback_public_sortformer_v2_low_packet_gated,control_cap224_fallback_guarded_public_sortformer_v2_low_packet_gated,False,368,1415,1218,582,465,268,1315,0.9293286219081273,0.26007067137809187,0.3021346469622332,368,1415,1218,582,465,268,1315,0.9293286219081273,0.26007067137809187,0.3021346469622332,368,1415,1218,582,465,268,1315,0.9293286219081273,0.26007067137809187,0.3021346469622332,0,0,0.0,0.0,0.0,0.0,tie,tie
SUPPORTIVE_POST_PRIMARY_READ_ONLY,aishell5,Eval1,public,cap224_fallback_guard_minus_cap224_fallback,residual_guard_after_fallback,A5E1_002,cap224_fallback,cap224_fallback_guard,control_cap224_fallback_public_sortformer_v2_low_packet_gated,control_cap224_fallback_guarded_public_sortformer_v2_low_packet_gated,False,907,3204,3564,1193,1104,1464,3761,1.173845193508115,0.28308364544319603,0.25448933782267114,907,3204,3564,1193,1104,1464,3761,1.173845193508115,0.28308364544319603,0.25448933782267114,907,3204,3564,1193,1104,1464,3761,1.173845193508115,0.28308364544319603,0.25448933782267114,0,0,0.0,0.0,0.0,0.0,tie,tie
SUPPORTIVE_POST_PRIMARY_READ_ONLY,aishell5,Eval1,public,cap224_fallback_guard_minus_cap224_fallback,residual_guard_after_fallback,A5E1_003,cap224_fallback,cap224_fallback_guard,control_cap224_fallback_public_sortformer_v2_low_packet_gated,control_cap224_fallback_guarded_public_sortformer_v2_low_packet_gated,False,733,2425,1856,573,1119,550,2242,0.9245360824742268,0.3022680412371134,0.3949353448275862,733,2425,1856,573,1119,550,2242,0.9245360824742268,0.3022680412371134,0.3949353448275862,733,2425,1856,573,1119,550,2242,0.9245360824742268,0.3022680412371134,0.3949353448275862,0,0,0.0,0.0,0.0,0.0,tie,tie
SUPPORTIVE_POST_PRIMARY_READ_ONLY,aishell5,Eval1,public,cap224_fallback_guard_minus_cap224_fallback,residual_guard_after_fallback,A5E1_004,cap224_fallback,cap224_fallback_guard,control_cap224_fallback_public_sortformer_v2_low_packet_gated,control_cap224_fallback_guarded_public_sortformer_v2_low_packet_gated,False,1054,2543,2517,686,803,777,2266,0.8910735351946519,0.41447109712937474,0.4187524831148192,1054,2543,2517,686,803,777,2266,0.8910735351946519,0.41447109712937474,0.4187524831148192,1054,2543,2517,686,803,777,2266,0.8910735351946519,0.41447109712937474,0.4187524831148192,0,0,0.0,0.0,0.0,0.0,tie,tie
SUPPORTIVE_POST_PRIMARY_READ_ONLY,aishell5,Eval1,public,cap224_fallback_guard_minus_cap224_fallback,residual_guard_after_fallback,A5E1_005,cap224_fallback,cap224_fallback_guard,control_cap224_fallback_public_sortformer_v2_low_packet_gated,control_cap224_fallback_guarded_public_sortformer_v2_low_packet_gated,False,1319,2979,2751,626,1034,806,2466,0.8277945619335347,0.4427660288687479,0.47946201381315884,1319,2979,2751,626,1034,806,2466,0.8277945619335347,0.4427660288687479,0.47946201381315884,1319,2979,2751,626,1034,806,2466,0.8277945619335347,0.4427660288687479,0.47946201381315884,0,0,0.0,0.0,0.0,0.0,tie,tie
SUPPORTIVE_POST_PRIMARY_READ_ONLY,aishell5,Eval1,public,cap224_fallback_guard_minus_cap224_fallback,residual_guard_after_fallback,A5E1_006,cap224_fallback,cap224_fallback_guard,control_cap224_fallback_public_sortformer_v2_low_packet_gated,control_cap224_fallback_guarded_public_sortformer_v2_low_packet_gated,False,533,2142,1886,551,1058,802,2411,1.1255835667600373,0.2488328664799253,0.2826086956521739,533,2142,1886,551,1058,802,2411,1.1255835667600373,0.2488328664799253,0.2826086956521739,533,2142,1886,551,1058,802,2411,1.1255835667600373,0.2488328664799253,0.2826086956521739,0,0,0.0,0.0,0.0,0.0,tie,tie
SUPPORTIVE_POST_PRIMARY_READ_ONLY,aishell5,Eval1,public,cap224_fallback_guard_minus_cap224_fallback,residual_guard_after_fallback,A5E1_007,cap224_fallback,cap224_fallback_guard,control_cap224_fallback_public_sortformer_v2_low_packet_gated,control_cap224_fallback_guarded_public_sortformer_v2_low_packet_gated,False,885,2939,2990,938,1116,1167,3221,1.0959510037427695,0.3011228308948622,0.2959866220735786,885,2939,2990,938,1116,1167,3221,1.0959510037427695,0.3011228308948622,0.2959866220735786,885,2939,2990,938,1116,1167,3221,1.0959510037427695,0.3011228308948622,0.2959866220735786,0,0,0.0,0.0,0.0,0.0,tie,tie
SUPPORTIVE_POST_PRIMARY_READ_ONLY,aishell5,Eval1,public,cap224_fallback_guard_minus_cap224_fallback,residual_guard_after_fallback,A5E1_008,cap224_fallback,cap224_fallback_guard,control_cap224_fallback_public_sortformer_v2_low_packet_gated,control_cap224_fallback_guarded_public_sortformer_v2_low_packet_gated,False,1910,4270,6072,1245,1115,2917,5277,1.235831381733021,0.44730679156908665,0.31455862977602106,1910,4270,5933,1245,1115,2778,5138,1.20327868852459,0.44730679156908665,0.32192819821338275,1910,4270,5933,1245,1115,2778,5138,1.20327868852459,0.44730679156908665,0.32192819821338275,0,0,0.0,0.0,0.007369568437361695,0.007369568437361695,tie,tie
SUPPORTIVE_POST_PRIMARY_READ_ONLY,aishell5,Eval1,public,cap224_fallback_guard_minus_cap224_fallback,residual_guard_after_fallback,A5E1_009,cap224_fallback,cap224_fallback_guard,control_cap224_fallback_public_sortformer_v2_low_packet_gated,control_cap224_fallback_guarded_public_sortformer_v2_low_packet_gated,False,490,2496,1961,720,1286,751,2757,1.1045673076923077,0.19631410256410256,0.24987251402345742,490,2496,1961,720,1286,751,2757,1.1045673076923077,0.19631410256410256,0.24987251402345742,490,2496,1961,720,1286,751,2757,1.1045673076923077,0.19631410256410256,0.24987251402345742,0,0,0.0,0.0,0.0,0.0,tie,tie
SUPPORTIVE_POST_PRIMARY_READ_ONLY,aishell5,Eval1,public,cap224_fallback_guard_minus_cap224_fallback,residual_guard_after_fallback,A5E1_010,cap224_fallback,cap224_fallback_guard,control_cap224_fallback_public_sortformer_v2_low_packet_gated,control_cap224_fallback_guarded_public_sortformer_v2_low_packet_gated,False,372,1860,1269,572,916,325,1813,0.9747311827956989,0.2,0.29314420803782504,372,1860,1269,572,916,325,1813,0.9747311827956989,0.2,0.29314420803782504,372,1860,1269,572,916,325,1813,0.9747311827956989,0.2,0.29314420803782504,0,0,0.0,0.0,0.0,0.0,tie,tie
SUPPORTIVE_POST_PRIMARY_READ_ONLY,aishell5,Eval1,public,cap224_fallback_guard_minus_cap224_fallback,residual_guard_after_fallback,A5E1_011,cap224_fallback,cap224_fallback_guard,control_cap224_fallback_public_sortformer_v2_low_packet_gated,control_cap224_fallback_guarded_public_sortformer_v2_low_packet_gated,False,678,2265,2407,1021,566,708,2295,1.0132450331125828,0.2993377483443709,0.281678437889489,659,2265,2344,1036,570,649,2255,0.9955849889624724,0.29094922737306844,0.2811433447098976,659,2265,2344,1036,570,649,2255,0.9955849889624724,0.29094922737306844,0.2811433447098976,-19,-19,-0.008388520971302438,-0.008388520971302438,-0.0005350931795913838,-0.0005350931795913838,worsened,worsened
SUPPORTIVE_POST_PRIMARY_READ_ONLY,aishell5,Eval1,public,cap224_fallback_guard_minus_cap224_fallback,residual_guard_after_fallback,A5E1_012,cap224_fallback,cap224_fallback_guard,control_cap224_fallback_public_sortformer_v2_low_packet_gated,control_cap224_fallback_guarded_public_sortformer_v2_low_packet_gated,True,883,3189,3863,1317,989,1663,3969,1.244590780809031,0.2768893069927877,0.2285788247476055,897,3189,3787,1264,1028,1626,3918,1.2285983066792099,0.2812793979303857,0.23686295220491155,901,3189,3787,1224,1064,1662,3950,1.2386328002508624,0.28253370962684227,0.23791919725376287,14,18,0.004390090937598012,0.005644402634054579,0.008284127457306056,0.00934037250615738,improved,improved
SUPPORTIVE_POST_PRIMARY_READ_ONLY,aishell5,Eval1,public,cap224_fallback_guard_minus_cap224_fallback,residual_guard_after_fallback,A5E1_013,cap224_fallback,cap224_fallback_guard,control_cap224_fallback_public_sortformer_v2_low_packet_gated,control_cap224_fallback_guarded_public_sortformer_v2_low_packet_gated,False,1574,3256,4019,714,968,1731,3413,1.0482186732186731,0.4834152334152334,0.3916397113709878,1574,3256,4019,714,968,1731,3413,1.0482186732186731,0.4834152334152334,0.3916397113709878,1574,3256,4019,714,968,1731,3413,1.0482186732186731,0.4834152334152334,0.3916397113709878,0,0,0.0,0.0,0.0,0.0,tie,tie
SUPPORTIVE_POST_PRIMARY_READ_ONLY,aishell5,Eval1,public,cap224_fallback_guard_minus_cap224_fallback,residual_guard_after_fallback,A5E1_014,cap224_fallback,cap224_fallback_guard,control_cap224_fallback_public_sortformer_v2_low_packet_gated,control_cap224_fallback_guarded_public_sortformer_v2_low_packet_gated,False,858,2420,2773,776,786,1139,2701,1.116115702479339,0.35454545454545455,0.3094121889650198,858,2420,2773,776,786,1139,2701,1.116115702479339,0.35454545454545455,0.3094121889650198,858,2420,2773,776,786,1139,2701,1.116115702479339,0.35454545454545455,0.3094121889650198,0,0,0.0,0.0,0.0,0.0,tie,tie
SUPPORTIVE_POST_PRIMARY_READ_ONLY,aishell5,Eval1,public,cap224_fallback_guard_minus_cap224_fallback,residual_guard_after_fallback,A5E1_015,cap224_fallback,cap224_fallback_guard,control_cap224_fallback_public_sortformer_v2_low_packet_gated,control_cap224_fallback_guarded_public_sortformer_v2_low_packet_gated,False,2192,4528,6082,880,1456,3010,5346,1.1806537102473498,0.4840989399293286,0.36040776060506413,2192,4528,6082,880,1456,3010,5346,1.1806537102473498,0.4840989399293286,0.36040776060506413,2192,4528,6082,880,1456,3010,5346,1.1806537102473498,0.4840989399293286,0.36040776060506413,0,0,0.0,0.0,0.0,0.0,tie,tie
SUPPORTIVE_POST_PRIMARY_READ_ONLY,aishell5,Eval1,public,cap224_fallback_guard_minus_cap224_fallback,residual_guard_after_fallback,A5E1_016,cap224_fallback,cap224_fallback_guard,control_cap224_fallback_public_sortformer_v2_low_packet_gated,control_cap224_fallback_guarded_public_sortformer_v2_low_packet_gated,False,1056,2631,2147,696,879,395,1970,0.7487647282402129,0.4013683010262258,0.4918490917559385,1056,2631,2147,696,879,395,1970,0.7487647282402129,0.4013683010262258,0.4918490917559385,1056,2631,2147,696,879,395,1970,0.7487647282402129,0.4013683010262258,0.4918490917559385,0,0,0.0,0.0,0.0,0.0,tie,tie
SUPPORTIVE_POST_PRIMARY_READ_ONLY,aishell5,Eval1,public,cap224_fallback_guard_minus_cap224_fallback,residual_guard_after_fallback,A5E1_017,cap224_fallback,cap224_fallback_guard,control_cap224_fallback_public_sortformer_v2_low_packet_gated,control_cap224_fallback_guarded_public_sortformer_v2_low_packet_gated,False,475,2196,2677,1145,576,1057,2778,1.2650273224043715,0.2163023679417122,0.17743742995890924,475,2196,2677,1145,576,1057,2778,1.2650273224043715,0.2163023679417122,0.17743742995890924,475,2196,2677,1145,576,1057,2778,1.2650273224043715,0.2163023679417122,0.17743742995890924,0,0,0.0,0.0,0.0,0.0,tie,tie
SUPPORTIVE_POST_PRIMARY_READ_ONLY,aishell5,Eval1,public,cap224_fallback_guard_minus_cap224_fallback,residual_guard_after_fallback,A5E1_018,cap224_fallback,cap224_fallback_guard,control_cap224_fallback_public_sortformer_v2_low_packet_gated,control_cap224_fallback_guarded_public_sortformer_v2_low_packet_gated,False,575,2338,2442,950,813,917,2680,1.146278870829769,0.24593669803250642,0.23546273546273547,575,2338,2442,950,813,917,2680,1.146278870829769,0.24593669803250642,0.23546273546273547,575,2338,2442,950,813,917,2680,1.146278870829769,0.24593669803250642,0.23546273546273547,0,0,0.0,0.0,0.0,0.0,tie,tie
SUPPORTIVE_POST_PRIMARY_READ_ONLY,aishell5,Eval1,public,cap224_fallback_guard_minus_raw448,full_control_stack,A5E1_001,raw448,cap224_fallback_guard,raw_public_sortformer_v2_low_packet_gated,control_cap224_fallback_guarded_public_sortformer_v2_low_packet_gated,False,322,1415,4429,1032,61,3075,4168,2.945583038869258,0.2275618374558304,0.07270264167983743,368,1415,1218,582,465,268,1315,0.9293286219081273,0.26007067137809187,0.3021346469622332,368,1415,1218,582,465,268,1315,0.9293286219081273,0.26007067137809187,0.3021346469622332,46,46,0.032508833922261476,0.032508833922261476,0.22943200528239577,0.22943200528239577,improved,improved
SUPPORTIVE_POST_PRIMARY_READ_ONLY,aishell5,Eval1,public,cap224_fallback_guard_minus_raw448,full_control_stack,A5E1_002,raw448,cap224_fallback_guard,raw_public_sortformer_v2_low_packet_gated,control_cap224_fallback_guarded_public_sortformer_v2_low_packet_gated,False,808,3204,11969,2199,197,8962,11358,3.544943820224719,0.25218476903870163,0.06750772829810343,907,3204,3564,1193,1104,1464,3761,1.173845193508115,0.28308364544319603,0.25448933782267114,907,3204,3564,1193,1104,1464,3761,1.173845193508115,0.28308364544319603,0.25448933782267114,99,99,0.030898876404494402,0.030898876404494402,0.18698160952456772,0.18698160952456772,improved,improved
SUPPORTIVE_POST_PRIMARY_READ_ONLY,aishell5,Eval1,public,cap224_fallback_guard_minus_raw448,full_control_stack,A5E1_003,raw448,cap224_fallback_guard,raw_public_sortformer_v2_low_packet_gated,control_cap224_fallback_guarded_public_sortformer_v2_low_packet_gated,True,341,2425,3864,2004,80,1519,3603,1.4857731958762888,0.14061855670103093,0.08825051759834368,733,2425,1856,573,1119,550,2242,0.9245360824742268,0.3022680412371134,0.3949353448275862,692,2425,1856,553,1180,611,2344,0.9665979381443299,0.28536082474226804,0.3728448275862069,392,351,0.1616494845360825,0.1447422680412371,0.3066848272292425,0.2845943099878632,improved,improved
SUPPORTIVE_POST_PRIMARY_READ_ONLY,aishell5,Eval1,public,cap224_fallback_guard_minus_raw448,full_control_stack,A5E1_004,raw448,cap224_fallback_guard,raw_public_sortformer_v2_low_packet_gated,control_cap224_fallback_guarded_public_sortformer_v2_low_packet_gated,False,822,2543,7496,1514,207,5160,6881,2.7058592213920565,0.3232402674007078,0.10965848452508005,1054,2543,2517,686,803,777,2266,0.8910735351946519,0.41447109712937474,0.4187524831148192,1054,2543,2517,686,803,777,2266,0.8910735351946519,0.41447109712937474,0.4187524831148192,232,232,0.09123082972866692,0.09123082972866692,0.3090939985897392,0.3090939985897392,improved,improved
SUPPORTIVE_POST_PRIMARY_READ_ONLY,aishell5,Eval1,public,cap224_fallback_guard_minus_raw448,full_control_stack,A5E1_005,raw448,cap224_fallback_guard,raw_public_sortformer_v2_low_packet_gated,control_cap224_fallback_guarded_public_sortformer_v2_low_packet_gated,False,794,2979,6922,1967,218,4161,6346,2.130245048674052,0.26653239342061097,0.11470673215833574,1319,2979,2751,626,1034,806,2466,0.8277945619335347,0.4427660288687479,0.47946201381315884,1319,2979,2751,626,1034,806,2466,0.8277945619335347,0.4427660288687479,0.47946201381315884,525,525,0.17623363544813692,0.17623363544813692,0.36475528165482307,0.36475528165482307,improved,improved
SUPPORTIVE_POST_PRIMARY_READ_ONLY,aishell5,Eval1,public,cap224_fallback_guard_minus_raw448,full_control_stack,A5E1_006,raw448,cap224_fallback_guard,raw_public_sortformer_v2_low_packet_gated,control_cap224_fallback_guarded_public_sortformer_v2_low_packet_gated,False,304,2142,5698,1793,45,3601,5439,2.5392156862745097,0.1419234360410831,0.053352053352053355,533,2142,1886,551,1058,802,2411,1.1255835667600373,0.2488328664799253,0.2826086956521739,533,2142,1886,551,1058,802,2411,1.1255835667600373,0.2488328664799253,0.2826086956521739,229,229,0.10690943043884221,0.10690943043884221,0.22925664230012055,0.22925664230012055,improved,improved
SUPPORTIVE_POST_PRIMARY_READ_ONLY,aishell5,Eval1,public,cap224_fallback_guard_minus_raw448,full_control_stack,A5E1_007,raw448,cap224_fallback_guard,raw_public_sortformer_v2_low_packet_gated,control_cap224_fallback_guarded_public_sortformer_v2_low_packet_gated,False,632,2939,9201,2152,155,6417,8724,2.9683565838720654,0.215039128955427,0.06868818606673188,885,2939,2990,938,1116,1167,3221,1.0959510037427695,0.3011228308948622,0.2959866220735786,885,2939,2990,938,1116,1167,3221,1.0959510037427695,0.3011228308948622,0.2959866220735786,253,253,0.08608370193943518,0.08608370193943518,0.22729843600684674,0.22729843600684674,improved,improved
SUPPORTIVE_POST_PRIMARY_READ_ONLY,aishell5,Eval1,public,cap224_fallback_guard_minus_raw448,full_control_stack,A5E1_008,raw448,cap224_fallback_guard,raw_public_sortformer_v2_low_packet_gated,control_cap224_fallback_guarded_public_sortformer_v2_low_packet_gated,False,1799,4270,10909,1591,880,7519,9990,2.339578454332553,0.42131147540983604,0.16490970758089651,1910,4270,5933,1245,1115,2778,5138,1.20327868852459,0.44730679156908665,0.32192819821338275,1910,4270,5933,1245,1115,2778,5138,1.20327868852459,0.44730679156908665,0.32192819821338275,111,111,0.025995316159250603,0.025995316159250603,0.15701849063248624,0.15701849063248624,improved,improved
SUPPORTIVE_POST_PRIMARY_READ_ONLY,aishell5,Eval1,public,cap224_fallback_guard_minus_raw448,full_control_stack,A5E1_009,raw448,cap224_fallback_guard,raw_public_sortformer_v2_low_packet_gated,control_cap224_fallback_guarded_public_sortformer_v2_low_packet_gated,False,313,2496,5723,2139,44,3271,5454,2.1850961538461537,0.12540064102564102,0.05469159531714136,490,2496,1961,720,1286,751,2757,1.1045673076923077,0.19631410256410256,0.24987251402345742,490,2496,1961,720,1286,751,2757,1.1045673076923077,0.19631410256410256,0.24987251402345742,177,177,0.07091346153846154,0.07091346153846154,0.19518091870631607,0.19518091870631607,improved,improved
SUPPORTIVE_POST_PRIMARY_READ_ONLY,aishell5,Eval1,public,cap224_fallback_guard_minus_raw448,full_control_stack,A5E1_010,raw448,cap224_fallback_guard,raw_public_sortformer_v2_low_packet_gated,control_cap224_fallback_guarded_public_sortformer_v2_low_packet_gated,True,312,1860,6011,1490,58,4209,5757,3.0951612903225807,0.16774193548387098,0.05190484112460489,372,1860,1269,572,916,325,1813,0.9747311827956989,0.2,0.29314420803782504,342,1860,1269,510,1008,417,1935,1.0403225806451613,0.18387096774193548,0.2695035460992908,60,30,0.03225806451612903,0.016129032258064502,0.24123936691322015,0.2175987049746859,improved,improved
SUPPORTIVE_POST_PRIMARY_READ_ONLY,aishell5,Eval1,public,cap224_fallback_guard_minus_raw448,full_control_stack,A5E1_011,raw448,cap224_fallback_guard,raw_public_sortformer_v2_low_packet_gated,control_cap224_fallback_guarded_public_sortformer_v2_low_packet_gated,False,741,2265,7032,1269,255,5022,6546,2.890066225165563,0.3271523178807947,0.10537542662116041,659,2265,2344,1036,570,649,2255,0.9955849889624724,0.29094922737306844,0.2811433447098976,659,2265,2344,1036,570,649,2255,0.9955849889624724,0.29094922737306844,0.2811433447098976,-82,-82,-0.03620309050772624,-0.03620309050772624,0.1757679180887372,0.1757679180887372,worsened,worsened
SUPPORTIVE_POST_PRIMARY_READ_ONLY,aishell5,Eval1,public,cap224_fallback_guard_minus_raw448,full_control_stack,A5E1_012,raw448,cap224_fallback_guard,raw_public_sortformer_v2_low_packet_gated,control_cap224_fallback_guarded_public_sortformer_v2_low_packet_gated,True,635,3189,9107,2450,104,6022,8576,2.689244277202885,0.1991219818124804,0.06972658394641484,897,3189,3787,1264,1028,1626,3918,1.2285983066792099,0.2812793979303857,0.23686295220491155,661,3189,3787,1357,1171,1769,4297,1.3474443399184697,0.2072750078394481,0.17454449432268287,262,26,0.08215741611790531,0.008153026026967714,0.1671363682584967,0.10481791037626803,improved,improved
SUPPORTIVE_POST_PRIMARY_READ_ONLY,aishell5,Eval1,public,cap224_fallback_guard_minus_raw448,full_control_stack,A5E1_013,raw448,cap224_fallback_guard,raw_public_sortformer_v2_low_packet_gated,control_cap224_fallback_guarded_public_sortformer_v2_low_packet_gated,False,1384,3256,11954,1490,382,9080,10952,3.3636363636363638,0.4250614250614251,0.11577714572528024,1574,3256,4019,714,968,1731,3413,1.0482186732186731,0.4834152334152334,0.3916397113709878,1574,3256,4019,714,968,1731,3413,1.0482186732186731,0.4834152334152334,0.3916397113709878,190,190,0.05835380835380832,0.05835380835380832,0.27586256564570755,0.27586256564570755,improved,improved
SUPPORTIVE_POST_PRIMARY_READ_ONLY,aishell5,Eval1,public,cap224_fallback_guard_minus_raw448,full_control_stack,A5E1_014,raw448,cap224_fallback_guard,raw_public_sortformer_v2_low_packet_gated,control_cap224_fallback_guarded_public_sortformer_v2_low_packet_gated,False,566,2420,6192,1673,181,3953,5807,2.399586776859504,0.23388429752066114,0.09140826873385013,858,2420,2773,776,786,1139,2701,1.116115702479339,0.35454545454545455,0.3094121889650198,858,2420,2773,776,786,1139,2701,1.116115702479339,0.35454545454545455,0.3094121889650198,292,292,0.12066115702479341,0.12066115702479341,0.21800392023116968,0.21800392023116968,improved,improved
SUPPORTIVE_POST_PRIMARY_READ_ONLY,aishell5,Eval1,public,cap224_fallback_guard_minus_raw448,full_control_stack,A5E1_015,raw448,cap224_fallback_guard,raw_public_sortformer_v2_low_packet_gated,control_cap224_fallback_guarded_public_sortformer_v2_low_packet_gated,False,1867,4528,10745,1773,888,7105,9766,2.1568021201413425,0.4123233215547703,0.17375523499302,2192,4528,6082,880,1456,3010,5346,1.1806537102473498,0.4840989399293286,0.36040776060506413,2192,4528,6082,880,1456,3010,5346,1.1806537102473498,0.4840989399293286,0.36040776060506413,325,325,0.07177561837455831,0.07177561837455831,0.18665252561204412,0.18665252561204412,improved,improved
SUPPORTIVE_POST_PRIMARY_READ_ONLY,aishell5,Eval1,public,cap224_fallback_guard_minus_raw448,full_control_stack,A5E1_016,raw448,cap224_fallback_guard,raw_public_sortformer_v2_low_packet_gated,control_cap224_fallback_guarded_public_sortformer_v2_low_packet_gated,False,992,2631,2953,1183,456,778,2417,0.9186621056632459,0.37704294944887873,0.33592956315611244,1056,2631,2147,696,879,395,1970,0.7487647282402129,0.4013683010262258,0.4918490917559385,1056,2631,2147,696,879,395,1970,0.7487647282402129,0.4013683010262258,0.4918490917559385,64,64,0.024325351577347054,0.024325351577347054,0.15591952859982605,0.15591952859982605,improved,improved
SUPPORTIVE_POST_PRIMARY_READ_ONLY,aishell5,Eval1,public,cap224_fallback_guard_minus_raw448,full_control_stack,A5E1_017,raw448,cap224_fallback_guard,raw_public_sortformer_v2_low_packet_gated,control_cap224_fallback_guarded_public_sortformer_v2_low_packet_gated,True,541,2196,7836,1593,62,5702,7357,3.3501821493624773,0.24635701275045538,0.06904032669729454,475,2196,2677,1145,576,1057,2778,1.2650273224043715,0.2163023679417122,0.17743742995890924,445,2196,2677,1010,741,1222,2973,1.3538251366120218,0.20264116575591987,0.16623085543518865,-66,-96,-0.030054644808743175,-0.04371584699453551,0.1083971032616147,0.0971905287378941,worsened,worsened
SUPPORTIVE_POST_PRIMARY_READ_ONLY,aishell5,Eval1,public,cap224_fallback_guard_minus_raw448,full_control_stack,A5E1_018,raw448,cap224_fallback_guard,raw_public_sortformer_v2_low_packet_gated,control_cap224_fallback_guarded_public_sortformer_v2_low_packet_gated,True,555,2338,5133,1564,219,3014,4797,2.051753635585971,0.23738237810094098,0.1081239041496201,575,2338,2442,950,813,917,2680,1.146278870829769,0.24593669803250642,0.23546273546273547,717,2338,2442,606,1015,1119,2740,1.1719418306244653,0.306672369546621,0.2936117936117936,20,162,0.00855431993156544,0.06928999144568004,0.12733883131311535,0.18548788946217354,improved,improved
SUPPORTIVE_POST_PRIMARY_READ_ONLY,aishell5,Eval1,public,cap224_compression_abstention_minus_raw448,deletion_anchor_not_recommended_policy,A5E1_001,raw448,cap224_compression_abstention,raw_public_sortformer_v2_low_packet_gated,control_cap224_cr24_abstain_public_sortformer_v2_low_packet_gated,False,322,1415,4429,1032,61,3075,4168,2.945583038869258,0.2275618374558304,0.07270264167983743,328,1415,882,433,654,121,1208,0.8537102473498234,0.23180212014134274,0.37188208616780044,328,1415,882,433,654,121,1208,0.8537102473498234,0.23180212014134274,0.37188208616780044,6,6,0.004240282685512353,0.004240282685512353,0.299179444487963,0.299179444487963,improved,improved
SUPPORTIVE_POST_PRIMARY_READ_ONLY,aishell5,Eval1,public,cap224_compression_abstention_minus_raw448,deletion_anchor_not_recommended_policy,A5E1_002,raw448,cap224_compression_abstention,raw_public_sortformer_v2_low_packet_gated,control_cap224_cr24_abstain_public_sortformer_v2_low_packet_gated,True,808,3204,11969,2199,197,8962,11358,3.544943820224719,0.25218476903870163,0.06750772829810343,947,3204,2759,816,1441,996,3253,1.0152933832709115,0.2955680399500624,0.343240304458137,902,3204,2759,672,1630,1185,3487,1.0883270911360798,0.2815230961298377,0.3269300471185212,139,94,0.043383270911360794,0.029338327091136096,0.2757325761600336,0.2594223188204178,improved,improved
SUPPORTIVE_POST_PRIMARY_READ_ONLY,aishell5,Eval1,public,cap224_compression_abstention_minus_raw448,deletion_anchor_not_recommended_policy,A5E1_003,raw448,cap224_compression_abstention,raw_public_sortformer_v2_low_packet_gated,control_cap224_cr24_abstain_public_sortformer_v2_low_packet_gated,True,341,2425,3864,2004,80,1519,3603,1.4857731958762888,0.14061855670103093,0.08825051759834368,658,2425,1614,531,1236,425,2192,0.9039175257731958,0.27134020618556703,0.4076827757125155,615,2425,1614,421,1389,578,2388,0.9847422680412371,0.2536082474226804,0.38104089219330856,317,274,0.1307216494845361,0.11298969072164947,0.3194322581141718,0.2927903745949649,improved,improved
SUPPORTIVE_POST_PRIMARY_READ_ONLY,aishell5,Eval1,public,cap224_compression_abstention_minus_raw448,deletion_anchor_not_recommended_policy,A5E1_004,raw448,cap224_compression_abstention,raw_public_sortformer_v2_low_packet_gated,control_cap224_cr24_abstain_public_sortformer_v2_low_packet_gated,False,822,2543,7496,1514,207,5160,6881,2.7058592213920565,0.3232402674007078,0.10965848452508005,883,2543,1967,565,1095,519,2179,0.8568619740464019,0.34722768383798663,0.4489069649211998,883,2543,1967,565,1095,519,2179,0.8568619740464019,0.34722768383798663,0.4489069649211998,61,61,0.023987416437278808,0.023987416437278808,0.33924848039611977,0.33924848039611977,improved,improved
SUPPORTIVE_POST_PRIMARY_READ_ONLY,aishell5,Eval1,public,cap224_compression_abstention_minus_raw448,deletion_anchor_not_recommended_policy,A5E1_005,raw448,cap224_compression_abstention,raw_public_sortformer_v2_low_packet_gated,control_cap224_cr24_abstain_public_sortformer_v2_low_packet_gated,False,794,2979,6922,1967,218,4161,6346,2.130245048674052,0.26653239342061097,0.11470673215833574,1155,2979,2274,537,1287,582,2406,0.8076535750251762,0.3877139979859013,0.5079155672823219,1155,2979,2274,537,1287,582,2406,0.8076535750251762,0.3877139979859013,0.5079155672823219,361,361,0.12118160456529031,0.12118160456529031,0.3932088351239862,0.3932088351239862,improved,improved
SUPPORTIVE_POST_PRIMARY_READ_ONLY,aishell5,Eval1,public,cap224_compression_abstention_minus_raw448,deletion_anchor_not_recommended_policy,A5E1_006,raw448,cap224_compression_abstention,raw_public_sortformer_v2_low_packet_gated,control_cap224_cr24_abstain_public_sortformer_v2_low_packet_gated,False,304,2142,5698,1793,45,3601,5439,2.5392156862745097,0.1419234360410831,0.053352053352053355,506,2142,1579,424,1212,649,2285,1.0667600373482726,0.23622782446311857,0.32045598480050663,506,2142,1579,424,1212,649,2285,1.0667600373482726,0.23622782446311857,0.32045598480050663,202,202,0.09430438842203548,0.09430438842203548,0.2671039314484533,0.2671039314484533,improved,improved
SUPPORTIVE_POST_PRIMARY_READ_ONLY,aishell5,Eval1,public,cap224_compression_abstention_minus_raw448,deletion_anchor_not_recommended_policy,A5E1_007,raw448,cap224_compression_abstention,raw_public_sortformer_v2_low_packet_gated,control_cap224_cr24_abstain_public_sortformer_v2_low_packet_gated,False,632,2939,9201,2152,155,6417,8724,2.9683565838720654,0.215039128955427,0.06868818606673188,867,2939,2091,577,1495,647,2719,0.9251446070091868,0.29499829874106837,0.4146341463414634,867,2939,2091,577,1495,647,2719,0.9251446070091868,0.29499829874106837,0.4146341463414634,235,235,0.07995916978564135,0.07995916978564135,0.3459459602747315,0.3459459602747315,improved,improved
SUPPORTIVE_POST_PRIMARY_READ_ONLY,aishell5,Eval1,public,cap224_compression_abstention_minus_raw448,deletion_anchor_not_recommended_policy,A5E1_008,raw448,cap224_compression_abstention,raw_public_sortformer_v2_low_packet_gated,control_cap224_cr24_abstain_public_sortformer_v2_low_packet_gated,False,1799,4270,10909,1591,880,7519,9990,2.339578454332553,0.42131147540983604,0.16490970758089651,1937,4270,4980,1107,1226,1936,4269,0.9997658079625292,0.45362997658079623,0.3889558232931727,1937,4270,4980,1107,1226,1936,4269,0.9997658079625292,0.45362997658079623,0.3889558232931727,138,138,0.03231850117096019,0.03231850117096019,0.22404611571227617,0.22404611571227617,improved,improved
SUPPORTIVE_POST_PRIMARY_READ_ONLY,aishell5,Eval1,public,cap224_compression_abstention_minus_raw448,deletion_anchor_not_recommended_policy,A5E1_009,raw448,cap224_compression_abstention,raw_public_sortformer_v2_low_packet_gated,control_cap224_cr24_abstain_public_sortformer_v2_low_packet_gated,False,313,2496,5723,2139,44,3271,5454,2.1850961538461537,0.12540064102564102,0.05469159531714136,398,2496,1688,598,1500,692,2790,1.1177884615384615,0.1594551282051282,0.235781990521327,398,2496,1688,598,1500,692,2790,1.1177884615384615,0.1594551282051282,0.235781990521327,85,85,0.03405448717948717,0.03405448717948717,0.18109039520418566,0.18109039520418566,improved,improved
SUPPORTIVE_POST_PRIMARY_READ_ONLY,aishell5,Eval1,public,cap224_compression_abstention_minus_raw448,deletion_anchor_not_recommended_policy,A5E1_010,raw448,cap224_compression_abstention,raw_public_sortformer_v2_low_packet_gated,control_cap224_cr24_abstain_public_sortformer_v2_low_packet_gated,True,312,1860,6011,1490,58,4209,5757,3.0951612903225807,0.16774193548387098,0.05190484112460489,343,1860,973,416,1101,214,1731,0.9306451612903226,0.18440860215053764,0.35251798561151076,311,1860,973,357,1192,305,1854,0.9967741935483871,0.16720430107526882,0.31963001027749227,31,-1,0.016666666666666663,-0.0005376344086021612,0.3006131444869059,0.26772516915288735,improved,worsened
SUPPORTIVE_POST_PRIMARY_READ_ONLY,aishell5,Eval1,public,cap224_compression_abstention_minus_raw448,deletion_anchor_not_recommended_policy,A5E1_011,raw448,cap224_compression_abstention,raw_public_sortformer_v2_low_packet_gated,control_cap224_cr24_abstain_public_sortformer_v2_low_packet_gated,False,741,2265,7032,1269,255,5022,6546,2.890066225165563,0.3271523178807947,0.10537542662116041,669,2265,2048,978,618,401,1997,0.8816777041942605,0.295364238410596,0.32666015625,669,2265,2048,978,618,401,1997,0.8816777041942605,0.295364238410596,0.32666015625,-72,-72,-0.03178807947019868,-0.03178807947019868,0.2212847296288396,0.2212847296288396,worsened,worsened
SUPPORTIVE_POST_PRIMARY_READ_ONLY,aishell5,Eval1,public,cap224_compression_abstention_minus_raw448,deletion_anchor_not_recommended_policy,A5E1_012,raw448,cap224_compression_abstention,raw_public_sortformer_v2_low_packet_gated,control_cap224_cr24_abstain_public_sortformer_v2_low_packet_gated,True,635,3189,9107,2450,104,6022,8576,2.689244277202885,0.1991219818124804,0.06972658394641484,1246,3189,3305,473,1470,1586,3529,1.1066164941988084,0.3907180934462214,0.3770045385779123,618,3189,3305,932,1639,1755,4326,1.3565380997177798,0.19379115710253997,0.1869894099848714,611,-17,0.191596111633741,-0.005330824709940424,0.30727795463149743,0.11726282603845656,improved,worsened
SUPPORTIVE_POST_PRIMARY_READ_ONLY,aishell5,Eval1,public,cap224_compression_abstention_minus_raw448,deletion_anchor_not_recommended_policy,A5E1_013,raw448,cap224_compression_abstention,raw_public_sortformer_v2_low_packet_gated,control_cap224_cr24_abstain_public_sortformer_v2_low_packet_gated,False,1384,3256,11954,1490,382,9080,10952,3.3636363636363638,0.4250614250614251,0.11577714572528024,1335,3256,3245,604,1317,1306,3227,0.9910933660933661,0.41001228501228504,0.41140215716486905,1335,3256,3245,604,1317,1306,3227,0.9910933660933661,0.41001228501228504,0.41140215716486905,-49,-49,-0.015049140049140042,-0.015049140049140042,0.2956250114395888,0.2956250114395888,worsened,worsened
SUPPORTIVE_POST_PRIMARY_READ_ONLY,aishell5,Eval1,public,cap224_compression_abstention_minus_raw448,deletion_anchor_not_recommended_policy,A5E1_014,raw448,cap224_compression_abstention,raw_public_sortformer_v2_low_packet_gated,control_cap224_cr24_abstain_public_sortformer_v2_low_packet_gated,False,566,2420,6192,1673,181,3953,5807,2.399586776859504,0.23388429752066114,0.09140826873385013,836,2420,2522,703,881,983,2567,1.0607438016528925,0.34545454545454546,0.33148295003965106,836,2420,2522,703,881,983,2567,1.0607438016528925,0.34545454545454546,0.33148295003965106,270,270,0.11157024793388431,0.11157024793388431,0.24007468130580092,0.24007468130580092,improved,improved
SUPPORTIVE_POST_PRIMARY_READ_ONLY,aishell5,Eval1,public,cap224_compression_abstention_minus_raw448,deletion_anchor_not_recommended_policy,A5E1_015,raw448,cap224_compression_abstention,raw_public_sortformer_v2_low_packet_gated,control_cap224_cr24_abstain_public_sortformer_v2_low_packet_gated,False,1867,4528,10745,1773,888,7105,9766,2.1568021201413425,0.4123233215547703,0.17375523499302,1982,4528,5420,742,1804,2696,5242,1.1576855123674912,0.4377208480565371,0.36568265682656825,1982,4528,5420,742,1804,2696,5242,1.1576855123674912,0.4377208480565371,0.36568265682656825,115,115,0.0253975265017668,0.0253975265017668,0.19192742183354825,0.19192742183354825,improved,improved
SUPPORTIVE_POST_PRIMARY_READ_ONLY,aishell5,Eval1,public,cap224_compression_abstention_minus_raw448,deletion_anchor_not_recommended_policy,A5E1_016,raw448,cap224_compression_abstention,raw_public_sortformer_v2_low_packet_gated,control_cap224_cr24_abstain_public_sortformer_v2_low_packet_gated,False,992,2631,2953,1183,456,778,2417,0.9186621056632459,0.37704294944887873,0.33592956315611244,1056,2631,2062,678,897,328,1903,0.7232991258076776,0.4013683010262258,0.5121241513094084,1056,2631,2062,678,897,328,1903,0.7232991258076776,0.4013683010262258,0.5121241513094084,64,64,0.024325351577347054,0.024325351577347054,0.17619458815329592,0.17619458815329592,improved,improved
SUPPORTIVE_POST_PRIMARY_READ_ONLY,aishell5,Eval1,public,cap224_compression_abstention_minus_raw448,deletion_anchor_not_recommended_policy,A5E1_017,raw448,cap224_compression_abstention,raw_public_sortformer_v2_low_packet_gated,control_cap224_cr24_abstain_public_sortformer_v2_low_packet_gated,True,541,2196,7836,1593,62,5702,7357,3.3501821493624773,0.24635701275045538,0.06904032669729454,391,2196,2035,978,827,666,2471,1.1252276867030966,0.17805100182149364,0.19213759213759213,359,2196,2035,625,1212,1051,2888,1.3151183970856102,0.16347905282331512,0.17641277641277642,-150,-182,-0.06830601092896174,-0.08287795992714025,0.12309726544029759,0.10737244971548188,worsened,worsened
SUPPORTIVE_POST_PRIMARY_READ_ONLY,aishell5,Eval1,public,cap224_compression_abstention_minus_raw448,deletion_anchor_not_recommended_policy,A5E1_018,raw448,cap224_compression_abstention,raw_public_sortformer_v2_low_packet_gated,control_cap224_cr24_abstain_public_sortformer_v2_low_packet_gated,False,555,2338,5133,1564,219,3014,4797,2.051753635585971,0.23738237810094098,0.1081239041496201,711,2338,2254,554,1073,989,2616,1.1189050470487596,0.3041060735671514,0.31543921916592726,711,2338,2254,554,1073,989,2616,1.1189050470487596,0.3041060735671514,0.31543921916592726,156,156,0.06672369546621043,0.06672369546621043,0.20731531501630718,0.20731531501630718,improved,improved
SUPPORTIVE_POST_PRIMARY_READ_ONLY,aishell5,Eval2,learned,guard448_minus_raw448,original_decode_guard_effect,A5E2_001,raw448,guard448,raw_cfg_low_packet_gated,guarded_cfg_low_packet_gated,False,1237,3330,6825,1567,526,4021,6114,1.836036036036036,0.37147147147147147,0.18124542124542126,1243,3330,2825,899,1188,683,2770,0.8318318318318318,0.37327327327327325,0.44,1243,3330,2825,899,1188,683,2770,0.8318318318318318,0.37327327327327325,0.44,6,6,0.0018018018018017834,0.0018018018018017834,0.25875457875457875,0.25875457875457875,improved,improved
SUPPORTIVE_POST_PRIMARY_READ_ONLY,aishell5,Eval2,learned,guard448_minus_raw448,original_decode_guard_effect,A5E2_002,raw448,guard448,raw_cfg_low_packet_gated,guarded_cfg_low_packet_gated,True,446,3629,6892,3119,64,3327,6510,1.793882612289887,0.12289887021217967,0.06471271038885665,778,3629,2427,1173,1678,476,3327,0.9167814825020667,0.2143841278589143,0.32056036258755666,702,3629,2427,992,1935,733,3660,1.0085422981537613,0.19344171948195096,0.2892459826946848,332,256,0.09148525764673464,0.0705428492697713,0.2558476521987,0.22453327230582817,improved,improved
SUPPORTIVE_POST_PRIMARY_READ_ONLY,aishell5,Eval2,learned,guard448_minus_raw448,original_decode_guard_effect,A5E2_003,raw448,guard448,raw_cfg_low_packet_gated,guarded_cfg_low_packet_gated,True,130,1784,3814,1650,4,2034,3688,2.0672645739910314,0.07286995515695067,0.03408495018353435,361,1784,1373,662,761,350,1773,0.9938340807174888,0.2023542600896861,0.2629278951201748,130,1784,1373,880,774,363,2017,1.1306053811659194,0.07286995515695067,0.09468317552804079,231,0,0.12948430493273544,0.0,0.22884294493664042,0.060598225344506436,improved,tie
SUPPORTIVE_POST_PRIMARY_READ_ONLY,aishell5,Eval2,learned,guard448_minus_raw448,original_decode_guard_effect,A5E2_004,raw448,guard448,raw_cfg_low_packet_gated,guarded_cfg_low_packet_gated,False,274,3263,6012,2964,25,2774,5763,1.7661661048115231,0.08397180508734294,0.04557551563539587,400,3263,1496,650,2213,446,3309,1.014097456328532,0.1225865767698437,0.26737967914438504,400,3263,1496,650,2213,446,3309,1.014097456328532,0.1225865767698437,0.26737967914438504,126,126,0.03861477168250077,0.03861477168250077,0.22180416350898918,0.22180416350898918,improved,improved
SUPPORTIVE_POST_PRIMARY_READ_ONLY,aishell5,Eval2,learned,guard448_minus_raw448,original_decode_guard_effect,A5E2_005,raw448,guard448,raw_cfg_low_packet_gated,guarded_cfg_low_packet_gated,True,911,4472,9452,3238,323,5303,8864,1.9821109123434706,0.20371198568872986,0.09638171815488786,1227,4472,2847,1092,2153,528,3773,0.8436940966010733,0.27437388193202145,0.4309799789251844,1083,4472,2847,1041,2348,723,4112,0.9194991055456172,0.24217352415026833,0.3804004214963119,316,172,0.07066189624329158,0.038461538461538464,0.33459826077029653,0.2840187033414241,improved,improved
SUPPORTIVE_POST_PRIMARY_READ_ONLY,aishell5,Eval2,learned,guard448_minus_raw448,original_decode_guard_effect,A5E2_006,raw448,guard448,raw_cfg_low_packet_gated,guarded_cfg_low_packet_gated,False,668,3788,13072,2962,158,9442,12562,3.316261879619852,0.17634635691657866,0.0511015911872705,773,3788,3728,1402,1613,1553,4568,1.2059134107708553,0.20406546990496305,0.20734978540772533,773,3788,3728,1402,1613,1553,4568,1.2059134107708553,0.20406546990496305,0.20734978540772533,105,105,0.027719112988384392,0.027719112988384392,0.15624819422045483,0.15624819422045483,improved,improved
SUPPORTIVE_POST_PRIMARY_READ_ONLY,aishell5,Eval2,learned,guard448_minus_raw448,original_decode_guard_effect,A5E2_007,raw448,guard448,raw_cfg_low_packet_gated,guarded_cfg_low_packet_gated,True,512,2666,7047,1972,182,4563,6717,2.5195048762190546,0.19204801200300076,0.07265503050943664,526,2666,1950,819,1321,605,2745,1.0296324081020256,0.1972993248312078,0.26974358974358975,503,2666,1950,697,1466,750,2913,1.0926481620405102,0.1886721680420105,0.25794871794871793,14,-9,0.005251312828207039,-0.003375843960990249,0.1970885592341531,0.1852936874392813,improved,worsened
SUPPORTIVE_POST_PRIMARY_READ_ONLY,aishell5,Eval2,learned,guard448_minus_raw448,original_decode_guard_effect,A5E2_008,raw448,guard448,raw_cfg_low_packet_gated,guarded_cfg_low_packet_gated,True,766,4247,13300,3318,163,9216,12697,2.989639745702849,0.1803626089004003,0.05759398496240602,1428,4247,3757,637,2182,1692,4511,1.0621615257829056,0.33623734400753474,0.38009049773755654,795,4247,3757,507,2945,2455,5907,1.3908641393925123,0.18719095832352248,0.21160500399254725,662,29,0.15587473510713445,0.0068283494231221875,0.3224965127751505,0.15401101903014125,improved,improved
SUPPORTIVE_POST_PRIMARY_READ_ONLY,aishell5,Eval2,learned,guard448_minus_raw448,original_decode_guard_effect,A5E2_009,raw448,guard448,raw_cfg_low_packet_gated,guarded_cfg_low_packet_gated,True,220,3072,6657,2845,7,3592,6444,2.09765625,0.07161458333333333,0.03304791948325071,573,3072,2004,868,1631,563,3062,0.9967447916666666,0.1865234375,0.28592814371257486,206,3072,2004,1163,1703,635,3501,1.1396484375,0.06705729166666667,0.1027944111776447,353,-14,0.11490885416666667,-0.004557291666666657,0.25288022422932416,0.069746491694394,improved,worsened
SUPPORTIVE_POST_PRIMARY_READ_ONLY,aishell5,Eval2,learned,guard448_minus_raw448,original_decode_guard_effect,A5E2_010,raw448,guard448,raw_cfg_low_packet_gated,guarded_cfg_low_packet_gated,True,614,4241,9458,3430,197,5414,9041,2.131808535722707,0.1447771751945296,0.06491858743920491,1253,4241,3523,659,2329,1611,4599,1.0844140532893185,0.2954491865126149,0.3556627873971047,884,4241,3523,540,2817,2099,5456,1.2864890356048102,0.20844140532893185,0.25092250922509224,639,270,0.15067201131808533,0.06366423013440226,0.2907441999578998,0.18600392178588732,improved,improved
SUPPORTIVE_POST_PRIMARY_READ_ONLY,aishell5,Eval2,learned,guard448_minus_raw448,original_decode_guard_effect,A5E2_011,raw448,guard448,raw_cfg_low_packet_gated,guarded_cfg_low_packet_gated,True,560,3330,10302,2565,205,7177,9947,2.987087087087087,0.16816816816816818,0.054358377014172,674,3330,2629,1054,1602,901,3557,1.068168168168168,0.2024024024024024,0.25637124381894255,862,3330,2629,666,1802,1101,3569,1.0717717717717719,0.25885885885885884,0.3278813236972233,114,302,0.03423423423423422,0.09069069069069066,0.20201286680477054,0.27352294668305127,improved,improved
SUPPORTIVE_POST_PRIMARY_READ_ONLY,aishell5,Eval2,learned,guard448_minus_raw448,original_decode_guard_effect,A5E2_012,raw448,guard448,raw_cfg_low_packet_gated,guarded_cfg_low_packet_gated,False,641,3770,9609,3025,104,5943,9072,2.406366047745358,0.170026525198939,0.06670829430742013,755,3770,1967,929,2086,283,3298,0.8748010610079575,0.2002652519893899,0.38383324860193185,755,3770,1967,929,2086,283,3298,0.8748010610079575,0.2002652519893899,0.38383324860193185,114,114,0.03023872679045092,0.03023872679045092,0.3171249542945117,0.3171249542945117,improved,improved
SUPPORTIVE_POST_PRIMARY_READ_ONLY,aishell5,Eval2,learned,guard448_minus_raw448,original_decode_guard_effect,A5E2_013,raw448,guard448,raw_cfg_low_packet_gated,guarded_cfg_low_packet_gated,False,1046,3524,10329,1979,499,7304,9782,2.775822928490352,0.29682179341657206,0.10126827379223545,402,3524,4926,2935,187,1589,4711,1.33683314415437,0.11407491486946651,0.08160779537149818,402,3524,4926,2935,187,1589,4711,1.33683314415437,0.11407491486946651,0.08160779537149818,-644,-644,-0.18274687854710553,-0.18274687854710553,-0.019660478420737273,-0.019660478420737273,worsened,worsened
SUPPORTIVE_POST_PRIMARY_READ_ONLY,aishell5,Eval2,learned,guard448_minus_raw448,original_decode_guard_effect,A5E2_014,raw448,guard448,raw_cfg_low_packet_gated,guarded_cfg_low_packet_gated,False,776,4028,11906,3042,210,8088,11340,2.8152929493545185,0.1926514399205561,0.06517722156895683,1075,4028,3303,1162,1791,1066,4019,0.9977656405163853,0.26688182720953324,0.32546170148349984,1075,4028,3303,1162,1791,1066,4019,0.9977656405163853,0.26688182720953324,0.32546170148349984,299,299,0.07423038728897713,0.07423038728897713,0.260284479914543,0.260284479914543,improved,improved
SUPPORTIVE_POST_PRIMARY_READ_ONLY,aishell5,Eval2,learned,guard448_minus_raw448,original_decode_guard_effect,A5E2_015,raw448,guard448,raw_cfg_low_packet_gated,guarded_cfg_low_packet_gated,False,898,3216,9177,2006,312,6273,8591,2.6713308457711444,0.27922885572139305,0.09785332897461044,1005,3216,2767,785,1426,977,3188,0.9912935323383084,0.3125,0.36320925189736175,1005,3216,2767,785,1426,977,3188,0.9912935323383084,0.3125,0.36320925189736175,107,107,0.033271144278606946,0.033271144278606946,0.26535592292275134,0.26535592292275134,improved,improved
SUPPORTIVE_POST_PRIMARY_READ_ONLY,aishell5,Eval2,learned,guard448_minus_raw448,original_decode_guard_effect,A5E2_016,raw448,guard448,raw_cfg_low_packet_gated,guarded_cfg_low_packet_gated,True,359,2629,7893,2166,104,5368,7638,2.905287181437809,0.13655382274629135,0.045483339668060306,536,2629,2328,960,1133,832,2925,1.112590338531761,0.20387980220616203,0.23024054982817868,583,2629,2328,817,1229,928,2974,1.1312286040319512,0.2217573221757322,0.2504295532646048,177,224,0.06732597945987068,0.08520349942944086,0.18475721016011837,0.2049462135965445,improved,improved
SUPPORTIVE_POST_PRIMARY_READ_ONLY,aishell5,Eval2,learned,guard448_minus_raw448,original_decode_guard_effect,A5E2_017,raw448,guard448,raw_cfg_low_packet_gated,guarded_cfg_low_packet_gated,False,667,3154,10134,2287,200,7180,9667,3.064996829422955,0.21147748890298035,0.0658180382869548,807,3154,2372,727,1620,838,3185,1.0098287888395687,0.25586556753329104,0.34021922428330525,807,3154,2372,727,1620,838,3185,1.0098287888395687,0.25586556753329104,0.34021922428330525,140,140,0.04438807863031069,0.04438807863031069,0.27440118599635044,0.27440118599635044,improved,improved
SUPPORTIVE_POST_PRIMARY_READ_ONLY,aishell5,Eval2,learned,guard448_minus_raw448,original_decode_guard_effect,A5E2_018,raw448,guard448,raw_cfg_low_packet_gated,guarded_cfg_low_packet_gated,True,1108,4144,11850,2497,539,8245,11281,2.722249034749035,0.2673745173745174,0.09350210970464135,1382,4144,4680,1197,1565,2101,4863,1.173503861003861,0.3334942084942085,0.2952991452991453,1525,4144,4680,890,1729,2265,4884,1.1785714285714286,0.3680019305019305,0.32585470085470086,274,417,0.06611969111969113,0.10062741312741308,0.20179703559450396,0.23235259115005952,improved,improved
SUPPORTIVE_POST_PRIMARY_READ_ONLY,aishell5,Eval2,learned,cap224_minus_raw448,decoder_cap_stage,A5E2_001,raw448,cap224,raw_cfg_low_packet_gated,control_cap224_cfg_low_packet_gated,False,1237,3330,6825,1567,526,4021,6114,1.836036036036036,0.37147147147147147,0.18124542124542126,1229,3330,4721,1432,669,2060,4161,1.2495495495495494,0.36906906906906906,0.2603262020758314,1229,3330,4721,1432,669,2060,4161,1.2495495495495494,0.36906906906906906,0.2603262020758314,-8,-8,-0.002402402402402415,-0.002402402402402415,0.07908078083041015,0.07908078083041015,worsened,worsened
SUPPORTIVE_POST_PRIMARY_READ_ONLY,aishell5,Eval2,learned,cap224_minus_raw448,decoder_cap_stage,A5E2_002,raw448,cap224,raw_cfg_low_packet_gated,control_cap224_cfg_low_packet_gated,False,446,3629,6892,3119,64,3327,6510,1.793882612289887,0.12289887021217967,0.06471271038885665,562,3629,4560,2551,516,1447,4514,1.243868834389639,0.15486359878754477,0.12324561403508771,562,3629,4560,2551,516,1447,4514,1.243868834389639,0.15486359878754477,0.12324561403508771,116,116,0.0319647285753651,0.0319647285753651,0.058532903646231066,0.058532903646231066,improved,improved
SUPPORTIVE_POST_PRIMARY_READ_ONLY,aishell5,Eval2,learned,cap224_minus_raw448,decoder_cap_stage,A5E2_003,raw448,cap224,raw_cfg_low_packet_gated,control_cap224_cfg_low_packet_gated,True,130,1784,3814,1650,4,2034,3688,2.0672645739910314,0.07286995515695067,0.03408495018353435,351,1784,2568,1004,429,1213,2646,1.4831838565022422,0.19674887892376683,0.1366822429906542,129,1784,2568,1433,222,1006,2661,1.491591928251121,0.07230941704035874,0.05023364485981308,221,-1,0.12387892376681615,-0.0005605381165919299,0.10259729280711985,0.016148694676278733,improved,worsened
SUPPORTIVE_POST_PRIMARY_READ_ONLY,aishell5,Eval2,learned,cap224_minus_raw448,decoder_cap_stage,A5E2_004,raw448,cap224,raw_cfg_low_packet_gated,control_cap224_cfg_low_packet_gated,False,274,3263,6012,2964,25,2774,5763,1.7661661048115231,0.08397180508734294,0.04557551563539587,254,3263,3526,2495,514,777,3786,1.1602819491265706,0.07784247624885075,0.07203630175836642,254,3263,3526,2495,514,777,3786,1.1602819491265706,0.07784247624885075,0.07203630175836642,-20,-20,-0.006129328838492182,-0.006129328838492182,0.02646078612297055,0.02646078612297055,worsened,worsened
SUPPORTIVE_POST_PRIMARY_READ_ONLY,aishell5,Eval2,learned,cap224_minus_raw448,decoder_cap_stage,A5E2_005,raw448,cap224,raw_cfg_low_packet_gated,control_cap224_cfg_low_packet_gated,False,911,4472,9452,3238,323,5303,8864,1.9821109123434706,0.20371198568872986,0.09638171815488786,959,4472,5926,2913,600,2054,5567,1.2448568872987478,0.2144454382826476,0.16182922713466083,959,4472,5926,2913,600,2054,5567,1.2448568872987478,0.2144454382826476,0.16182922713466083,48,48,0.010733452593917725,0.010733452593917725,0.06544750897977297,0.06544750897977297,improved,improved
SUPPORTIVE_POST_PRIMARY_READ_ONLY,aishell5,Eval2,learned,cap224_minus_raw448,decoder_cap_stage,A5E2_006,raw448,cap224,raw_cfg_low_packet_gated,control_cap224_cfg_low_packet_gated,False,668,3788,13072,2962,158,9442,12562,3.316261879619852,0.17634635691657866,0.0511015911872705,601,3788,8047,2950,237,4496,7683,2.028247096092925,0.15865892291446673,0.07468621846650926,601,3788,8047,2950,237,4496,7683,2.028247096092925,0.15865892291446673,0.07468621846650926,-67,-67,-0.017687434002111924,-0.017687434002111924,0.02358462727923876,0.02358462727923876,worsened,worsened
SUPPORTIVE_POST_PRIMARY_READ_ONLY,aishell5,Eval2,learned,cap224_minus_raw448,decoder_cap_stage,A5E2_007,raw448,cap224,raw_cfg_low_packet_gated,control_cap224_cfg_low_packet_gated,True,512,2666,7047,1972,182,4563,6717,2.5195048762190546,0.19204801200300076,0.07265503050943664,451,2666,4307,2032,183,1824,4039,1.5150037509377345,0.16916729182295573,0.10471325748781055,478,2666,4307,1780,408,2049,4237,1.5892723180795199,0.17929482370592648,0.11098212212677037,-61,-34,-0.022880720180045028,-0.01275318829707428,0.032058226978373905,0.03832709161733373,worsened,worsened
SUPPORTIVE_POST_PRIMARY_READ_ONLY,aishell5,Eval2,learned,cap224_minus_raw448,decoder_cap_stage,A5E2_008,raw448,cap224,raw_cfg_low_packet_gated,control_cap224_cfg_low_packet_gated,True,766,4247,13300,3318,163,9216,12697,2.989639745702849,0.1803626089004003,0.05759398496240602,1283,4247,8161,1539,1425,5339,8303,1.9550270779373675,0.3020955968919237,0.15721112608748927,733,4247,8161,2404,1110,5024,8538,2.010360254297151,0.1725924181775371,0.08981742433525303,517,-33,0.12173298799152343,-0.007770190722863196,0.09961714112508326,0.03222343937284701,improved,worsened
SUPPORTIVE_POST_PRIMARY_READ_ONLY,aishell5,Eval2,learned,cap224_minus_raw448,decoder_cap_stage,A5E2_009,raw448,cap224,raw_cfg_low_packet_gated,control_cap224_cfg_low_packet_gated,True,220,3072,6657,2845,7,3592,6444,2.09765625,0.07161458333333333,0.03304791948325071,516,3072,4228,2048,508,1664,4220,1.3736979166666667,0.16796875,0.12204351939451277,233,3072,4228,2093,746,1902,4741,1.5432942708333333,0.07584635416666667,0.05510879848628193,296,13,0.09635416666666667,0.004231770833333343,0.08899559991126206,0.02206087900303122,improved,improved
SUPPORTIVE_POST_PRIMARY_READ_ONLY,aishell5,Eval2,learned,cap224_minus_raw448,decoder_cap_stage,A5E2_010,raw448,cap224,raw_cfg_low_packet_gated,control_cap224_cfg_low_packet_gated,False,614,4241,9458,3430,197,5414,9041,2.131808535722707,0.1447771751945296,0.06491858743920491,811,4241,6276,2082,1348,3383,6813,1.606460740391417,0.19122848384814903,0.12922243467176545,811,4241,6276,2082,1348,3383,6813,1.606460740391417,0.19122848384814903,0.12922243467176545,197,197,0.04645130865361943,0.04645130865361943,0.06430384723256054,0.06430384723256054,improved,improved
SUPPORTIVE_POST_PRIMARY_READ_ONLY,aishell5,Eval2,learned,cap224_minus_raw448,decoder_cap_stage,A5E2_011,raw448,cap224,raw_cfg_low_packet_gated,control_cap224_cfg_low_packet_gated,False,560,3330,10302,2565,205,7177,9947,2.987087087087087,0.16816816816816818,0.054358377014172,755,3330,6218,1753,822,3710,6285,1.8873873873873874,0.22672672672672672,0.12142167899646189,755,3330,6218,1753,822,3710,6285,1.8873873873873874,0.22672672672672672,0.12142167899646189,195,195,0.05855855855855854,0.05855855855855854,0.06706330198228988,0.06706330198228988,improved,improved
SUPPORTIVE_POST_PRIMARY_READ_ONLY,aishell5,Eval2,learned,cap224_minus_raw448,decoder_cap_stage,A5E2_012,raw448,cap224,raw_cfg_low_packet_gated,control_cap224_cfg_low_packet_gated,False,641,3770,9609,3025,104,5943,9072,2.406366047745358,0.170026525198939,0.06670829430742013,627,3770,5619,2990,153,2002,5145,1.3647214854111407,0.16631299734748012,0.11158569140416444,627,3770,5619,2990,153,2002,5145,1.3647214854111407,0.16631299734748012,0.11158569140416444,-14,-14,-0.00371352785145887,-0.00371352785145887,0.044877397096744306,0.044877397096744306,worsened,worsened
SUPPORTIVE_POST_PRIMARY_READ_ONLY,aishell5,Eval2,learned,cap224_minus_raw448,decoder_cap_stage,A5E2_013,raw448,cap224,raw_cfg_low_packet_gated,control_cap224_cfg_low_packet_gated,False,1046,3524,10329,1979,499,7304,9782,2.775822928490352,0.29682179341657206,0.10126827379223545,1164,3524,6731,1661,699,3906,6266,1.7780930760499432,0.33030646992054485,0.1729312137869559,1164,3524,6731,1661,699,3906,6266,1.7780930760499432,0.33030646992054485,0.1729312137869559,118,118,0.0334846765039728,0.0334846765039728,0.07166293999472044,0.07166293999472044,improved,improved
SUPPORTIVE_POST_PRIMARY_READ_ONLY,aishell5,Eval2,learned,cap224_minus_raw448,decoder_cap_stage,A5E2_014,raw448,cap224,raw_cfg_low_packet_gated,control_cap224_cfg_low_packet_gated,False,776,4028,11906,3042,210,8088,11340,2.8152929493545185,0.1926514399205561,0.06517722156895683,750,4028,7319,2902,376,3667,6945,1.7241807348560079,0.1861966236345581,0.10247301543926766,750,4028,7319,2902,376,3667,6945,1.7241807348560079,0.1861966236345581,0.10247301543926766,-26,-26,-0.006454816285998005,-0.006454816285998005,0.03729579387031083,0.03729579387031083,worsened,worsened
SUPPORTIVE_POST_PRIMARY_READ_ONLY,aishell5,Eval2,learned,cap224_minus_raw448,decoder_cap_stage,A5E2_015,raw448,cap224,raw_cfg_low_packet_gated,control_cap224_cfg_low_packet_gated,False,898,3216,9177,2006,312,6273,8591,2.6713308457711444,0.27922885572139305,0.09785332897461044,889,3216,5728,1748,579,3091,5418,1.6847014925373134,0.2764303482587065,0.15520251396648044,889,3216,5728,1748,579,3091,5418,1.6847014925373134,0.2764303482587065,0.15520251396648044,-9,-9,-0.0027985074626865614,-0.0027985074626865614,0.05734918499187,0.05734918499187,worsened,worsened
SUPPORTIVE_POST_PRIMARY_READ_ONLY,aishell5,Eval2,learned,cap224_minus_raw448,decoder_cap_stage,A5E2_016,raw448,cap224,raw_cfg_low_packet_gated,control_cap224_cfg_low_packet_gated,False,359,2629,7893,2166,104,5368,7638,2.905287181437809,0.13655382274629135,0.045483339668060306,493,2629,5002,1812,324,2697,4833,1.8383415747432483,0.18752377329783187,0.09856057576969213,493,2629,5002,1812,324,2697,4833,1.8383415747432483,0.18752377329783187,0.09856057576969213,134,134,0.05096995055154052,0.05096995055154052,0.05307723610163182,0.05307723610163182,improved,improved
SUPPORTIVE_POST_PRIMARY_READ_ONLY,aishell5,Eval2,learned,cap224_minus_raw448,decoder_cap_stage,A5E2_017,raw448,cap224,raw_cfg_low_packet_gated,control_cap224_cfg_low_packet_gated,False,667,3154,10134,2287,200,7180,9667,3.064996829422955,0.21147748890298035,0.0658180382869548,620,3154,6114,2329,205,3165,5699,1.8069118579581485,0.19657577679137603,0.10140660778541054,620,3154,6114,2329,205,3165,5699,1.8069118579581485,0.19657577679137603,0.10140660778541054,-47,-47,-0.01490171211160432,-0.01490171211160432,0.035588569498455735,0.035588569498455735,worsened,worsened
SUPPORTIVE_POST_PRIMARY_READ_ONLY,aishell5,Eval2,learned,cap224_minus_raw448,decoder_cap_stage,A5E2_018,raw448,cap224,raw_cfg_low_packet_gated,control_cap224_cfg_low_packet_gated,False,1108,4144,11850,2497,539,8245,11281,2.722249034749035,0.2673745173745174,0.09350210970464135,1341,4144,7608,1892,911,4375,7178,1.7321428571428572,0.3236003861003861,0.17626182965299683,1341,4144,7608,1892,911,4375,7178,1.7321428571428572,0.3236003861003861,0.17626182965299683,233,233,0.05622586872586871,0.05622586872586871,0.08275971994835549,0.08275971994835549,improved,improved
SUPPORTIVE_POST_PRIMARY_READ_ONLY,aishell5,Eval2,learned,cap224_guard_minus_cap224,guard_after_cap,A5E2_001,cap224,cap224_guard,control_cap224_cfg_low_packet_gated,control_cap224_guarded_cfg_low_packet_gated,False,1229,3330,4721,1432,669,2060,4161,1.2495495495495494,0.36906906906906906,0.2603262020758314,1244,3330,2835,908,1178,683,2769,0.8315315315315316,0.37357357357357357,0.43880070546737215,1244,3330,2835,908,1178,683,2769,0.8315315315315316,0.37357357357357357,0.43880070546737215,15,15,0.004504504504504514,0.004504504504504514,0.17847450339154075,0.17847450339154075,improved,improved
SUPPORTIVE_POST_PRIMARY_READ_ONLY,aishell5,Eval2,learned,cap224_guard_minus_cap224,guard_after_cap,A5E2_002,cap224,cap224_guard,control_cap224_cfg_low_packet_gated,control_cap224_guarded_cfg_low_packet_gated,True,562,3629,4560,2551,516,1447,4514,1.243868834389639,0.15486359878754477,0.12324561403508771,779,3629,2427,1177,1673,471,3321,0.9151281344723065,0.21465968586387435,0.32097239390193655,702,3629,2427,992,1935,733,3660,1.0085422981537613,0.19344171948195096,0.2892459826946848,217,140,0.05979608707632958,0.03857812069440619,0.19772677986684883,0.1660003686595971,improved,improved
SUPPORTIVE_POST_PRIMARY_READ_ONLY,aishell5,Eval2,learned,cap224_guard_minus_cap224,guard_after_cap,A5E2_003,cap224,cap224_guard,control_cap224_cfg_low_packet_gated,control_cap224_guarded_cfg_low_packet_gated,False,351,1784,2568,1004,429,1213,2646,1.4831838565022422,0.19674887892376683,0.1366822429906542,362,1784,1376,664,758,350,1772,0.9932735426008968,0.20291479820627803,0.26308139534883723,362,1784,1376,664,758,350,1772,0.9932735426008968,0.20291479820627803,0.26308139534883723,11,11,0.006165919282511201,0.006165919282511201,0.12639915235818303,0.12639915235818303,improved,improved
SUPPORTIVE_POST_PRIMARY_READ_ONLY,aishell5,Eval2,learned,cap224_guard_minus_cap224,guard_after_cap,A5E2_004,cap224,cap224_guard,control_cap224_cfg_low_packet_gated,control_cap224_guarded_cfg_low_packet_gated,False,254,3263,3526,2495,514,777,3786,1.1602819491265706,0.07784247624885075,0.07203630175836642,398,3263,1439,596,2269,445,3310,1.0144039227704567,0.12197364388599448,0.27658095899930507,398,3263,1439,596,2269,445,3310,1.0144039227704567,0.12197364388599448,0.27658095899930507,144,144,0.044131167637143726,0.044131167637143726,0.20454465724093865,0.20454465724093865,improved,improved
SUPPORTIVE_POST_PRIMARY_READ_ONLY,aishell5,Eval2,learned,cap224_guard_minus_cap224,guard_after_cap,A5E2_005,cap224,cap224_guard,control_cap224_cfg_low_packet_gated,control_cap224_guarded_cfg_low_packet_gated,True,959,4472,5926,2913,600,2054,5567,1.2448568872987478,0.2144454382826476,0.16182922713466083,1226,4472,2842,1090,2156,526,3772,0.8434704830053668,0.27415026833631484,0.4313863476425053,1082,4472,2842,1038,2352,722,4112,0.9194991055456172,0.24194991055456172,0.3807178043631246,267,123,0.05970483005366725,0.027504472271914132,0.2695571205078444,0.21888857722846375,improved,improved
SUPPORTIVE_POST_PRIMARY_READ_ONLY,aishell5,Eval2,learned,cap224_guard_minus_cap224,guard_after_cap,A5E2_006,cap224,cap224_guard,control_cap224_cfg_low_packet_gated,control_cap224_guarded_cfg_low_packet_gated,False,601,3788,8047,2950,237,4496,7683,2.028247096092925,0.15865892291446673,0.07468621846650926,773,3788,3699,1399,1616,1527,4542,1.1990496304118268,0.20406546990496305,0.20897539875642065,773,3788,3699,1399,1616,1527,4542,1.1990496304118268,0.20406546990496305,0.20897539875642065,172,172,0.045406546990496316,0.045406546990496316,0.13428918028991138,0.13428918028991138,improved,improved
SUPPORTIVE_POST_PRIMARY_READ_ONLY,aishell5,Eval2,learned,cap224_guard_minus_cap224,guard_after_cap,A5E2_007,cap224,cap224_guard,control_cap224_cfg_low_packet_gated,control_cap224_guarded_cfg_low_packet_gated,False,451,2666,4307,2032,183,1824,4039,1.5150037509377345,0.16916729182295573,0.10471325748781055,525,2666,1933,801,1340,607,2748,1.0307576894223556,0.19692423105776444,0.27159855147439216,525,2666,1933,801,1340,607,2748,1.0307576894223556,0.19692423105776444,0.27159855147439216,74,74,0.02775693923480871,0.02775693923480871,0.1668852939865816,0.1668852939865816,improved,improved
SUPPORTIVE_POST_PRIMARY_READ_ONLY,aishell5,Eval2,learned,cap224_guard_minus_cap224,guard_after_cap,A5E2_008,cap224,cap224_guard,control_cap224_cfg_low_packet_gated,control_cap224_guarded_cfg_low_packet_gated,False,1283,4247,8161,1539,1425,5339,8303,1.9550270779373675,0.3020955968919237,0.15721112608748927,1428,4247,3755,637,2182,1690,4509,1.061690605133035,0.33623734400753474,0.38029294274300934,1428,4247,3755,637,2182,1690,4509,1.061690605133035,0.33623734400753474,0.38029294274300934,145,145,0.03414174711561102,0.03414174711561102,0.22308181665552007,0.22308181665552007,improved,improved
SUPPORTIVE_POST_PRIMARY_READ_ONLY,aishell5,Eval2,learned,cap224_guard_minus_cap224,guard_after_cap,A5E2_009,cap224,cap224_guard,control_cap224_cfg_low_packet_gated,control_cap224_guarded_cfg_low_packet_gated,False,516,3072,4228,2048,508,1664,4220,1.3736979166666667,0.16796875,0.12204351939451277,572,3072,1998,866,1634,560,3060,0.99609375,0.18619791666666666,0.2862862862862863,572,3072,1998,866,1634,560,3060,0.99609375,0.18619791666666666,0.2862862862862863,56,56,0.018229166666666657,0.018229166666666657,0.1642427668917735,0.1642427668917735,improved,improved
SUPPORTIVE_POST_PRIMARY_READ_ONLY,aishell5,Eval2,learned,cap224_guard_minus_cap224,guard_after_cap,A5E2_010,cap224,cap224_guard,control_cap224_cfg_low_packet_gated,control_cap224_guarded_cfg_low_packet_gated,True,811,4241,6276,2082,1348,3383,6813,1.606460740391417,0.19122848384814903,0.12922243467176545,1253,4241,3464,659,2329,1552,4540,1.0705022400377269,0.2954491865126149,0.3617205542725173,882,4241,3464,481,2878,2101,5460,1.2874322093845791,0.20796981843904738,0.2546189376443418,442,71,0.1042207026644659,0.016741334590898355,0.23249811960075187,0.12539650297257635,improved,improved
SUPPORTIVE_POST_PRIMARY_READ_ONLY,aishell5,Eval2,learned,cap224_guard_minus_cap224,guard_after_cap,A5E2_011,cap224,cap224_guard,control_cap224_cfg_low_packet_gated,control_cap224_guarded_cfg_low_packet_gated,True,755,3330,6218,1753,822,3710,6285,1.8873873873873874,0.22672672672672672,0.12142167899646189,676,3330,2639,1056,1598,907,3561,1.0693693693693693,0.203003003003003,0.2561576354679803,862,3330,2639,668,1800,1109,3577,1.0741741741741742,0.25885885885885884,0.3266388783630163,-79,107,-0.023723723723723722,0.03213213213213212,0.13473595647151843,0.20521719936655441,worsened,improved
SUPPORTIVE_POST_PRIMARY_READ_ONLY,aishell5,Eval2,learned,cap224_guard_minus_cap224,guard_after_cap,A5E2_012,cap224,cap224_guard,control_cap224_cfg_low_packet_gated,control_cap224_guarded_cfg_low_packet_gated,False,627,3770,5619,2990,153,2002,5145,1.3647214854111407,0.16631299734748012,0.11158569140416444,758,3770,1975,932,2080,285,3297,0.8745358090185676,0.20106100795755968,0.3837974683544304,758,3770,1975,932,2080,285,3297,0.8745358090185676,0.20106100795755968,0.3837974683544304,131,131,0.034748010610079566,0.034748010610079566,0.272211776950266,0.272211776950266,improved,improved
SUPPORTIVE_POST_PRIMARY_READ_ONLY,aishell5,Eval2,learned,cap224_guard_minus_cap224,guard_after_cap,A5E2_013,cap224,cap224_guard,control_cap224_cfg_low_packet_gated,control_cap224_guarded_cfg_low_packet_gated,False,1164,3524,6731,1661,699,3906,6266,1.7780930760499432,0.33030646992054485,0.1729312137869559,1274,3524,4270,1158,1092,1838,4088,1.1600454029511917,0.3615209988649262,0.2983606557377049,1274,3524,4270,1158,1092,1838,4088,1.1600454029511917,0.3615209988649262,0.2983606557377049,110,110,0.03121452894438137,0.03121452894438137,0.12542944195074904,0.12542944195074904,improved,improved
SUPPORTIVE_POST_PRIMARY_READ_ONLY,aishell5,Eval2,learned,cap224_guard_minus_cap224,guard_after_cap,A5E2_014,cap224,cap224_guard,control_cap224_cfg_low_packet_gated,control_cap224_guarded_cfg_low_packet_gated,False,750,4028,7319,2902,376,3667,6945,1.7241807348560079,0.1861966236345581,0.10247301543926766,1076,4028,3300,1161,1791,1063,4015,0.996772591857001,0.2671300893743793,0.32606060606060605,1076,4028,3300,1161,1791,1063,4015,0.996772591857001,0.2671300893743793,0.32606060606060605,326,326,0.08093346573982121,0.08093346573982121,0.22358759062133837,0.22358759062133837,improved,improved
SUPPORTIVE_POST_PRIMARY_READ_ONLY,aishell5,Eval2,learned,cap224_guard_minus_cap224,guard_after_cap,A5E2_015,cap224,cap224_guard,control_cap224_cfg_low_packet_gated,control_cap224_guarded_cfg_low_packet_gated,False,889,3216,5728,1748,579,3091,5418,1.6847014925373134,0.2764303482587065,0.15520251396648044,1005,3216,2741,785,1426,951,3162,0.9832089552238806,0.3125,0.3666545056548705,1005,3216,2741,785,1426,951,3162,0.9832089552238806,0.3125,0.3666545056548705,116,116,0.03606965174129351,0.03606965174129351,0.21145199168839007,0.21145199168839007,improved,improved
SUPPORTIVE_POST_PRIMARY_READ_ONLY,aishell5,Eval2,learned,cap224_guard_minus_cap224,guard_after_cap,A5E2_016,cap224,cap224_guard,control_cap224_cfg_low_packet_gated,control_cap224_guarded_cfg_low_packet_gated,True,493,2629,5002,1812,324,2697,4833,1.8383415747432483,0.18752377329783187,0.09856057576969213,536,2629,2276,958,1135,782,2875,1.0935717002662608,0.20387980220616203,0.23550087873462214,583,2629,2276,814,1232,879,2925,1.112590338531761,0.2217573221757322,0.2561511423550088,43,90,0.016356028908330156,0.03423354887790034,0.13694030296493,0.15759056658531667,improved,improved
SUPPORTIVE_POST_PRIMARY_READ_ONLY,aishell5,Eval2,learned,cap224_guard_minus_cap224,guard_after_cap,A5E2_017,cap224,cap224_guard,control_cap224_cfg_low_packet_gated,control_cap224_guarded_cfg_low_packet_gated,False,620,3154,6114,2329,205,3165,5699,1.8069118579581485,0.19657577679137603,0.10140660778541054,806,3154,2349,726,1622,817,3165,1.0034876347495245,0.25554850982878885,0.3431247339293316,806,3154,2349,726,1622,817,3165,1.0034876347495245,0.25554850982878885,0.3431247339293316,186,186,0.05897273303741282,0.05897273303741282,0.24171812614392107,0.24171812614392107,improved,improved
SUPPORTIVE_POST_PRIMARY_READ_ONLY,aishell5,Eval2,learned,cap224_guard_minus_cap224,guard_after_cap,A5E2_018,cap224,cap224_guard,control_cap224_cfg_low_packet_gated,control_cap224_guarded_cfg_low_packet_gated,True,1341,4144,7608,1892,911,4375,7178,1.7321428571428572,0.3236003861003861,0.17626182965299683,1382,4144,4446,1197,1565,1867,4629,1.1170366795366795,0.3334942084942085,0.3108412055780477,1525,4144,4446,890,1729,2031,4650,1.122104247104247,0.3680019305019305,0.3430049482681062,41,184,0.009893822393822416,0.04440154440154437,0.13457937592505084,0.16674311861510935,improved,improved
SUPPORTIVE_POST_PRIMARY_READ_ONLY,aishell5,Eval2,learned,cap224_fallback_minus_cap224,fallback_stage,A5E2_001,cap224,cap224_fallback,control_cap224_cfg_low_packet_gated,control_cap224_fallback_cfg_low_packet_gated,False,1229,3330,4721,1432,669,2060,4161,1.2495495495495494,0.36906906906906906,0.2603262020758314,1262,3330,3067,1069,999,736,2804,0.842042042042042,0.378978978978979,0.41147701336811215,1262,3330,3067,1069,999,736,2804,0.842042042042042,0.378978978978979,0.41147701336811215,33,33,0.00990990990990992,0.00990990990990992,0.15115081129228075,0.15115081129228075,improved,improved
SUPPORTIVE_POST_PRIMARY_READ_ONLY,aishell5,Eval2,learned,cap224_fallback_minus_cap224,fallback_stage,A5E2_002,cap224,cap224_fallback,control_cap224_cfg_low_packet_gated,control_cap224_fallback_cfg_low_packet_gated,True,562,3629,4560,2551,516,1447,4514,1.243868834389639,0.15486359878754477,0.12324561403508771,758,3629,2685,1394,1477,533,3404,0.9379994488839901,0.20887296775971342,0.2823091247672253,678,3629,2685,1197,1754,810,3761,1.036373656654726,0.18682832736290989,0.25251396648044694,196,116,0.05400936897216865,0.031964728575365114,0.1590635107321376,0.12926835244535922,improved,improved
SUPPORTIVE_POST_PRIMARY_READ_ONLY,aishell5,Eval2,learned,cap224_fallback_minus_cap224,fallback_stage,A5E2_003,cap224,cap224_fallback,control_cap224_cfg_low_packet_gated,control_cap224_fallback_cfg_low_packet_gated,False,351,1784,2568,1004,429,1213,2646,1.4831838565022422,0.19674887892376683,0.1366822429906542,356,1784,1462,663,765,443,1871,1.0487668161434978,0.19955156950672645,0.24350205198358413,356,1784,1462,663,765,443,1871,1.0487668161434978,0.19955156950672645,0.24350205198358413,5,5,0.0028026905829596216,0.0028026905829596216,0.10681980899292992,0.10681980899292992,improved,improved
SUPPORTIVE_POST_PRIMARY_READ_ONLY,aishell5,Eval2,learned,cap224_fallback_minus_cap224,fallback_stage,A5E2_004,cap224,cap224_fallback,control_cap224_cfg_low_packet_gated,control_cap224_fallback_cfg_low_packet_gated,False,254,3263,3526,2495,514,777,3786,1.1602819491265706,0.07784247624885075,0.07203630175836642,306,3263,1565,778,2179,481,3438,1.0536316273368067,0.09377873122893043,0.19552715654952077,306,3263,1565,778,2179,481,3438,1.0536316273368067,0.09377873122893043,0.19552715654952077,52,52,0.01593625498007968,0.01593625498007968,0.12349085479115435,0.12349085479115435,improved,improved
SUPPORTIVE_POST_PRIMARY_READ_ONLY,aishell5,Eval2,learned,cap224_fallback_minus_cap224,fallback_stage,A5E2_005,cap224,cap224_fallback,control_cap224_cfg_low_packet_gated,control_cap224_fallback_cfg_low_packet_gated,True,959,4472,5926,2913,600,2054,5567,1.2448568872987478,0.2144454382826476,0.16182922713466083,1217,4472,3047,1212,2043,618,3873,0.8660554561717353,0.27213774597495527,0.39940925500492286,1043,4472,3047,1145,2284,859,4288,0.9588550983899821,0.23322898032200357,0.3423039054808008,258,84,0.05769230769230768,0.018783542039355977,0.23758002787026203,0.18047467834613998,improved,improved
SUPPORTIVE_POST_PRIMARY_READ_ONLY,aishell5,Eval2,learned,cap224_fallback_minus_cap224,fallback_stage,A5E2_006,cap224,cap224_fallback,control_cap224_cfg_low_packet_gated,control_cap224_fallback_cfg_low_packet_gated,False,601,3788,8047,2950,237,4496,7683,2.028247096092925,0.15865892291446673,0.07468621846650926,854,3788,3966,1650,1284,1462,4396,1.160506863780359,0.22544878563885956,0.21533030761472516,854,3788,3966,1650,1284,1462,4396,1.160506863780359,0.22544878563885956,0.21533030761472516,253,253,0.06678986272439283,0.06678986272439283,0.1406440891482159,0.1406440891482159,improved,improved
SUPPORTIVE_POST_PRIMARY_READ_ONLY,aishell5,Eval2,learned,cap224_fallback_minus_cap224,fallback_stage,A5E2_007,cap224,cap224_fallback,control_cap224_cfg_low_packet_gated,control_cap224_fallback_cfg_low_packet_gated,True,451,2666,4307,2032,183,1824,4039,1.5150037509377345,0.16916729182295573,0.10471325748781055,597,2666,2267,1102,967,568,2637,0.9891222805701425,0.22393098274568643,0.26334362593736216,576,2666,2267,802,1288,889,2979,1.117404351087772,0.21605401350337583,0.25408028231142477,146,125,0.0547636909227307,0.0468867216804201,0.1586303684495516,0.14936702482361422,improved,improved
SUPPORTIVE_POST_PRIMARY_READ_ONLY,aishell5,Eval2,learned,cap224_fallback_minus_cap224,fallback_stage,A5E2_008,cap224,cap224_fallback,control_cap224_cfg_low_packet_gated,control_cap224_fallback_cfg_low_packet_gated,False,1283,4247,8161,1539,1425,5339,8303,1.9550270779373675,0.3020955968919237,0.15721112608748927,1378,4247,4270,628,2241,2264,5133,1.2086178478926302,0.32446432776077233,0.3227166276346604,1378,4247,4270,628,2241,2264,5133,1.2086178478926302,0.32446432776077233,0.3227166276346604,95,95,0.022368730868848608,0.022368730868848608,0.16550550154717114,0.16550550154717114,improved,improved
SUPPORTIVE_POST_PRIMARY_READ_ONLY,aishell5,Eval2,learned,cap224_fallback_minus_cap224,fallback_stage,A5E2_009,cap224,cap224_fallback,control_cap224_cfg_low_packet_gated,control_cap224_fallback_cfg_low_packet_gated,False,516,3072,4228,2048,508,1664,4220,1.3736979166666667,0.16796875,0.12204351939451277,598,3072,2133,950,1524,585,3059,0.9957682291666666,0.19466145833333334,0.2803563056727614,598,3072,2133,950,1524,585,3059,0.9957682291666666,0.19466145833333334,0.2803563056727614,82,82,0.026692708333333343,0.026692708333333343,0.1583127862782486,0.1583127862782486,improved,improved
SUPPORTIVE_POST_PRIMARY_READ_ONLY,aishell5,Eval2,learned,cap224_fallback_minus_cap224,fallback_stage,A5E2_010,cap224,cap224_fallback,control_cap224_cfg_low_packet_gated,control_cap224_fallback_cfg_low_packet_gated,True,811,4241,6276,2082,1348,3383,6813,1.606460740391417,0.19122848384814903,0.12922243467176545,1211,4241,3357,690,2340,1456,4486,1.0577693940108466,0.28554586182504127,0.3607387548406315,862,4241,3357,466,2913,2029,5408,1.2751709502475832,0.2032539495402028,0.25677688412272864,400,51,0.09431737797689224,0.01202546569205376,0.23151632016886606,0.1275544494509632,improved,improved
SUPPORTIVE_POST_PRIMARY_READ_ONLY,aishell5,Eval2,learned,cap224_fallback_minus_cap224,fallback_stage,A5E2_011,cap224,cap224_fallback,control_cap224_cfg_low_packet_gated,control_cap224_fallback_cfg_low_packet_gated,False,755,3330,6218,1753,822,3710,6285,1.8873873873873874,0.22672672672672672,0.12142167899646189,946,3330,2772,726,1658,1100,3484,1.0462462462462463,0.2840840840840841,0.3412698412698413,946,3330,2772,726,1658,1100,3484,1.0462462462462463,0.2840840840840841,0.3412698412698413,191,191,0.057357357357357364,0.057357357357357364,0.2198481622733794,0.2198481622733794,improved,improved
SUPPORTIVE_POST_PRIMARY_READ_ONLY,aishell5,Eval2,learned,cap224_fallback_minus_cap224,fallback_stage,A5E2_012,cap224,cap224_fallback,control_cap224_cfg_low_packet_gated,control_cap224_fallback_cfg_low_packet_gated,False,627,3770,5619,2990,153,2002,5145,1.3647214854111407,0.16631299734748012,0.11158569140416444,737,3770,2233,1188,1845,308,3341,0.8862068965517241,0.19549071618037137,0.33004926108374383,737,3770,2233,1188,1845,308,3341,0.8862068965517241,0.19549071618037137,0.33004926108374383,110,110,0.029177718832891247,0.029177718832891247,0.2184635696795794,0.2184635696795794,improved,improved
SUPPORTIVE_POST_PRIMARY_READ_ONLY,aishell5,Eval2,learned,cap224_fallback_minus_cap224,fallback_stage,A5E2_013,cap224,cap224_fallback,control_cap224_cfg_low_packet_gated,control_cap224_fallback_cfg_low_packet_gated,False,1164,3524,6731,1661,699,3906,6266,1.7780930760499432,0.33030646992054485,0.1729312137869559,1481,3524,3966,786,1257,1699,3742,1.0618615209988649,0.420261066969353,0.3734241048915784,1481,3524,3966,786,1257,1699,3742,1.0618615209988649,0.420261066969353,0.3734241048915784,317,317,0.08995459704880815,0.08995459704880815,0.2004928911046225,0.2004928911046225,improved,improved
SUPPORTIVE_POST_PRIMARY_READ_ONLY,aishell5,Eval2,learned,cap224_fallback_minus_cap224,fallback_stage,A5E2_014,cap224,cap224_fallback,control_cap224_cfg_low_packet_gated,control_cap224_fallback_cfg_low_packet_gated,True,750,4028,7319,2902,376,3667,6945,1.7241807348560079,0.1861966236345581,0.10247301543926766,1355,4028,3546,761,1912,1430,4103,1.0186196623634558,0.33639523336643495,0.38212069937958265,1105,4028,3546,1231,1692,1210,4133,1.0260675273088382,0.2743296921549156,0.31161872532430906,605,355,0.15019860973187685,0.08813306852035749,0.279647683940315,0.2091457098850414,improved,improved
SUPPORTIVE_POST_PRIMARY_READ_ONLY,aishell5,Eval2,learned,cap224_fallback_minus_cap224,fallback_stage,A5E2_015,cap224,cap224_fallback,control_cap224_cfg_low_packet_gated,control_cap224_fallback_cfg_low_packet_gated,False,889,3216,5728,1748,579,3091,5418,1.6847014925373134,0.2764303482587065,0.15520251396648044,1027,3216,3090,811,1378,1252,3441,1.069962686567164,0.3193407960199005,0.33236245954692556,1027,3216,3090,811,1378,1252,3441,1.069962686567164,0.3193407960199005,0.33236245954692556,138,138,0.042910447761194015,0.042910447761194015,0.17715994558044512,0.17715994558044512,improved,improved
SUPPORTIVE_POST_PRIMARY_READ_ONLY,aishell5,Eval2,learned,cap224_fallback_minus_cap224,fallback_stage,A5E2_016,cap224,cap224_fallback,control_cap224_cfg_low_packet_gated,control_cap224_fallback_cfg_low_packet_gated,True,493,2629,5002,1812,324,2697,4833,1.8383415747432483,0.18752377329783187,0.09856057576969213,524,2629,2380,1103,1002,753,2858,1.0871053632559908,0.199315329022442,0.22016806722689075,578,2629,2380,935,1116,867,2918,1.109927729174591,0.2198554583491822,0.24285714285714285,31,85,0.011791555724610131,0.03233168505135031,0.12160749145719862,0.14429656708745073,improved,improved
SUPPORTIVE_POST_PRIMARY_READ_ONLY,aishell5,Eval2,learned,cap224_fallback_minus_cap224,fallback_stage,A5E2_017,cap224,cap224_fallback,control_cap224_cfg_low_packet_gated,control_cap224_fallback_cfg_low_packet_gated,False,620,3154,6114,2329,205,3165,5699,1.8069118579581485,0.19657577679137603,0.10140660778541054,792,3154,2762,1049,1313,921,3283,1.0409004438807863,0.25110970196575777,0.28674873280231716,792,3154,2762,1049,1313,921,3283,1.0409004438807863,0.25110970196575777,0.28674873280231716,172,172,0.05453392517438174,0.05453392517438174,0.1853421250169066,0.1853421250169066,improved,improved
SUPPORTIVE_POST_PRIMARY_READ_ONLY,aishell5,Eval2,learned,cap224_fallback_minus_cap224,fallback_stage,A5E2_018,cap224,cap224_fallback,control_cap224_cfg_low_packet_gated,control_cap224_fallback_cfg_low_packet_gated,True,1341,4144,7608,1892,911,4375,7178,1.7321428571428572,0.3236003861003861,0.17626182965299683,1465,4144,4198,1243,1436,1490,4169,1.0060328185328185,0.353523166023166,0.3489757027155789,1600,4144,4198,949,1595,1649,4193,1.0118243243243243,0.3861003861003861,0.38113387327298714,124,259,0.02992277992277992,0.0625,0.17271387306258204,0.2048720436199903,improved,improved
SUPPORTIVE_POST_PRIMARY_READ_ONLY,aishell5,Eval2,learned,cap224_fallback_guard_minus_cap224_fallback,residual_guard_after_fallback,A5E2_001,cap224_fallback,cap224_fallback_guard,control_cap224_fallback_cfg_low_packet_gated,control_cap224_fallback_guarded_cfg_low_packet_gated,False,1262,3330,3067,1069,999,736,2804,0.842042042042042,0.378978978978979,0.41147701336811215,1261,3330,2954,1000,1069,693,2762,0.8294294294294294,0.37867867867867866,0.42687880839539605,1261,3330,2954,1000,1069,693,2762,0.8294294294294294,0.37867867867867866,0.42687880839539605,-1,-1,-0.00030030030030031574,-0.00030030030030031574,0.015401795027283893,0.015401795027283893,worsened,worsened
SUPPORTIVE_POST_PRIMARY_READ_ONLY,aishell5,Eval2,learned,cap224_fallback_guard_minus_cap224_fallback,residual_guard_after_fallback,A5E2_002,cap224_fallback,cap224_fallback_guard,control_cap224_fallback_cfg_low_packet_gated,control_cap224_fallback_guarded_cfg_low_packet_gated,False,758,3629,2685,1394,1477,533,3404,0.9379994488839901,0.20887296775971342,0.2823091247672253,758,3629,2685,1394,1477,533,3404,0.9379994488839901,0.20887296775971342,0.2823091247672253,758,3629,2685,1394,1477,533,3404,0.9379994488839901,0.20887296775971342,0.2823091247672253,0,0,0.0,0.0,0.0,0.0,tie,tie
SUPPORTIVE_POST_PRIMARY_READ_ONLY,aishell5,Eval2,learned,cap224_fallback_guard_minus_cap224_fallback,residual_guard_after_fallback,A5E2_003,cap224_fallback,cap224_fallback_guard,control_cap224_fallback_cfg_low_packet_gated,control_cap224_fallback_guarded_cfg_low_packet_gated,False,356,1784,1462,663,765,443,1871,1.0487668161434978,0.19955156950672645,0.24350205198358413,356,1784,1462,663,765,443,1871,1.0487668161434978,0.19955156950672645,0.24350205198358413,356,1784,1462,663,765,443,1871,1.0487668161434978,0.19955156950672645,0.24350205198358413,0,0,0.0,0.0,0.0,0.0,tie,tie
SUPPORTIVE_POST_PRIMARY_READ_ONLY,aishell5,Eval2,learned,cap224_fallback_guard_minus_cap224_fallback,residual_guard_after_fallback,A5E2_004,cap224_fallback,cap224_fallback_guard,control_cap224_fallback_cfg_low_packet_gated,control_cap224_fallback_guarded_cfg_low_packet_gated,False,306,3263,1565,778,2179,481,3438,1.0536316273368067,0.09377873122893043,0.19552715654952077,320,3263,1427,627,2316,480,3423,1.0490346307079375,0.09806926141587496,0.22424667133847231,320,3263,1427,627,2316,480,3423,1.0490346307079375,0.09806926141587496,0.22424667133847231,14,14,0.00429053018694453,0.00429053018694453,0.028719514788951545,0.028719514788951545,improved,improved
SUPPORTIVE_POST_PRIMARY_READ_ONLY,aishell5,Eval2,learned,cap224_fallback_guard_minus_cap224_fallback,residual_guard_after_fallback,A5E2_005,cap224_fallback,cap224_fallback_guard,control_cap224_fallback_cfg_low_packet_gated,control_cap224_fallback_guarded_cfg_low_packet_gated,False,1217,4472,3047,1212,2043,618,3873,0.8660554561717353,0.27213774597495527,0.39940925500492286,1218,4472,2946,1172,2082,556,3810,0.8519677996422182,0.2723613595706619,0.4134419551934827,1218,4472,2946,1172,2082,556,3810,0.8519677996422182,0.2723613595706619,0.4134419551934827,1,1,0.00022361359570660655,0.00022361359570660655,0.014032700188559843,0.014032700188559843,improved,improved
SUPPORTIVE_POST_PRIMARY_READ_ONLY,aishell5,Eval2,learned,cap224_fallback_guard_minus_cap224_fallback,residual_guard_after_fallback,A5E2_006,cap224_fallback,cap224_fallback_guard,control_cap224_fallback_cfg_low_packet_gated,control_cap224_fallback_guarded_cfg_low_packet_gated,False,854,3788,3966,1650,1284,1462,4396,1.160506863780359,0.22544878563885956,0.21533030761472516,855,3788,3921,1629,1304,1437,4370,1.1536430834213305,0.2257127771911299,0.2180566182096404,855,3788,3921,1629,1304,1437,4370,1.1536430834213305,0.2257127771911299,0.2180566182096404,1,1,0.0002639915522703318,0.0002639915522703318,0.0027263105949152378,0.0027263105949152378,improved,improved
SUPPORTIVE_POST_PRIMARY_READ_ONLY,aishell5,Eval2,learned,cap224_fallback_guard_minus_cap224_fallback,residual_guard_after_fallback,A5E2_007,cap224_fallback,cap224_fallback_guard,control_cap224_fallback_cfg_low_packet_gated,control_cap224_fallback_guarded_cfg_low_packet_gated,False,597,2666,2267,1102,967,568,2637,0.9891222805701425,0.22393098274568643,0.26334362593736216,604,2666,2045,873,1189,568,2630,0.986496624156039,0.22655663915978994,0.29535452322738387,604,2666,2045,873,1189,568,2630,0.986496624156039,0.22655663915978994,0.29535452322738387,7,7,0.0026256564141035055,0.0026256564141035055,0.03201089729002171,0.03201089729002171,improved,improved
SUPPORTIVE_POST_PRIMARY_READ_ONLY,aishell5,Eval2,learned,cap224_fallback_guard_minus_cap224_fallback,residual_guard_after_fallback,A5E2_008,cap224_fallback,cap224_fallback_guard,control_cap224_fallback_cfg_low_packet_gated,control_cap224_fallback_guarded_cfg_low_packet_gated,False,1378,4247,4270,628,2241,2264,5133,1.2086178478926302,0.32446432776077233,0.3227166276346604,1378,4247,4270,628,2241,2264,5133,1.2086178478926302,0.32446432776077233,0.3227166276346604,1378,4247,4270,628,2241,2264,5133,1.2086178478926302,0.32446432776077233,0.3227166276346604,0,0,0.0,0.0,0.0,0.0,tie,tie
SUPPORTIVE_POST_PRIMARY_READ_ONLY,aishell5,Eval2,learned,cap224_fallback_guard_minus_cap224_fallback,residual_guard_after_fallback,A5E2_009,cap224_fallback,cap224_fallback_guard,control_cap224_fallback_cfg_low_packet_gated,control_cap224_fallback_guarded_cfg_low_packet_gated,False,598,3072,2133,950,1524,585,3059,0.9957682291666666,0.19466145833333334,0.2803563056727614,598,3072,2133,950,1524,585,3059,0.9957682291666666,0.19466145833333334,0.2803563056727614,598,3072,2133,950,1524,585,3059,0.9957682291666666,0.19466145833333334,0.2803563056727614,0,0,0.0,0.0,0.0,0.0,tie,tie
SUPPORTIVE_POST_PRIMARY_READ_ONLY,aishell5,Eval2,learned,cap224_fallback_guard_minus_cap224_fallback,residual_guard_after_fallback,A5E2_010,cap224_fallback,cap224_fallback_guard,control_cap224_fallback_cfg_low_packet_gated,control_cap224_fallback_guarded_cfg_low_packet_gated,False,1211,4241,3357,690,2340,1456,4486,1.0577693940108466,0.28554586182504127,0.3607387548406315,1211,4241,3357,690,2340,1456,4486,1.0577693940108466,0.28554586182504127,0.3607387548406315,1211,4241,3357,690,2340,1456,4486,1.0577693940108466,0.28554586182504127,0.3607387548406315,0,0,0.0,0.0,0.0,0.0,tie,tie
SUPPORTIVE_POST_PRIMARY_READ_ONLY,aishell5,Eval2,learned,cap224_fallback_guard_minus_cap224_fallback,residual_guard_after_fallback,A5E2_011,cap224_fallback,cap224_fallback_guard,control_cap224_fallback_cfg_low_packet_gated,control_cap224_fallback_guarded_cfg_low_packet_gated,False,946,3330,2772,726,1658,1100,3484,1.0462462462462463,0.2840840840840841,0.3412698412698413,946,3330,2731,685,1699,1100,3484,1.0462462462462463,0.2840840840840841,0.3463932625411937,946,3330,2731,685,1699,1100,3484,1.0462462462462463,0.2840840840840841,0.3463932625411937,0,0,0.0,0.0,0.005123421271352402,0.005123421271352402,tie,tie
SUPPORTIVE_POST_PRIMARY_READ_ONLY,aishell5,Eval2,learned,cap224_fallback_guard_minus_cap224_fallback,residual_guard_after_fallback,A5E2_012,cap224_fallback,cap224_fallback_guard,control_cap224_fallback_cfg_low_packet_gated,control_cap224_fallback_guarded_cfg_low_packet_gated,False,737,3770,2233,1188,1845,308,3341,0.8862068965517241,0.19549071618037137,0.33004926108374383,733,3770,2033,1010,2027,290,3327,0.8824933687002653,0.19442970822281166,0.3605509099852435,733,3770,2033,1010,2027,290,3327,0.8824933687002653,0.19442970822281166,0.3605509099852435,-4,-4,-0.001061007957559701,-0.001061007957559701,0.030501648901499645,0.030501648901499645,worsened,worsened
SUPPORTIVE_POST_PRIMARY_READ_ONLY,aishell5,Eval2,learned,cap224_fallback_guard_minus_cap224_fallback,residual_guard_after_fallback,A5E2_013,cap224_fallback,cap224_fallback_guard,control_cap224_fallback_cfg_low_packet_gated,control_cap224_fallback_guarded_cfg_low_packet_gated,False,1481,3524,3966,786,1257,1699,3742,1.0618615209988649,0.420261066969353,0.3734241048915784,1481,3524,3946,786,1257,1679,3722,1.0561861520998865,0.420261066969353,0.37531677648251394,1481,3524,3946,786,1257,1679,3722,1.0561861520998865,0.420261066969353,0.37531677648251394,0,0,0.0,0.0,0.0018926715909355352,0.0018926715909355352,tie,tie
SUPPORTIVE_POST_PRIMARY_READ_ONLY,aishell5,Eval2,learned,cap224_fallback_guard_minus_cap224_fallback,residual_guard_after_fallback,A5E2_014,cap224_fallback,cap224_fallback_guard,control_cap224_fallback_cfg_low_packet_gated,control_cap224_fallback_guarded_cfg_low_packet_gated,False,1355,4028,3546,761,1912,1430,4103,1.0186196623634558,0.33639523336643495,0.38212069937958265,1355,4028,3514,761,1912,1398,4071,1.0106752730883812,0.33639523336643495,0.38560045532157083,1355,4028,3514,761,1912,1398,4071,1.0106752730883812,0.33639523336643495,0.38560045532157083,0,0,0.0,0.0,0.003479755941988183,0.003479755941988183,tie,tie
SUPPORTIVE_POST_PRIMARY_READ_ONLY,aishell5,Eval2,learned,cap224_fallback_guard_minus_cap224_fallback,residual_guard_after_fallback,A5E2_015,cap224_fallback,cap224_fallback_guard,control_cap224_fallback_cfg_low_packet_gated,control_cap224_fallback_guarded_cfg_low_packet_gated,False,1027,3216,3090,811,1378,1252,3441,1.069962686567164,0.3193407960199005,0.33236245954692556,1027,3216,3090,811,1378,1252,3441,1.069962686567164,0.3193407960199005,0.33236245954692556,1027,3216,3090,811,1378,1252,3441,1.069962686567164,0.3193407960199005,0.33236245954692556,0,0,0.0,0.0,0.0,0.0,tie,tie
SUPPORTIVE_POST_PRIMARY_READ_ONLY,aishell5,Eval2,learned,cap224_fallback_guard_minus_cap224_fallback,residual_guard_after_fallback,A5E2_016,cap224_fallback,cap224_fallback_guard,control_cap224_fallback_cfg_low_packet_gated,control_cap224_fallback_guarded_cfg_low_packet_gated,False,524,2629,2380,1103,1002,753,2858,1.0871053632559908,0.199315329022442,0.22016806722689075,524,2629,2380,1103,1002,753,2858,1.0871053632559908,0.199315329022442,0.22016806722689075,524,2629,2380,1103,1002,753,2858,1.0871053632559908,0.199315329022442,0.22016806722689075,0,0,0.0,0.0,0.0,0.0,tie,tie
SUPPORTIVE_POST_PRIMARY_READ_ONLY,aishell5,Eval2,learned,cap224_fallback_guard_minus_cap224_fallback,residual_guard_after_fallback,A5E2_017,cap224_fallback,cap224_fallback_guard,control_cap224_fallback_cfg_low_packet_gated,control_cap224_fallback_guarded_cfg_low_packet_gated,False,792,3154,2762,1049,1313,921,3283,1.0409004438807863,0.25110970196575777,0.28674873280231716,792,3154,2762,1049,1313,921,3283,1.0409004438807863,0.25110970196575777,0.28674873280231716,792,3154,2762,1049,1313,921,3283,1.0409004438807863,0.25110970196575777,0.28674873280231716,0,0,0.0,0.0,0.0,0.0,tie,tie
SUPPORTIVE_POST_PRIMARY_READ_ONLY,aishell5,Eval2,learned,cap224_fallback_guard_minus_cap224_fallback,residual_guard_after_fallback,A5E2_018,cap224_fallback,cap224_fallback_guard,control_cap224_fallback_cfg_low_packet_gated,control_cap224_fallback_guarded_cfg_low_packet_gated,False,1465,4144,4198,1243,1436,1490,4169,1.0060328185328185,0.353523166023166,0.3489757027155789,1465,4144,4198,1243,1436,1490,4169,1.0060328185328185,0.353523166023166,0.3489757027155789,1465,4144,4198,1243,1436,1490,4169,1.0060328185328185,0.353523166023166,0.3489757027155789,0,0,0.0,0.0,0.0,0.0,tie,tie
SUPPORTIVE_POST_PRIMARY_READ_ONLY,aishell5,Eval2,learned,cap224_fallback_guard_minus_raw448,full_control_stack,A5E2_001,raw448,cap224_fallback_guard,raw_cfg_low_packet_gated,control_cap224_fallback_guarded_cfg_low_packet_gated,False,1237,3330,6825,1567,526,4021,6114,1.836036036036036,0.37147147147147147,0.18124542124542126,1261,3330,2954,1000,1069,693,2762,0.8294294294294294,0.37867867867867866,0.42687880839539605,1261,3330,2954,1000,1069,693,2762,0.8294294294294294,0.37867867867867866,0.42687880839539605,24,24,0.007207207207207189,0.007207207207207189,0.2456333871499748,0.2456333871499748,improved,improved
SUPPORTIVE_POST_PRIMARY_READ_ONLY,aishell5,Eval2,learned,cap224_fallback_guard_minus_raw448,full_control_stack,A5E2_002,raw448,cap224_fallback_guard,raw_cfg_low_packet_gated,control_cap224_fallback_guarded_cfg_low_packet_gated,True,446,3629,6892,3119,64,3327,6510,1.793882612289887,0.12289887021217967,0.06471271038885665,758,3629,2685,1394,1477,533,3404,0.9379994488839901,0.20887296775971342,0.2823091247672253,678,3629,2685,1197,1754,810,3761,1.036373656654726,0.18682832736290989,0.25251396648044694,312,232,0.08597409754753375,0.06392945715073022,0.21759641437836866,0.1878012560915903,improved,improved
SUPPORTIVE_POST_PRIMARY_READ_ONLY,aishell5,Eval2,learned,cap224_fallback_guard_minus_raw448,full_control_stack,A5E2_003,raw448,cap224_fallback_guard,raw_cfg_low_packet_gated,control_cap224_fallback_guarded_cfg_low_packet_gated,True,130,1784,3814,1650,4,2034,3688,2.0672645739910314,0.07286995515695067,0.03408495018353435,356,1784,1462,663,765,443,1871,1.0487668161434978,0.19955156950672645,0.24350205198358413,125,1784,1462,881,778,456,2115,1.1855381165919283,0.07006726457399103,0.08549931600547196,226,-5,0.12668161434977576,-0.0028026905829596493,0.20941710180004977,0.05141436582193761,improved,worsened
SUPPORTIVE_POST_PRIMARY_READ_ONLY,aishell5,Eval2,learned,cap224_fallback_guard_minus_raw448,full_control_stack,A5E2_004,raw448,cap224_fallback_guard,raw_cfg_low_packet_gated,control_cap224_fallback_guarded_cfg_low_packet_gated,False,274,3263,6012,2964,25,2774,5763,1.7661661048115231,0.08397180508734294,0.04557551563539587,320,3263,1427,627,2316,480,3423,1.0490346307079375,0.09806926141587496,0.22424667133847231,320,3263,1427,627,2316,480,3423,1.0490346307079375,0.09806926141587496,0.22424667133847231,46,46,0.01409745632853203,0.01409745632853203,0.17867115570307646,0.17867115570307646,improved,improved
SUPPORTIVE_POST_PRIMARY_READ_ONLY,aishell5,Eval2,learned,cap224_fallback_guard_minus_raw448,full_control_stack,A5E2_005,raw448,cap224_fallback_guard,raw_cfg_low_packet_gated,control_cap224_fallback_guarded_cfg_low_packet_gated,True,911,4472,9452,3238,323,5303,8864,1.9821109123434706,0.20371198568872986,0.09638171815488786,1218,4472,2946,1172,2082,556,3810,0.8519677996422182,0.2723613595706619,0.4134419551934827,1044,4472,2946,1105,2323,797,4225,0.9447674418604651,0.2334525939177102,0.3543788187372709,307,133,0.06864937388193201,0.029740608228980336,0.31706023703859487,0.257997100582383,improved,improved
SUPPORTIVE_POST_PRIMARY_READ_ONLY,aishell5,Eval2,learned,cap224_fallback_guard_minus_raw448,full_control_stack,A5E2_006,raw448,cap224_fallback_guard,raw_cfg_low_packet_gated,control_cap224_fallback_guarded_cfg_low_packet_gated,False,668,3788,13072,2962,158,9442,12562,3.316261879619852,0.17634635691657866,0.0511015911872705,855,3788,3921,1629,1304,1437,4370,1.1536430834213305,0.2257127771911299,0.2180566182096404,855,3788,3921,1629,1304,1437,4370,1.1536430834213305,0.2257127771911299,0.2180566182096404,187,187,0.04936642027455124,0.04936642027455124,0.1669550270223699,0.1669550270223699,improved,improved
SUPPORTIVE_POST_PRIMARY_READ_ONLY,aishell5,Eval2,learned,cap224_fallback_guard_minus_raw448,full_control_stack,A5E2_007,raw448,cap224_fallback_guard,raw_cfg_low_packet_gated,control_cap224_fallback_guarded_cfg_low_packet_gated,True,512,2666,7047,1972,182,4563,6717,2.5195048762190546,0.19204801200300076,0.07265503050943664,604,2666,2045,873,1189,568,2630,0.986496624156039,0.22655663915978994,0.29535452322738387,554,2666,2045,762,1350,729,2841,1.0656414103525882,0.2078019504876219,0.2709046454767726,92,42,0.03450862715678918,0.015753938484621144,0.22269949271794723,0.19824961496733598,improved,improved
SUPPORTIVE_POST_PRIMARY_READ_ONLY,aishell5,Eval2,learned,cap224_fallback_guard_minus_raw448,full_control_stack,A5E2_008,raw448,cap224_fallback_guard,raw_cfg_low_packet_gated,control_cap224_fallback_guarded_cfg_low_packet_gated,True,766,4247,13300,3318,163,9216,12697,2.989639745702849,0.1803626089004003,0.05759398496240602,1378,4247,4270,628,2241,2264,5133,1.2086178478926302,0.32446432776077233,0.3227166276346604,865,4247,4270,977,2405,2428,5810,1.3680244878737933,0.20367318106898988,0.202576112412178,612,99,0.14410171886037204,0.02331057216858959,0.2651226426722544,0.14498212744977196,improved,improved
SUPPORTIVE_POST_PRIMARY_READ_ONLY,aishell5,Eval2,learned,cap224_fallback_guard_minus_raw448,full_control_stack,A5E2_009,raw448,cap224_fallback_guard,raw_cfg_low_packet_gated,control_cap224_fallback_guarded_cfg_low_packet_gated,True,220,3072,6657,2845,7,3592,6444,2.09765625,0.07161458333333333,0.03304791948325071,598,3072,2133,950,1524,585,3059,0.9957682291666666,0.19466145833333334,0.2803563056727614,192,3072,2133,1240,1640,701,3581,1.1656901041666667,0.0625,0.090014064697609,378,-28,0.12304687500000001,-0.009114583333333329,0.24730838618951068,0.05696614521435829,improved,worsened
SUPPORTIVE_POST_PRIMARY_READ_ONLY,aishell5,Eval2,learned,cap224_fallback_guard_minus_raw448,full_control_stack,A5E2_010,raw448,cap224_fallback_guard,raw_cfg_low_packet_gated,control_cap224_fallback_guarded_cfg_low_packet_gated,True,614,4241,9458,3430,197,5414,9041,2.131808535722707,0.1447771751945296,0.06491858743920491,1211,4241,3357,690,2340,1456,4486,1.0577693940108466,0.28554586182504127,0.3607387548406315,862,4241,3357,466,2913,2029,5408,1.2751709502475832,0.2032539495402028,0.25677688412272864,597,248,0.14076868663051167,0.058476774345673194,0.2958201674014266,0.19185829668352372,improved,improved
SUPPORTIVE_POST_PRIMARY_READ_ONLY,aishell5,Eval2,learned,cap224_fallback_guard_minus_raw448,full_control_stack,A5E2_011,raw448,cap224_fallback_guard,raw_cfg_low_packet_gated,control_cap224_fallback_guarded_cfg_low_packet_gated,False,560,3330,10302,2565,205,7177,9947,2.987087087087087,0.16816816816816818,0.054358377014172,946,3330,2731,685,1699,1100,3484,1.0462462462462463,0.2840840840840841,0.3463932625411937,946,3330,2731,685,1699,1100,3484,1.0462462462462463,0.2840840840840841,0.3463932625411937,386,386,0.1159159159159159,0.1159159159159159,0.29203488552702167,0.29203488552702167,improved,improved
SUPPORTIVE_POST_PRIMARY_READ_ONLY,aishell5,Eval2,learned,cap224_fallback_guard_minus_raw448,full_control_stack,A5E2_012,raw448,cap224_fallback_guard,raw_cfg_low_packet_gated,control_cap224_fallback_guarded_cfg_low_packet_gated,False,641,3770,9609,3025,104,5943,9072,2.406366047745358,0.170026525198939,0.06670829430742013,733,3770,2033,1010,2027,290,3327,0.8824933687002653,0.19442970822281166,0.3605509099852435,733,3770,2033,1010,2027,290,3327,0.8824933687002653,0.19442970822281166,0.3605509099852435,92,92,0.024403183023872677,0.024403183023872677,0.2938426156778233,0.2938426156778233,improved,improved
SUPPORTIVE_POST_PRIMARY_READ_ONLY,aishell5,Eval2,learned,cap224_fallback_guard_minus_raw448,full_control_stack,A5E2_013,raw448,cap224_fallback_guard,raw_cfg_low_packet_gated,control_cap224_fallback_guarded_cfg_low_packet_gated,False,1046,3524,10329,1979,499,7304,9782,2.775822928490352,0.29682179341657206,0.10126827379223545,1481,3524,3946,786,1257,1679,3722,1.0561861520998865,0.420261066969353,0.37531677648251394,1481,3524,3946,786,1257,1679,3722,1.0561861520998865,0.420261066969353,0.37531677648251394,435,435,0.12343927355278095,0.12343927355278095,0.2740485026902785,0.2740485026902785,improved,improved
SUPPORTIVE_POST_PRIMARY_READ_ONLY,aishell5,Eval2,learned,cap224_fallback_guard_minus_raw448,full_control_stack,A5E2_014,raw448,cap224_fallback_guard,raw_cfg_low_packet_gated,control_cap224_fallback_guarded_cfg_low_packet_gated,True,776,4028,11906,3042,210,8088,11340,2.8152929493545185,0.1926514399205561,0.06517722156895683,1355,4028,3514,761,1912,1398,4071,1.0106752730883812,0.33639523336643495,0.38560045532157083,1105,4028,3514,1231,1692,1178,4101,1.0181231380337636,0.2743296921549156,0.31445645987478654,579,329,0.14374379344587884,0.08167825223435948,0.320423233752614,0.2492792383058297,improved,improved
SUPPORTIVE_POST_PRIMARY_READ_ONLY,aishell5,Eval2,learned,cap224_fallback_guard_minus_raw448,full_control_stack,A5E2_015,raw448,cap224_fallback_guard,raw_cfg_low_packet_gated,control_cap224_fallback_guarded_cfg_low_packet_gated,False,898,3216,9177,2006,312,6273,8591,2.6713308457711444,0.27922885572139305,0.09785332897461044,1027,3216,3090,811,1378,1252,3441,1.069962686567164,0.3193407960199005,0.33236245954692556,1027,3216,3090,811,1378,1252,3441,1.069962686567164,0.3193407960199005,0.33236245954692556,129,129,0.040111940298507454,0.040111940298507454,0.23450913057231512,0.23450913057231512,improved,improved
SUPPORTIVE_POST_PRIMARY_READ_ONLY,aishell5,Eval2,learned,cap224_fallback_guard_minus_raw448,full_control_stack,A5E2_016,raw448,cap224_fallback_guard,raw_cfg_low_packet_gated,control_cap224_fallback_guarded_cfg_low_packet_gated,True,359,2629,7893,2166,104,5368,7638,2.905287181437809,0.13655382274629135,0.045483339668060306,524,2629,2380,1103,1002,753,2858,1.0871053632559908,0.199315329022442,0.22016806722689075,578,2629,2380,935,1116,867,2918,1.109927729174591,0.2198554583491822,0.24285714285714285,165,219,0.06276150627615065,0.08330163560289083,0.17468472755883044,0.19737380318908254,improved,improved
SUPPORTIVE_POST_PRIMARY_READ_ONLY,aishell5,Eval2,learned,cap224_fallback_guard_minus_raw448,full_control_stack,A5E2_017,raw448,cap224_fallback_guard,raw_cfg_low_packet_gated,control_cap224_fallback_guarded_cfg_low_packet_gated,False,667,3154,10134,2287,200,7180,9667,3.064996829422955,0.21147748890298035,0.0658180382869548,792,3154,2762,1049,1313,921,3283,1.0409004438807863,0.25110970196575777,0.28674873280231716,792,3154,2762,1049,1313,921,3283,1.0409004438807863,0.25110970196575777,0.28674873280231716,125,125,0.03963221306277742,0.03963221306277742,0.22093069451536235,0.22093069451536235,improved,improved
SUPPORTIVE_POST_PRIMARY_READ_ONLY,aishell5,Eval2,learned,cap224_fallback_guard_minus_raw448,full_control_stack,A5E2_018,raw448,cap224_fallback_guard,raw_cfg_low_packet_gated,control_cap224_fallback_guarded_cfg_low_packet_gated,True,1108,4144,11850,2497,539,8245,11281,2.722249034749035,0.2673745173745174,0.09350210970464135,1465,4144,4198,1243,1436,1490,4169,1.0060328185328185,0.353523166023166,0.3489757027155789,1600,4144,4198,949,1595,1649,4193,1.0118243243243243,0.3861003861003861,0.38113387327298714,357,492,0.08614864864864863,0.11872586872586871,0.2554735930109375,0.2876317635683458,improved,improved
SUPPORTIVE_POST_PRIMARY_READ_ONLY,aishell5,Eval2,learned,cap224_compression_abstention_minus_raw448,deletion_anchor_not_recommended_policy,A5E2_001,raw448,cap224_compression_abstention,raw_cfg_low_packet_gated,control_cap224_cr24_abstain_cfg_low_packet_gated,False,1237,3330,6825,1567,526,4021,6114,1.836036036036036,0.37147147147147147,0.18124542124542126,1206,3330,2682,806,1318,670,2794,0.8390390390390391,0.3621621621621622,0.44966442953020136,1206,3330,2682,806,1318,670,2794,0.8390390390390391,0.3621621621621622,0.44966442953020136,-31,-31,-0.009309309309309288,-0.009309309309309288,0.2684190082847801,0.2684190082847801,worsened,worsened
SUPPORTIVE_POST_PRIMARY_READ_ONLY,aishell5,Eval2,learned,cap224_compression_abstention_minus_raw448,deletion_anchor_not_recommended_policy,A5E2_002,raw448,cap224_compression_abstention,raw_cfg_low_packet_gated,control_cap224_cr24_abstain_cfg_low_packet_gated,True,446,3629,6892,3119,64,3327,6510,1.793882612289887,0.12289887021217967,0.06471271038885665,728,3629,2135,1084,1817,323,3224,0.8883990079911821,0.2006062276109121,0.34098360655737703,641,3629,2135,854,2134,640,3628,0.99972444199504,0.17663268117938827,0.3002341920374707,282,195,0.07770735739873243,0.0537338109672086,0.2762708961685204,0.23552148164861406,improved,improved
SUPPORTIVE_POST_PRIMARY_READ_ONLY,aishell5,Eval2,learned,cap224_compression_abstention_minus_raw448,deletion_anchor_not_recommended_policy,A5E2_003,raw448,cap224_compression_abstention,raw_cfg_low_packet_gated,control_cap224_cr24_abstain_cfg_low_packet_gated,True,130,1784,3814,1650,4,2034,3688,2.0672645739910314,0.07286995515695067,0.03408495018353435,356,1784,1314,636,792,322,1750,0.9809417040358744,0.19955156950672645,0.2709284627092846,126,1784,1314,853,805,335,1993,1.117152466367713,0.07062780269058296,0.0958904109589041,226,-4,0.12668161434977576,-0.0022421524663677195,0.23684351252575025,0.061805460775369754,improved,worsened
SUPPORTIVE_POST_PRIMARY_READ_ONLY,aishell5,Eval2,learned,cap224_compression_abstention_minus_raw448,deletion_anchor_not_recommended_policy,A5E2_004,raw448,cap224_compression_abstention,raw_cfg_low_packet_gated,control_cap224_cr24_abstain_cfg_low_packet_gated,True,274,3263,6012,2964,25,2774,5763,1.7661661048115231,0.08397180508734294,0.04557551563539587,234,3263,953,392,2637,327,3356,1.0285013790989888,0.07171314741035857,0.24554039874081846,256,3263,953,273,2734,424,3431,1.0514863622433344,0.07845540913269997,0.26862539349422876,-40,-18,-0.012258657676984364,-0.005516395954642969,0.1999648831054226,0.2230498778588329,worsened,worsened
SUPPORTIVE_POST_PRIMARY_READ_ONLY,aishell5,Eval2,learned,cap224_compression_abstention_minus_raw448,deletion_anchor_not_recommended_policy,A5E2_005,raw448,cap224_compression_abstention,raw_cfg_low_packet_gated,control_cap224_cr24_abstain_cfg_low_packet_gated,True,911,4472,9452,3238,323,5303,8864,1.9821109123434706,0.20371198568872986,0.09638171815488786,1074,4472,2371,924,2474,373,3771,0.8432468694096601,0.24016100178890876,0.4529734289329397,942,4472,2371,789,2741,640,4170,0.932468694096601,0.21064400715563505,0.39730071699704766,163,31,0.036449016100178894,0.006932021466905192,0.35659171077805185,0.3009189988421598,improved,improved
SUPPORTIVE_POST_PRIMARY_READ_ONLY,aishell5,Eval2,learned,cap224_compression_abstention_minus_raw448,deletion_anchor_not_recommended_policy,A5E2_006,raw448,cap224_compression_abstention,raw_cfg_low_packet_gated,control_cap224_cr24_abstain_cfg_low_packet_gated,False,668,3788,13072,2962,158,9442,12562,3.316261879619852,0.17634635691657866,0.0511015911872705,721,3788,2908,1137,1930,1050,4117,1.0868532206969377,0.19033790918690602,0.24793672627235214,721,3788,2908,1137,1930,1050,4117,1.0868532206969377,0.19033790918690602,0.24793672627235214,53,53,0.013991552270327362,0.013991552270327362,0.19683513508508163,0.19683513508508163,improved,improved
SUPPORTIVE_POST_PRIMARY_READ_ONLY,aishell5,Eval2,learned,cap224_compression_abstention_minus_raw448,deletion_anchor_not_recommended_policy,A5E2_007,raw448,cap224_compression_abstention,raw_cfg_low_packet_gated,control_cap224_cr24_abstain_cfg_low_packet_gated,True,512,2666,7047,1972,182,4563,6717,2.5195048762190546,0.19204801200300076,0.07265503050943664,495,2666,1534,639,1532,400,2571,0.9643660915228808,0.18567141785446362,0.3226857887874837,430,2666,1534,516,1720,588,2824,1.059264816204051,0.16129032258064516,0.2803129074315515,-17,-82,-0.00637659414853714,-0.0307576894223556,0.2500307582780471,0.20765787692211488,worsened,worsened
SUPPORTIVE_POST_PRIMARY_READ_ONLY,aishell5,Eval2,learned,cap224_compression_abstention_minus_raw448,deletion_anchor_not_recommended_policy,A5E2_008,raw448,cap224_compression_abstention,raw_cfg_low_packet_gated,control_cap224_cr24_abstain_cfg_low_packet_gated,True,766,4247,13300,3318,163,9216,12697,2.989639745702849,0.1803626089004003,0.05759398496240602,1282,4247,2858,544,2421,1032,3997,0.9411349187661879,0.30186013656698846,0.44856543037088875,670,4247,2858,367,3210,1821,5398,1.271014834000471,0.15775841770661644,0.2344296710986704,516,-96,0.12149752766658817,-0.022604191193783846,0.3909714454084827,0.17683568613626438,improved,worsened
SUPPORTIVE_POST_PRIMARY_READ_ONLY,aishell5,Eval2,learned,cap224_compression_abstention_minus_raw448,deletion_anchor_not_recommended_policy,A5E2_009,raw448,cap224_compression_abstention,raw_cfg_low_packet_gated,control_cap224_cr24_abstain_cfg_low_packet_gated,True,220,3072,6657,2845,7,3592,6444,2.09765625,0.07161458333333333,0.03304791948325071,555,3072,1697,738,1779,404,2921,0.9508463541666666,0.1806640625,0.3270477312905127,158,3072,1697,1058,1856,481,3395,1.1051432291666667,0.051432291666666664,0.09310548025928109,335,-62,0.10904947916666667,-0.020182291666666664,0.293999811807262,0.060057560776030375,improved,worsened
SUPPORTIVE_POST_PRIMARY_READ_ONLY,aishell5,Eval2,learned,cap224_compression_abstention_minus_raw448,deletion_anchor_not_recommended_policy,A5E2_010,raw448,cap224_compression_abstention,raw_cfg_low_packet_gated,control_cap224_cr24_abstain_cfg_low_packet_gated,True,614,4241,9458,3430,197,5414,9041,2.131808535722707,0.1447771751945296,0.06491858743920491,1184,4241,2958,577,2480,1197,4254,1.003065314784249,0.279179438811601,0.4002704530087897,776,4241,2958,315,3150,1867,5332,1.2572506484319736,0.18297571327517095,0.2623394185260311,570,162,0.13440226361707142,0.03819853808064136,0.3353518655695848,0.19742083108682618,improved,improved
SUPPORTIVE_POST_PRIMARY_READ_ONLY,aishell5,Eval2,learned,cap224_compression_abstention_minus_raw448,deletion_anchor_not_recommended_policy,A5E2_011,raw448,cap224_compression_abstention,raw_cfg_low_packet_gated,control_cap224_cr24_abstain_cfg_low_packet_gated,False,560,3330,10302,2565,205,7177,9947,2.987087087087087,0.16816816816816818,0.054358377014172,765,3330,2113,607,1958,741,3306,0.9927927927927928,0.22972972972972974,0.36204448651206816,765,3330,2113,607,1958,741,3306,0.9927927927927928,0.22972972972972974,0.36204448651206816,205,205,0.06156156156156156,0.06156156156156156,0.30768610949789615,0.30768610949789615,improved,improved
SUPPORTIVE_POST_PRIMARY_READ_ONLY,aishell5,Eval2,learned,cap224_compression_abstention_minus_raw448,deletion_anchor_not_recommended_policy,A5E2_012,raw448,cap224_compression_abstention,raw_cfg_low_packet_gated,control_cap224_cr24_abstain_cfg_low_packet_gated,False,641,3770,9609,3025,104,5943,9072,2.406366047745358,0.170026525198939,0.06670829430742013,598,3770,1556,701,2471,257,3429,0.9095490716180371,0.15862068965517243,0.38431876606683807,598,3770,1556,701,2471,257,3429,0.9095490716180371,0.15862068965517243,0.38431876606683807,-43,-43,-0.011405835543766563,-0.011405835543766563,0.3176104717594179,0.3176104717594179,worsened,worsened
SUPPORTIVE_POST_PRIMARY_READ_ONLY,aishell5,Eval2,learned,cap224_compression_abstention_minus_raw448,deletion_anchor_not_recommended_policy,A5E2_013,raw448,cap224_compression_abstention,raw_cfg_low_packet_gated,control_cap224_cr24_abstain_cfg_low_packet_gated,False,1046,3524,10329,1979,499,7304,9782,2.775822928490352,0.29682179341657206,0.10126827379223545,1337,3524,3084,655,1532,1092,3279,0.9304767309875142,0.3793984108967083,0.4335278858625162,1337,3524,3084,655,1532,1092,3279,0.9304767309875142,0.3793984108967083,0.4335278858625162,291,291,0.08257661748013623,0.08257661748013623,0.33225961207028076,0.33225961207028076,improved,improved
SUPPORTIVE_POST_PRIMARY_READ_ONLY,aishell5,Eval2,learned,cap224_compression_abstention_minus_raw448,deletion_anchor_not_recommended_policy,A5E2_014,raw448,cap224_compression_abstention,raw_cfg_low_packet_gated,control_cap224_cr24_abstain_cfg_low_packet_gated,False,776,4028,11906,3042,210,8088,11340,2.8152929493545185,0.1926514399205561,0.06517722156895683,880,4028,2575,1011,2137,684,3832,0.9513406156901688,0.21847070506454816,0.341747572815534,880,4028,2575,1011,2137,684,3832,0.9513406156901688,0.21847070506454816,0.341747572815534,104,104,0.02581926514399205,0.02581926514399205,0.27657035124657714,0.27657035124657714,improved,improved
SUPPORTIVE_POST_PRIMARY_READ_ONLY,aishell5,Eval2,learned,cap224_compression_abstention_minus_raw448,deletion_anchor_not_recommended_policy,A5E2_015,raw448,cap224_compression_abstention,raw_cfg_low_packet_gated,control_cap224_cr24_abstain_cfg_low_packet_gated,False,898,3216,9177,2006,312,6273,8591,2.6713308457711444,0.27922885572139305,0.09785332897461044,834,3216,2201,611,1771,756,3138,0.9757462686567164,0.2593283582089552,0.37891867333030443,834,3216,2201,611,1771,756,3138,0.9757462686567164,0.2593283582089552,0.37891867333030443,-64,-64,-0.01990049751243783,-0.01990049751243783,0.28106534435569397,0.28106534435569397,worsened,worsened
SUPPORTIVE_POST_PRIMARY_READ_ONLY,aishell5,Eval2,learned,cap224_compression_abstention_minus_raw448,deletion_anchor_not_recommended_policy,A5E2_016,raw448,cap224_compression_abstention,raw_cfg_low_packet_gated,control_cap224_cr24_abstain_cfg_low_packet_gated,True,359,2629,7893,2166,104,5368,7638,2.905287181437809,0.13655382274629135,0.045483339668060306,514,2629,2049,894,1221,641,2756,1.0483073411943704,0.19551160136934195,0.25085407515861396,563,2629,2049,689,1377,797,2863,1.0890072270825408,0.21414986686953214,0.27476817959980476,155,204,0.0589577786230506,0.07759604412324078,0.20537073549055365,0.22928483993174445,improved,improved
SUPPORTIVE_POST_PRIMARY_READ_ONLY,aishell5,Eval2,learned,cap224_compression_abstention_minus_raw448,deletion_anchor_not_recommended_policy,A5E2_017,raw448,cap224_compression_abstention,raw_cfg_low_packet_gated,control_cap224_cr24_abstain_cfg_low_packet_gated,False,667,3154,10134,2287,200,7180,9667,3.064996829422955,0.21147748890298035,0.0658180382869548,750,3154,2000,568,1836,682,3086,0.9784400760938491,0.23779327837666456,0.375,750,3154,2000,568,1836,682,3086,0.9784400760938491,0.23779327837666456,0.375,83,83,0.02631578947368421,0.02631578947368421,0.3091819617130452,0.3091819617130452,improved,improved
SUPPORTIVE_POST_PRIMARY_READ_ONLY,aishell5,Eval2,learned,cap224_compression_abstention_minus_raw448,deletion_anchor_not_recommended_policy,A5E2_018,raw448,cap224_compression_abstention,raw_cfg_low_packet_gated,control_cap224_cr24_abstain_cfg_low_packet_gated,True,1108,4144,11850,2497,539,8245,11281,2.722249034749035,0.2673745173745174,0.09350210970464135,1310,4144,3212,1148,1686,754,3588,0.8658301158301158,0.3161196911196911,0.4078455790784558,1472,4144,3212,822,1850,918,3590,0.8663127413127413,0.3552123552123552,0.45828144458281445,202,364,0.04874517374517373,0.08783783783783783,0.31434346937381447,0.3647793348781731,improved,improved
SUPPORTIVE_POST_PRIMARY_READ_ONLY,aishell5,Eval2,public,guard448_minus_raw448,original_decode_guard_effect,A5E2_001,raw448,guard448,raw_public_sortformer_v2_low_packet_gated,guarded_public_sortformer_v2_low_packet_gated,False,1396,3330,7025,997,937,4632,6566,1.9717717717717718,0.41921921921921923,0.1987188612099644,1393,3330,3588,945,992,1250,3187,0.957057057057057,0.41831831831831834,0.3882385730211817,1393,3330,3588,945,992,1250,3187,0.957057057057057,0.41831831831831834,0.3882385730211817,-3,-3,-0.0009009009009008917,-0.0009009009009008917,0.1895197118112173,0.1895197118112173,worsened,worsened
SUPPORTIVE_POST_PRIMARY_READ_ONLY,aishell5,Eval2,public,guard448_minus_raw448,original_decode_guard_effect,A5E2_002,raw448,guard448,raw_public_sortformer_v2_low_packet_gated,guarded_public_sortformer_v2_low_packet_gated,True,567,3629,10535,2924,138,7044,10106,2.7847891981262056,0.156241388812345,0.053820598006644516,660,3629,2876,1495,1474,721,3690,1.0168090383025628,0.1818682832736291,0.22948539638386647,689,3629,2876,1063,1877,1124,4064,1.1198677321576191,0.18985946541747037,0.23956884561891517,93,122,0.025626894461284105,0.03361807660512536,0.17566479837722196,0.18574824761227066,improved,improved
SUPPORTIVE_POST_PRIMARY_READ_ONLY,aishell5,Eval2,public,guard448_minus_raw448,original_decode_guard_effect,A5E2_003,raw448,guard448,raw_public_sortformer_v2_low_packet_gated,guarded_public_sortformer_v2_low_packet_gated,True,177,1784,5324,1597,10,3550,5157,2.890695067264574,0.0992152466367713,0.033245679939894815,357,1784,1683,783,644,543,1970,1.1042600896860986,0.20011210762331838,0.21212121212121213,168,1784,1683,560,1056,955,2571,1.4411434977578474,0.09417040358744394,0.09982174688057041,180,-9,0.10089686098654709,-0.005044843049327355,0.1788755321813173,0.0665760669406756,improved,worsened
SUPPORTIVE_POST_PRIMARY_READ_ONLY,aishell5,Eval2,public,guard448_minus_raw448,original_decode_guard_effect,A5E2_004,raw448,guard448,raw_public_sortformer_v2_low_packet_gated,guarded_public_sortformer_v2_low_packet_gated,True,228,3263,7644,3031,4,4385,7420,2.273980999080601,0.0698743487588109,0.029827315541601257,298,3263,1510,734,2231,478,3443,1.0551639595464297,0.09132699969353356,0.19735099337748344,221,3263,1510,645,2397,644,3686,1.1296353049341097,0.06772908366533864,0.14635761589403973,70,-7,0.02145265093472265,-0.002145265093472265,0.16752367783588218,0.11653030035243847,improved,worsened
SUPPORTIVE_POST_PRIMARY_READ_ONLY,aishell5,Eval2,public,guard448_minus_raw448,original_decode_guard_effect,A5E2_005,raw448,guard448,raw_public_sortformer_v2_low_packet_gated,guarded_public_sortformer_v2_low_packet_gated,False,984,4472,11262,3143,345,7135,10623,2.375447227191413,0.22003577817531306,0.08737346830047948,1202,4472,2941,1137,2133,602,3872,0.8658318425760286,0.268783542039356,0.4087045222713363,1202,4472,2941,1137,2133,602,3872,0.8658318425760286,0.268783542039356,0.4087045222713363,218,218,0.04874776386404295,0.04874776386404295,0.3213310539708568,0.3213310539708568,improved,improved
SUPPORTIVE_POST_PRIMARY_READ_ONLY,aishell5,Eval2,public,guard448_minus_raw448,original_decode_guard_effect,A5E2_006,raw448,guard448,raw_public_sortformer_v2_low_packet_gated,guarded_public_sortformer_v2_low_packet_gated,False,726,3788,15878,2767,295,12385,15447,4.077877507919746,0.19165786694825765,0.045723642776168284,796,3788,3646,1359,1633,1491,4483,1.1834741288278776,0.21013727560718057,0.21832144816236973,796,3788,3646,1359,1633,1491,4483,1.1834741288278776,0.21013727560718057,0.21832144816236973,70,70,0.01847940865892292,0.01847940865892292,0.17259780538620145,0.17259780538620145,improved,improved
SUPPORTIVE_POST_PRIMARY_READ_ONLY,aishell5,Eval2,public,guard448_minus_raw448,original_decode_guard_effect,A5E2_007,raw448,guard448,raw_public_sortformer_v2_low_packet_gated,guarded_public_sortformer_v2_low_packet_gated,True,487,2666,7549,2061,118,5001,7180,2.6931732933233308,0.18267066766691673,0.06451185587495033,505,2666,2145,954,1207,686,2847,1.0678919729932483,0.18942235558889722,0.23543123543123542,525,2666,2145,835,1306,785,2926,1.0975243810952737,0.19692423105776444,0.24475524475524477,18,38,0.006751687921980498,0.014253563390847712,0.1709193795562851,0.18024338888029445,improved,improved
SUPPORTIVE_POST_PRIMARY_READ_ONLY,aishell5,Eval2,public,guard448_minus_raw448,original_decode_guard_effect,A5E2_008,raw448,guard448,raw_public_sortformer_v2_low_packet_gated,guarded_public_sortformer_v2_low_packet_gated,False,1176,4247,12633,2773,298,8684,11755,2.767836119613845,0.27690134212385215,0.09308952742816433,1369,4247,3843,699,2179,1775,4653,1.095596891923711,0.32234518483635505,0.356232110330471,1369,4247,3843,699,2179,1775,4653,1.095596891923711,0.32234518483635505,0.356232110330471,193,193,0.0454438427125029,0.0454438427125029,0.26314258290230663,0.26314258290230663,improved,improved
SUPPORTIVE_POST_PRIMARY_READ_ONLY,aishell5,Eval2,public,guard448_minus_raw448,original_decode_guard_effect,A5E2_009,raw448,guard448,raw_public_sortformer_v2_low_packet_gated,guarded_public_sortformer_v2_low_packet_gated,True,522,3072,5587,2210,340,2855,5405,1.7594401041666667,0.169921875,0.09343117952389475,613,3072,1793,843,1616,337,2796,0.91015625,0.19954427083333334,0.3418851087562744,556,3072,1793,737,1779,500,3016,0.9817708333333334,0.18098958333333334,0.3100948131622978,91,34,0.029622395833333343,0.011067708333333343,0.2484539292323797,0.21666363363840307,improved,improved
SUPPORTIVE_POST_PRIMARY_READ_ONLY,aishell5,Eval2,public,guard448_minus_raw448,original_decode_guard_effect,A5E2_010,raw448,guard448,raw_public_sortformer_v2_low_packet_gated,guarded_public_sortformer_v2_low_packet_gated,True,724,4241,11257,3173,344,7360,10877,2.5647253006366424,0.17071445413817496,0.06431553699920049,1311,4241,3640,716,2214,1613,4543,1.0712096203725536,0.3091252063192643,0.36016483516483516,857,4241,3640,704,2680,2079,5463,1.288139589719406,0.20207498231549162,0.23543956043956044,587,133,0.13841075218108936,0.03136052817731666,0.29584929816563466,0.17112402344035993,improved,improved
SUPPORTIVE_POST_PRIMARY_READ_ONLY,aishell5,Eval2,public,guard448_minus_raw448,original_decode_guard_effect,A5E2_011,raw448,guard448,raw_public_sortformer_v2_low_packet_gated,guarded_public_sortformer_v2_low_packet_gated,True,342,3330,7833,2941,47,4550,7538,2.263663663663664,0.10270270270270271,0.043661432401378784,813,3330,2357,602,1915,942,3459,1.0387387387387388,0.24414414414414415,0.34492999575731864,643,3330,2357,929,1758,785,3472,1.0426426426426427,0.19309309309309308,0.2728044123886296,471,301,0.14144144144144144,0.09039039039039037,0.3012685633559399,0.22914297998725083,improved,improved
SUPPORTIVE_POST_PRIMARY_READ_ONLY,aishell5,Eval2,public,guard448_minus_raw448,original_decode_guard_effect,A5E2_012,raw448,guard448,raw_public_sortformer_v2_low_packet_gated,guarded_public_sortformer_v2_low_packet_gated,False,597,3770,8063,3001,172,4465,7638,2.0259946949602123,0.1583554376657825,0.07404191988093761,721,3770,1971,920,2129,330,3379,0.8962864721485411,0.19124668435013262,0.36580416032470825,721,3770,1971,920,2129,330,3379,0.8962864721485411,0.19124668435013262,0.36580416032470825,124,124,0.03289124668435012,0.03289124668435012,0.29176224044377064,0.29176224044377064,improved,improved
SUPPORTIVE_POST_PRIMARY_READ_ONLY,aishell5,Eval2,public,guard448_minus_raw448,original_decode_guard_effect,A5E2_013,raw448,guard448,raw_public_sortformer_v2_low_packet_gated,guarded_public_sortformer_v2_low_packet_gated,False,1092,3524,6460,1513,919,3855,6287,1.7840522133938705,0.3098751418842225,0.16904024767801856,1303,3524,3119,838,1383,978,3199,0.9077752553916004,0.36975028376844493,0.4177621032382174,1303,3524,3119,838,1383,978,3199,0.9077752553916004,0.36975028376844493,0.4177621032382174,211,211,0.05987514188422244,0.05987514188422244,0.24872185556019882,0.24872185556019882,improved,improved
SUPPORTIVE_POST_PRIMARY_READ_ONLY,aishell5,Eval2,public,guard448_minus_raw448,original_decode_guard_effect,A5E2_014,raw448,guard448,raw_public_sortformer_v2_low_packet_gated,guarded_public_sortformer_v2_low_packet_gated,True,837,4028,6788,2690,501,3261,6452,1.6017874875868918,0.20779543197616684,0.123305833824396,1331,4028,3114,648,2049,1135,3832,0.9513406156901688,0.3304369414101291,0.42742453436095057,1200,4028,3114,889,1939,1025,3853,0.9565541211519365,0.29791459781529295,0.3853564547206166,494,363,0.12264150943396224,0.0901191658391261,0.30411870053655454,0.26205062089622055,improved,improved
SUPPORTIVE_POST_PRIMARY_READ_ONLY,aishell5,Eval2,public,guard448_minus_raw448,original_decode_guard_effect,A5E2_015,raw448,guard448,raw_public_sortformer_v2_low_packet_gated,guarded_public_sortformer_v2_low_packet_gated,False,743,3216,8001,2281,192,4977,7450,2.316542288557214,0.2310323383084577,0.0928633920759905,941,3216,2504,728,1547,835,3110,0.9670398009950248,0.29259950248756217,0.3757987220447284,941,3216,2504,728,1547,835,3110,0.9670398009950248,0.29259950248756217,0.3757987220447284,198,198,0.06156716417910446,0.06156716417910446,0.28293532996873794,0.28293532996873794,improved,improved
SUPPORTIVE_POST_PRIMARY_READ_ONLY,aishell5,Eval2,public,guard448_minus_raw448,original_decode_guard_effect,A5E2_016,raw448,guard448,raw_public_sortformer_v2_low_packet_gated,guarded_public_sortformer_v2_low_packet_gated,True,344,2629,7327,2220,65,4763,7048,2.6808672499049067,0.1308482312666413,0.046949638324007094,551,2629,2656,1122,956,983,3061,1.1643210346139217,0.20958539368581208,0.20745481927710843,601,2629,2656,855,1173,1200,3228,1.2278432864206923,0.2286040319513123,0.22628012048192772,207,257,0.07873716241917078,0.09775580068467099,0.16050518095310135,0.17933048215792063,improved,improved
SUPPORTIVE_POST_PRIMARY_READ_ONLY,aishell5,Eval2,public,guard448_minus_raw448,original_decode_guard_effect,A5E2_017,raw448,guard448,raw_public_sortformer_v2_low_packet_gated,guarded_public_sortformer_v2_low_packet_gated,False,621,3154,8020,2294,239,5105,7638,2.4216867469879517,0.19689283449587824,0.07743142144638404,811,3154,2466,759,1584,896,3239,1.0269499048826887,0.25713379835129996,0.3288726682887267,811,3154,2466,759,1584,896,3239,1.0269499048826887,0.25713379835129996,0.3288726682887267,190,190,0.060240963855421714,0.060240963855421714,0.25144124684234265,0.25144124684234265,improved,improved
SUPPORTIVE_POST_PRIMARY_READ_ONLY,aishell5,Eval2,public,guard448_minus_raw448,original_decode_guard_effect,A5E2_018,raw448,guard448,raw_public_sortformer_v2_low_packet_gated,guarded_public_sortformer_v2_low_packet_gated,False,1392,4144,10958,1913,839,7653,10405,2.5108590733590734,0.3359073359073359,0.1270304800146012,1574,4144,4708,1131,1439,2003,4573,1.103523166023166,0.3798262548262548,0.3343245539507222,1574,4144,4708,1131,1439,2003,4573,1.103523166023166,0.3798262548262548,0.3343245539507222,182,182,0.043918918918918914,0.043918918918918914,0.20729407393612098,0.20729407393612098,improved,improved
SUPPORTIVE_POST_PRIMARY_READ_ONLY,aishell5,Eval2,public,cap224_minus_raw448,decoder_cap_stage,A5E2_001,raw448,cap224,raw_public_sortformer_v2_low_packet_gated,control_cap224_public_sortformer_v2_low_packet_gated,False,1396,3330,7025,997,937,4632,6566,1.9717717717717718,0.41921921921921923,0.1987188612099644,1394,3330,5152,984,952,2774,4710,1.4144144144144144,0.4186186186186186,0.2705745341614907,1394,3330,5152,984,952,2774,4710,1.4144144144144144,0.4186186186186186,0.2705745341614907,-2,-2,-0.0006006006006006315,-0.0006006006006006315,0.07185567295152628,0.07185567295152628,worsened,worsened
SUPPORTIVE_POST_PRIMARY_READ_ONLY,aishell5,Eval2,public,cap224_minus_raw448,decoder_cap_stage,A5E2_002,raw448,cap224,raw_public_sortformer_v2_low_packet_gated,control_cap224_public_sortformer_v2_low_packet_gated,False,567,3629,10535,2924,138,7044,10106,2.7847891981262056,0.156241388812345,0.053820598006644516,507,3629,6471,2903,219,3061,6183,1.7037751446679525,0.13970790851474235,0.07834955957348169,507,3629,6471,2903,219,3061,6183,1.7037751446679525,0.13970790851474235,0.07834955957348169,-60,-60,-0.016533480297602654,-0.016533480297602654,0.024528961566837176,0.024528961566837176,worsened,worsened
SUPPORTIVE_POST_PRIMARY_READ_ONLY,aishell5,Eval2,public,cap224_minus_raw448,decoder_cap_stage,A5E2_003,raw448,cap224,raw_public_sortformer_v2_low_packet_gated,control_cap224_public_sortformer_v2_low_packet_gated,True,177,1784,5324,1597,10,3550,5157,2.890695067264574,0.0992152466367713,0.033245679939894815,152,1784,3415,1621,11,1642,3274,1.8352017937219731,0.08520179372197309,0.0445095168374817,139,1784,3415,1639,6,1637,3282,1.8396860986547086,0.07791479820627803,0.04070278184480234,-25,-38,-0.014013452914798205,-0.021300448430493266,0.011263836897586886,0.007457101904907525,worsened,worsened
SUPPORTIVE_POST_PRIMARY_READ_ONLY,aishell5,Eval2,public,cap224_minus_raw448,decoder_cap_stage,A5E2_004,raw448,cap224,raw_public_sortformer_v2_low_packet_gated,control_cap224_public_sortformer_v2_low_packet_gated,False,228,3263,7644,3031,4,4385,7420,2.273980999080601,0.0698743487588109,0.029827315541601257,119,3263,4425,2977,167,1329,4473,1.3708243947287773,0.0364695065890285,0.02689265536723164,119,3263,4425,2977,167,1329,4473,1.3708243947287773,0.0364695065890285,0.02689265536723164,-109,-109,-0.03340484216978241,-0.03340484216978241,-0.002934660174369618,-0.002934660174369618,worsened,worsened
SUPPORTIVE_POST_PRIMARY_READ_ONLY,aishell5,Eval2,public,cap224_minus_raw448,decoder_cap_stage,A5E2_005,raw448,cap224,raw_public_sortformer_v2_low_packet_gated,control_cap224_public_sortformer_v2_low_packet_gated,False,984,4472,11262,3143,345,7135,10623,2.375447227191413,0.22003577817531306,0.08737346830047948,750,4472,6810,3455,267,2605,6327,1.414803220035778,0.1677101967799642,0.11013215859030837,750,4472,6810,3455,267,2605,6327,1.414803220035778,0.1677101967799642,0.11013215859030837,-234,-234,-0.05232558139534885,-0.05232558139534885,0.02275869028982888,0.02275869028982888,worsened,worsened
SUPPORTIVE_POST_PRIMARY_READ_ONLY,aishell5,Eval2,public,cap224_minus_raw448,decoder_cap_stage,A5E2_006,raw448,cap224,raw_public_sortformer_v2_low_packet_gated,control_cap224_public_sortformer_v2_low_packet_gated,False,726,3788,15878,2767,295,12385,15447,4.077877507919746,0.19165786694825765,0.045723642776168284,718,3788,9395,2729,341,5948,9018,2.380675818373812,0.18954593453009505,0.07642362959020756,718,3788,9395,2729,341,5948,9018,2.380675818373812,0.18954593453009505,0.07642362959020756,-8,-8,-0.0021119324181625987,-0.0021119324181625987,0.030699986814039272,0.030699986814039272,worsened,worsened
SUPPORTIVE_POST_PRIMARY_READ_ONLY,aishell5,Eval2,public,cap224_minus_raw448,decoder_cap_stage,A5E2_007,raw448,cap224,raw_public_sortformer_v2_low_packet_gated,control_cap224_public_sortformer_v2_low_packet_gated,False,487,2666,7549,2061,118,5001,7180,2.6931732933233308,0.18267066766691673,0.06451185587495033,459,2666,4649,2088,119,2102,4309,1.6162790697674418,0.17216804201050262,0.098730909873091,459,2666,4649,2088,119,2102,4309,1.6162790697674418,0.17216804201050262,0.098730909873091,-28,-28,-0.010502625656414105,-0.010502625656414105,0.03421905399814067,0.03421905399814067,worsened,worsened
SUPPORTIVE_POST_PRIMARY_READ_ONLY,aishell5,Eval2,public,cap224_minus_raw448,decoder_cap_stage,A5E2_008,raw448,cap224,raw_public_sortformer_v2_low_packet_gated,control_cap224_public_sortformer_v2_low_packet_gated,False,1176,4247,12633,2773,298,8684,11755,2.767836119613845,0.27690134212385215,0.09308952742816433,1026,4247,7861,2496,725,4339,7560,1.780080056510478,0.24158229338356488,0.13051774583386339,1026,4247,7861,2496,725,4339,7560,1.780080056510478,0.24158229338356488,0.13051774583386339,-150,-150,-0.03531904874028727,-0.03531904874028727,0.03742821840569906,0.03742821840569906,worsened,worsened
SUPPORTIVE_POST_PRIMARY_READ_ONLY,aishell5,Eval2,public,cap224_minus_raw448,decoder_cap_stage,A5E2_009,raw448,cap224,raw_public_sortformer_v2_low_packet_gated,control_cap224_public_sortformer_v2_low_packet_gated,True,522,3072,5587,2210,340,2855,5405,1.7594401041666667,0.169921875,0.09343117952389475,544,3072,3594,1824,704,1226,3754,1.2220052083333333,0.17708333333333334,0.15136338341680577,537,3072,3594,1737,798,1320,3855,1.2548828125,0.1748046875,0.14941569282136896,22,15,0.007161458333333343,0.0048828125,0.057932203892911024,0.05598451329747421,improved,improved
SUPPORTIVE_POST_PRIMARY_READ_ONLY,aishell5,Eval2,public,cap224_minus_raw448,decoder_cap_stage,A5E2_010,raw448,cap224,raw_public_sortformer_v2_low_packet_gated,control_cap224_public_sortformer_v2_low_packet_gated,True,724,4241,11257,3173,344,7360,10877,2.5647253006366424,0.17071445413817496,0.06431553699920049,1184,4241,7202,1618,1439,4400,7457,1.7583117189342137,0.279179438811601,0.16439877811718967,877,4241,7202,1875,1489,4450,7814,1.84248997877859,0.20679085121433624,0.12177173007497917,460,153,0.10846498467342605,0.03607639707616128,0.10008324111798918,0.05745619307577868,improved,improved
SUPPORTIVE_POST_PRIMARY_READ_ONLY,aishell5,Eval2,public,cap224_minus_raw448,decoder_cap_stage,A5E2_011,raw448,cap224,raw_public_sortformer_v2_low_packet_gated,control_cap224_public_sortformer_v2_low_packet_gated,True,342,3330,7833,2941,47,4550,7538,2.263663663663664,0.10270270270270271,0.043661432401378784,555,3330,4787,1953,822,2279,5054,1.5177177177177177,0.16666666666666666,0.11593900146229372,556,3330,4787,1950,824,2281,5055,1.518018018018018,0.16696696696696697,0.11614790056402757,213,214,0.06396396396396395,0.06426426426426426,0.07227756906091493,0.07248646816264878,improved,improved
SUPPORTIVE_POST_PRIMARY_READ_ONLY,aishell5,Eval2,public,cap224_minus_raw448,decoder_cap_stage,A5E2_012,raw448,cap224,raw_public_sortformer_v2_low_packet_gated,control_cap224_public_sortformer_v2_low_packet_gated,False,597,3770,8063,3001,172,4465,7638,2.0259946949602123,0.1583554376657825,0.07404191988093761,601,3770,4961,2684,485,1676,4845,1.2851458885941645,0.15941644562334217,0.12114493045756904,601,3770,4961,2684,485,1676,4845,1.2851458885941645,0.15941644562334217,0.12114493045756904,4,4,0.0010610079575596731,0.0010610079575596731,0.047103010576631424,0.047103010576631424,improved,improved
SUPPORTIVE_POST_PRIMARY_READ_ONLY,aishell5,Eval2,public,cap224_minus_raw448,decoder_cap_stage,A5E2_013,raw448,cap224,raw_public_sortformer_v2_low_packet_gated,control_cap224_public_sortformer_v2_low_packet_gated,False,1092,3524,6460,1513,919,3855,6287,1.7840522133938705,0.3098751418842225,0.16904024767801856,1215,3524,4540,1151,1158,2174,4483,1.272133938706016,0.3447786606129398,0.26762114537444937,1215,3524,4540,1151,1158,2174,4483,1.272133938706016,0.3447786606129398,0.26762114537444937,123,123,0.03490351872871733,0.03490351872871733,0.0985808976964308,0.0985808976964308,improved,improved
SUPPORTIVE_POST_PRIMARY_READ_ONLY,aishell5,Eval2,public,cap224_minus_raw448,decoder_cap_stage,A5E2_014,raw448,cap224,raw_public_sortformer_v2_low_packet_gated,control_cap224_public_sortformer_v2_low_packet_gated,False,837,4028,6788,2690,501,3261,6452,1.6017874875868918,0.20779543197616684,0.123305833824396,1092,4028,4765,1667,1269,2006,4942,1.2269116186693148,0.2711022840119166,0.2291710388247639,1092,4028,4765,1667,1269,2006,4942,1.2269116186693148,0.2711022840119166,0.2291710388247639,255,255,0.06330685203574976,0.06330685203574976,0.10586520500036789,0.10586520500036789,improved,improved
SUPPORTIVE_POST_PRIMARY_READ_ONLY,aishell5,Eval2,public,cap224_minus_raw448,decoder_cap_stage,A5E2_015,raw448,cap224,raw_public_sortformer_v2_low_packet_gated,control_cap224_public_sortformer_v2_low_packet_gated,False,743,3216,8001,2281,192,4977,7450,2.316542288557214,0.2310323383084577,0.0928633920759905,799,3216,5063,1955,462,2309,4726,1.4695273631840795,0.2484452736318408,0.15781157416551453,799,3216,5063,1955,462,2309,4726,1.4695273631840795,0.2484452736318408,0.15781157416551453,56,56,0.01741293532338309,0.01741293532338309,0.06494818208952403,0.06494818208952403,improved,improved
SUPPORTIVE_POST_PRIMARY_READ_ONLY,aishell5,Eval2,public,cap224_minus_raw448,decoder_cap_stage,A5E2_016,raw448,cap224,raw_public_sortformer_v2_low_packet_gated,control_cap224_public_sortformer_v2_low_packet_gated,False,344,2629,7327,2220,65,4763,7048,2.6808672499049067,0.1308482312666413,0.046949638324007094,488,2629,4889,1827,314,2574,4715,1.793457588436668,0.18562190947128185,0.0998159132746983,488,2629,4889,1827,314,2574,4715,1.793457588436668,0.18562190947128185,0.0998159132746983,144,144,0.05477367820464055,0.05477367820464055,0.052866274950691204,0.052866274950691204,improved,improved
SUPPORTIVE_POST_PRIMARY_READ_ONLY,aishell5,Eval2,public,cap224_minus_raw448,decoder_cap_stage,A5E2_017,raw448,cap224,raw_public_sortformer_v2_low_packet_gated,control_cap224_public_sortformer_v2_low_packet_gated,False,621,3154,8020,2294,239,5105,7638,2.4216867469879517,0.19689283449587824,0.07743142144638404,716,3154,5154,1749,689,2689,5127,1.6255548509828788,0.2270133164235891,0.13892122623205277,716,3154,5154,1749,689,2689,5127,1.6255548509828788,0.2270133164235891,0.13892122623205277,95,95,0.030120481927710857,0.030120481927710857,0.061489804785668734,0.061489804785668734,improved,improved
SUPPORTIVE_POST_PRIMARY_READ_ONLY,aishell5,Eval2,public,cap224_minus_raw448,decoder_cap_stage,A5E2_018,raw448,cap224,raw_public_sortformer_v2_low_packet_gated,control_cap224_public_sortformer_v2_low_packet_gated,False,1392,4144,10958,1913,839,7653,10405,2.5108590733590734,0.3359073359073359,0.1270304800146012,1538,4144,7300,1519,1087,4243,6849,1.6527509652509653,0.37113899613899615,0.2106849315068493,1538,4144,7300,1519,1087,4243,6849,1.6527509652509653,0.37113899613899615,0.2106849315068493,146,146,0.035231660231660245,0.035231660231660245,0.0836544514922481,0.0836544514922481,improved,improved
SUPPORTIVE_POST_PRIMARY_READ_ONLY,aishell5,Eval2,public,cap224_guard_minus_cap224,guard_after_cap,A5E2_001,cap224,cap224_guard,control_cap224_public_sortformer_v2_low_packet_gated,control_cap224_guarded_public_sortformer_v2_low_packet_gated,False,1394,3330,5152,984,952,2774,4710,1.4144144144144144,0.4186186186186186,0.2705745341614907,1390,3330,3568,928,1012,1250,3190,0.9579579579579579,0.4174174174174174,0.3895739910313901,1390,3330,3568,928,1012,1250,3190,0.9579579579579579,0.4174174174174174,0.3895739910313901,-4,-4,-0.0012012012012012074,-0.0012012012012012074,0.11899945686989943,0.11899945686989943,worsened,worsened
SUPPORTIVE_POST_PRIMARY_READ_ONLY,aishell5,Eval2,public,cap224_guard_minus_cap224,guard_after_cap,A5E2_002,cap224,cap224_guard,control_cap224_public_sortformer_v2_low_packet_gated,control_cap224_guarded_public_sortformer_v2_low_packet_gated,True,507,3629,6471,2903,219,3061,6183,1.7037751446679525,0.13970790851474235,0.07834955957348169,660,3629,2881,1500,1469,721,3690,1.0168090383025628,0.1818682832736291,0.2290871225269004,689,3629,2881,1061,1879,1131,4071,1.1217966381923394,0.18985946541747037,0.23915307185005208,153,182,0.04216037475888676,0.05015155690272802,0.1507375629534187,0.1608035122765704,improved,improved
SUPPORTIVE_POST_PRIMARY_READ_ONLY,aishell5,Eval2,public,cap224_guard_minus_cap224,guard_after_cap,A5E2_003,cap224,cap224_guard,control_cap224_public_sortformer_v2_low_packet_gated,control_cap224_guarded_public_sortformer_v2_low_packet_gated,True,152,1784,3415,1621,11,1642,3274,1.8352017937219731,0.08520179372197309,0.0445095168374817,357,1784,1670,778,649,535,1962,1.0997757847533631,0.20011210762331838,0.21377245508982035,163,1784,1670,900,721,607,2228,1.248878923766816,0.0913677130044843,0.09760479041916167,205,11,0.11491031390134529,0.006165919282511215,0.16926293825233865,0.05309527358167997,improved,improved
SUPPORTIVE_POST_PRIMARY_READ_ONLY,aishell5,Eval2,public,cap224_guard_minus_cap224,guard_after_cap,A5E2_004,cap224,cap224_guard,control_cap224_public_sortformer_v2_low_packet_gated,control_cap224_guarded_public_sortformer_v2_low_packet_gated,True,119,3263,4425,2977,167,1329,4473,1.3708243947287773,0.0364695065890285,0.02689265536723164,300,3263,1515,737,2226,478,3441,1.0545510266625804,0.09193993257738278,0.19801980198019803,221,3263,1515,646,2396,648,3690,1.1308611707018081,0.06772908366533864,0.14587458745874587,181,102,0.055470425988354284,0.03125957707631014,0.17112714661296638,0.11898193209151424,improved,improved
SUPPORTIVE_POST_PRIMARY_READ_ONLY,aishell5,Eval2,public,cap224_guard_minus_cap224,guard_after_cap,A5E2_005,cap224,cap224_guard,control_cap224_public_sortformer_v2_low_packet_gated,control_cap224_guarded_public_sortformer_v2_low_packet_gated,False,750,4472,6810,3455,267,2605,6327,1.414803220035778,0.1677101967799642,0.11013215859030837,1201,4472,2933,1134,2137,598,3869,0.8651610017889088,0.2685599284436494,0.4094783498124787,1201,4472,2933,1134,2137,598,3869,0.8651610017889088,0.2685599284436494,0.4094783498124787,451,451,0.10084973166368519,0.10084973166368519,0.2993461912221703,0.2993461912221703,improved,improved
SUPPORTIVE_POST_PRIMARY_READ_ONLY,aishell5,Eval2,public,cap224_guard_minus_cap224,guard_after_cap,A5E2_006,cap224,cap224_guard,control_cap224_public_sortformer_v2_low_packet_gated,control_cap224_guarded_public_sortformer_v2_low_packet_gated,False,718,3788,9395,2729,341,5948,9018,2.380675818373812,0.18954593453009505,0.07642362959020756,795,3788,3590,1361,1632,1434,4427,1.1686906019007393,0.20987328405491024,0.2214484679665738,795,3788,3590,1361,1632,1434,4427,1.1686906019007393,0.20987328405491024,0.2214484679665738,77,77,0.020327349524815186,0.020327349524815186,0.14502483837636626,0.14502483837636626,improved,improved
SUPPORTIVE_POST_PRIMARY_READ_ONLY,aishell5,Eval2,public,cap224_guard_minus_cap224,guard_after_cap,A5E2_007,cap224,cap224_guard,control_cap224_public_sortformer_v2_low_packet_gated,control_cap224_guarded_public_sortformer_v2_low_packet_gated,True,459,2666,4649,2088,119,2102,4309,1.6162790697674418,0.17216804201050262,0.098730909873091,507,2666,2153,956,1203,690,2849,1.068642160540135,0.19017254313578394,0.23548536925220623,526,2666,2153,846,1294,781,2921,1.095648912228057,0.1972993248312078,0.24431026474686485,48,67,0.01800450112528132,0.025131282820705175,0.13675445937911523,0.14557935487377385,improved,improved
SUPPORTIVE_POST_PRIMARY_READ_ONLY,aishell5,Eval2,public,cap224_guard_minus_cap224,guard_after_cap,A5E2_008,cap224,cap224_guard,control_cap224_public_sortformer_v2_low_packet_gated,control_cap224_guarded_public_sortformer_v2_low_packet_gated,False,1026,4247,7861,2496,725,4339,7560,1.780080056510478,0.24158229338356488,0.13051774583386339,1395,4247,3779,620,2232,1764,4616,1.0868848599011067,0.3284671532846715,0.3691452765281821,1395,4247,3779,620,2232,1764,4616,1.0868848599011067,0.3284671532846715,0.3691452765281821,369,369,0.08688485990110664,0.08688485990110664,0.2386275306943187,0.2386275306943187,improved,improved
SUPPORTIVE_POST_PRIMARY_READ_ONLY,aishell5,Eval2,public,cap224_guard_minus_cap224,guard_after_cap,A5E2_009,cap224,cap224_guard,control_cap224_public_sortformer_v2_low_packet_gated,control_cap224_guarded_public_sortformer_v2_low_packet_gated,False,544,3072,3594,1824,704,1226,3754,1.2220052083333333,0.17708333333333334,0.15136338341680577,613,3072,1799,849,1610,337,2796,0.91015625,0.19954427083333334,0.3407448582545859,613,3072,1799,849,1610,337,2796,0.91015625,0.19954427083333334,0.3407448582545859,69,69,0.0224609375,0.0224609375,0.18938147483778012,0.18938147483778012,improved,improved
SUPPORTIVE_POST_PRIMARY_READ_ONLY,aishell5,Eval2,public,cap224_guard_minus_cap224,guard_after_cap,A5E2_010,cap224,cap224_guard,control_cap224_public_sortformer_v2_low_packet_gated,control_cap224_guarded_public_sortformer_v2_low_packet_gated,False,1184,4241,7202,1618,1439,4400,7457,1.7583117189342137,0.279179438811601,0.16439877811718967,1309,4241,3636,715,2217,1612,4544,1.0714454138174958,0.30865361942937986,0.36001100110011003,1309,4241,3636,715,2217,1612,4544,1.0714454138174958,0.30865361942937986,0.36001100110011003,125,125,0.029474180617778845,0.029474180617778845,0.19561222298292036,0.19561222298292036,improved,improved
SUPPORTIVE_POST_PRIMARY_READ_ONLY,aishell5,Eval2,public,cap224_guard_minus_cap224,guard_after_cap,A5E2_011,cap224,cap224_guard,control_cap224_public_sortformer_v2_low_packet_gated,control_cap224_guarded_public_sortformer_v2_low_packet_gated,True,555,3330,4787,1953,822,2279,5054,1.5177177177177177,0.16666666666666666,0.11593900146229372,813,3330,2333,602,1915,918,3435,1.0315315315315314,0.24414414414414415,0.34847835405057864,621,3330,2333,754,1955,958,3667,1.1012012012012011,0.1864864864864865,0.26618088298328335,258,66,0.07747747747747749,0.01981981981981984,0.23253935258828493,0.15024188152098963,improved,improved
SUPPORTIVE_POST_PRIMARY_READ_ONLY,aishell5,Eval2,public,cap224_guard_minus_cap224,guard_after_cap,A5E2_012,cap224,cap224_guard,control_cap224_public_sortformer_v2_low_packet_gated,control_cap224_guarded_public_sortformer_v2_low_packet_gated,False,601,3770,4961,2684,485,1676,4845,1.2851458885941645,0.15941644562334217,0.12114493045756904,722,3770,1975,923,2125,330,3378,0.8960212201591512,0.19151193633952254,0.3655696202531646,722,3770,1975,923,2125,330,3378,0.8960212201591512,0.19151193633952254,0.3655696202531646,121,121,0.03209549071618037,0.03209549071618037,0.24442468979559556,0.24442468979559556,improved,improved
SUPPORTIVE_POST_PRIMARY_READ_ONLY,aishell5,Eval2,public,cap224_guard_minus_cap224,guard_after_cap,A5E2_013,cap224,cap224_guard,control_cap224_public_sortformer_v2_low_packet_gated,control_cap224_guarded_public_sortformer_v2_low_packet_gated,False,1215,3524,4540,1151,1158,2174,4483,1.272133938706016,0.3447786606129398,0.26762114537444937,1292,3524,2886,853,1379,741,2973,0.8436435868331441,0.36662883087400683,0.44767844767844767,1292,3524,2886,853,1379,741,2973,0.8436435868331441,0.36662883087400683,0.44767844767844767,77,77,0.021850170261067003,0.021850170261067003,0.1800573023039983,0.1800573023039983,improved,improved
SUPPORTIVE_POST_PRIMARY_READ_ONLY,aishell5,Eval2,public,cap224_guard_minus_cap224,guard_after_cap,A5E2_014,cap224,cap224_guard,control_cap224_public_sortformer_v2_low_packet_gated,control_cap224_guarded_public_sortformer_v2_low_packet_gated,True,1092,4028,4765,1667,1269,2006,4942,1.2269116186693148,0.2711022840119166,0.2291710388247639,1331,4028,3119,648,2049,1140,3837,0.9525819265143992,0.3304369414101291,0.42673933953190124,1200,4028,3119,889,1939,1030,3858,0.9577954319761668,0.29791459781529295,0.3847386983007374,239,108,0.059334657398212476,0.026812313803376342,0.19756830070713735,0.15556765947597354,improved,improved
SUPPORTIVE_POST_PRIMARY_READ_ONLY,aishell5,Eval2,public,cap224_guard_minus_cap224,guard_after_cap,A5E2_015,cap224,cap224_guard,control_cap224_public_sortformer_v2_low_packet_gated,control_cap224_guarded_public_sortformer_v2_low_packet_gated,False,799,3216,5063,1955,462,2309,4726,1.4695273631840795,0.2484452736318408,0.15781157416551453,933,3216,2419,721,1562,765,3048,0.9477611940298507,0.29011194029850745,0.38569656883009507,933,3216,2419,721,1562,765,3048,0.9477611940298507,0.29011194029850745,0.38569656883009507,134,134,0.04166666666666666,0.04166666666666666,0.22788499466458054,0.22788499466458054,improved,improved
SUPPORTIVE_POST_PRIMARY_READ_ONLY,aishell5,Eval2,public,cap224_guard_minus_cap224,guard_after_cap,A5E2_016,cap224,cap224_guard,control_cap224_public_sortformer_v2_low_packet_gated,control_cap224_guarded_public_sortformer_v2_low_packet_gated,True,488,2629,4889,1827,314,2574,4715,1.793457588436668,0.18562190947128185,0.0998159132746983,551,2629,2651,1119,959,981,3059,1.1635602890833017,0.20958539368581208,0.20784609581290078,601,2629,2651,855,1173,1195,3223,1.2259414225941423,0.2286040319513123,0.22670690305545077,63,113,0.023963484214530234,0.042982122480030444,0.10803018253820248,0.12689098978075247,improved,improved
SUPPORTIVE_POST_PRIMARY_READ_ONLY,aishell5,Eval2,public,cap224_guard_minus_cap224,guard_after_cap,A5E2_017,cap224,cap224_guard,control_cap224_public_sortformer_v2_low_packet_gated,control_cap224_guarded_public_sortformer_v2_low_packet_gated,False,716,3154,5154,1749,689,2689,5127,1.6255548509828788,0.2270133164235891,0.13892122623205277,813,3154,2452,751,1590,888,3229,1.0237793278376666,0.2577679137603044,0.3315660685154976,813,3154,2452,751,1590,888,3229,1.0237793278376666,0.2577679137603044,0.3315660685154976,97,97,0.03075459733671529,0.03075459733671529,0.1926448422834448,0.1926448422834448,improved,improved
SUPPORTIVE_POST_PRIMARY_READ_ONLY,aishell5,Eval2,public,cap224_guard_minus_cap224,guard_after_cap,A5E2_018,cap224,cap224_guard,control_cap224_public_sortformer_v2_low_packet_gated,control_cap224_guarded_public_sortformer_v2_low_packet_gated,False,1538,4144,7300,1519,1087,4243,6849,1.6527509652509653,0.37113899613899615,0.2106849315068493,1574,4144,4393,1131,1439,1688,4258,1.0275096525096525,0.3798262548262548,0.3582972911450034,1574,4144,4393,1131,1439,1688,4258,1.0275096525096525,0.3798262548262548,0.3582972911450034,36,36,0.00868725868725867,0.00868725868725867,0.1476123596381541,0.1476123596381541,improved,improved
SUPPORTIVE_POST_PRIMARY_READ_ONLY,aishell5,Eval2,public,cap224_fallback_minus_cap224,fallback_stage,A5E2_001,cap224,cap224_fallback,control_cap224_public_sortformer_v2_low_packet_gated,control_cap224_fallback_public_sortformer_v2_low_packet_gated,False,1394,3330,5152,984,952,2774,4710,1.4144144144144144,0.4186186186186186,0.2705745341614907,1426,3330,3944,938,966,1580,3484,1.0462462462462463,0.4282282282282282,0.36156186612576063,1426,3330,3944,938,966,1580,3484,1.0462462462462463,0.4282282282282282,0.36156186612576063,32,32,0.009609609609609604,0.009609609609609604,0.09098733196426995,0.09098733196426995,improved,improved
SUPPORTIVE_POST_PRIMARY_READ_ONLY,aishell5,Eval2,public,cap224_fallback_minus_cap224,fallback_stage,A5E2_002,cap224,cap224_fallback,control_cap224_public_sortformer_v2_low_packet_gated,control_cap224_fallback_public_sortformer_v2_low_packet_gated,True,507,3629,6471,2903,219,3061,6183,1.7037751446679525,0.13970790851474235,0.07834955957348169,646,3629,3959,2056,927,1257,4240,1.1683659410305869,0.17801047120418848,0.16317251831270524,696,3629,3959,1320,1613,1943,4876,1.343620832185175,0.1917883714521907,0.17580197019449356,139,189,0.038302562689446124,0.052080462937448335,0.08482295873922355,0.09745241062101187,improved,improved
SUPPORTIVE_POST_PRIMARY_READ_ONLY,aishell5,Eval2,public,cap224_fallback_minus_cap224,fallback_stage,A5E2_003,cap224,cap224_fallback,control_cap224_public_sortformer_v2_low_packet_gated,control_cap224_fallback_public_sortformer_v2_low_packet_gated,True,152,1784,3415,1621,11,1642,3274,1.8352017937219731,0.08520179372197309,0.0445095168374817,338,1784,2087,1023,423,726,2172,1.2174887892376682,0.18946188340807174,0.16195495927168185,170,1784,2087,1120,494,797,2411,1.3514573991031391,0.0952914798206278,0.08145663632007666,186,18,0.10426008968609865,0.01008968609865471,0.11744544243420016,0.03694711948259496,improved,improved
SUPPORTIVE_POST_PRIMARY_READ_ONLY,aishell5,Eval2,public,cap224_fallback_minus_cap224,fallback_stage,A5E2_004,cap224,cap224_fallback,control_cap224_public_sortformer_v2_low_packet_gated,control_cap224_fallback_public_sortformer_v2_low_packet_gated,True,119,3263,4425,2977,167,1329,4473,1.3708243947287773,0.0364695065890285,0.02689265536723164,325,3263,1485,761,2177,399,3337,1.022678516702421,0.099601593625498,0.21885521885521886,201,3263,1485,514,2548,770,3832,1.1743794054551027,0.06159975482684646,0.13535353535353536,206,82,0.0631320870364695,0.02513024823781796,0.1919625634879872,0.10846087998630373,improved,improved
SUPPORTIVE_POST_PRIMARY_READ_ONLY,aishell5,Eval2,public,cap224_fallback_minus_cap224,fallback_stage,A5E2_005,cap224,cap224_fallback,control_cap224_public_sortformer_v2_low_packet_gated,control_cap224_fallback_public_sortformer_v2_low_packet_gated,False,750,4472,6810,3455,267,2605,6327,1.414803220035778,0.1677101967799642,0.11013215859030837,1296,4472,3072,1287,1889,489,3665,0.8195438282647585,0.2898032200357782,0.421875,1296,4472,3072,1287,1889,489,3665,0.8195438282647585,0.2898032200357782,0.421875,546,546,0.12209302325581398,0.12209302325581398,0.31174284140969166,0.31174284140969166,improved,improved
SUPPORTIVE_POST_PRIMARY_READ_ONLY,aishell5,Eval2,public,cap224_fallback_minus_cap224,fallback_stage,A5E2_006,cap224,cap224_fallback,control_cap224_public_sortformer_v2_low_packet_gated,control_cap224_fallback_public_sortformer_v2_low_packet_gated,False,718,3788,9395,2729,341,5948,9018,2.380675818373812,0.18954593453009505,0.07642362959020756,827,3788,4100,1563,1398,1710,4671,1.233104540654699,0.21832101372756071,0.20170731707317074,827,3788,4100,1563,1398,1710,4671,1.233104540654699,0.21832101372756071,0.20170731707317074,109,109,0.028775079197465664,0.028775079197465664,0.1252836874829632,0.1252836874829632,improved,improved
SUPPORTIVE_POST_PRIMARY_READ_ONLY,aishell5,Eval2,public,cap224_fallback_minus_cap224,fallback_stage,A5E2_007,cap224,cap224_fallback,control_cap224_public_sortformer_v2_low_packet_gated,control_cap224_fallback_public_sortformer_v2_low_packet_gated,True,459,2666,4649,2088,119,2102,4309,1.6162790697674418,0.17216804201050262,0.098730909873091,576,2666,2495,1151,939,768,2858,1.0720180045011254,0.21605401350337583,0.2308617234468938,587,2666,2495,927,1152,981,3060,1.1477869467366841,0.22018004501125282,0.23527054108216433,117,128,0.04388597149287321,0.0480120030007502,0.1321308135738028,0.13653963120907334,improved,improved
SUPPORTIVE_POST_PRIMARY_READ_ONLY,aishell5,Eval2,public,cap224_fallback_minus_cap224,fallback_stage,A5E2_008,cap224,cap224_fallback,control_cap224_public_sortformer_v2_low_packet_gated,control_cap224_fallback_public_sortformer_v2_low_packet_gated,False,1026,4247,7861,2496,725,4339,7560,1.780080056510478,0.24158229338356488,0.13051774583386339,1415,4247,4138,722,2110,2001,4833,1.1379797504120557,0.3331763597833765,0.3419526341227646,1415,4247,4138,722,2110,2001,4833,1.1379797504120557,0.3331763597833765,0.3419526341227646,389,389,0.09159406639981163,0.09159406639981163,0.21143488828890122,0.21143488828890122,improved,improved
SUPPORTIVE_POST_PRIMARY_READ_ONLY,aishell5,Eval2,public,cap224_fallback_minus_cap224,fallback_stage,A5E2_009,cap224,cap224_fallback,control_cap224_public_sortformer_v2_low_packet_gated,control_cap224_fallback_public_sortformer_v2_low_packet_gated,False,544,3072,3594,1824,704,1226,3754,1.2220052083333333,0.17708333333333334,0.15136338341680577,642,3072,2100,976,1454,482,2912,0.9479166666666666,0.208984375,0.3057142857142857,642,3072,2100,976,1454,482,2912,0.9479166666666666,0.208984375,0.3057142857142857,98,98,0.03190104166666666,0.03190104166666666,0.15435090229747994,0.15435090229747994,improved,improved
SUPPORTIVE_POST_PRIMARY_READ_ONLY,aishell5,Eval2,public,cap224_fallback_minus_cap224,fallback_stage,A5E2_010,cap224,cap224_fallback,control_cap224_public_sortformer_v2_low_packet_gated,control_cap224_fallback_public_sortformer_v2_low_packet_gated,False,1184,4241,7202,1618,1439,4400,7457,1.7583117189342137,0.279179438811601,0.16439877811718967,1405,4241,3909,812,2024,1692,4528,1.0676727186984203,0.33128979014383403,0.3594269634177539,1405,4241,3909,812,2024,1692,4528,1.0676727186984203,0.33128979014383403,0.3594269634177539,221,221,0.05211035133223302,0.05211035133223302,0.1950281853005642,0.1950281853005642,improved,improved
SUPPORTIVE_POST_PRIMARY_READ_ONLY,aishell5,Eval2,public,cap224_fallback_minus_cap224,fallback_stage,A5E2_011,cap224,cap224_fallback,control_cap224_public_sortformer_v2_low_packet_gated,control_cap224_fallback_public_sortformer_v2_low_packet_gated,True,555,3330,4787,1953,822,2279,5054,1.5177177177177177,0.16666666666666666,0.11593900146229372,870,3330,2780,838,1622,1072,3532,1.0606606606606606,0.26126126126126126,0.3129496402877698,663,3330,2780,1246,1421,871,3538,1.0624624624624626,0.1990990990990991,0.23848920863309353,315,108,0.0945945945945946,0.032432432432432434,0.19701063882547606,0.12255020717079981,improved,improved
SUPPORTIVE_POST_PRIMARY_READ_ONLY,aishell5,Eval2,public,cap224_fallback_minus_cap224,fallback_stage,A5E2_012,cap224,cap224_fallback,control_cap224_public_sortformer_v2_low_packet_gated,control_cap224_fallback_public_sortformer_v2_low_packet_gated,False,601,3770,4961,2684,485,1676,4845,1.2851458885941645,0.15941644562334217,0.12114493045756904,732,3770,2173,1130,1908,311,3349,0.8883289124668435,0.19416445623342174,0.3368614818223654,732,3770,2173,1130,1908,311,3349,0.8883289124668435,0.19416445623342174,0.3368614818223654,131,131,0.034748010610079566,0.034748010610079566,0.2157165513647964,0.2157165513647964,improved,improved
SUPPORTIVE_POST_PRIMARY_READ_ONLY,aishell5,Eval2,public,cap224_fallback_minus_cap224,fallback_stage,A5E2_013,cap224,cap224_fallback,control_cap224_public_sortformer_v2_low_packet_gated,control_cap224_fallback_public_sortformer_v2_low_packet_gated,False,1215,3524,4540,1151,1158,2174,4483,1.272133938706016,0.3447786606129398,0.26762114537444937,1357,3524,2830,651,1516,822,2989,0.8481838819523269,0.38507377979568674,0.47950530035335687,1357,3524,2830,651,1516,822,2989,0.8481838819523269,0.38507377979568674,0.47950530035335687,142,142,0.04029511918274692,0.04029511918274692,0.2118841549789075,0.2118841549789075,improved,improved
SUPPORTIVE_POST_PRIMARY_READ_ONLY,aishell5,Eval2,public,cap224_fallback_minus_cap224,fallback_stage,A5E2_014,cap224,cap224_fallback,control_cap224_public_sortformer_v2_low_packet_gated,control_cap224_fallback_public_sortformer_v2_low_packet_gated,False,1092,4028,4765,1667,1269,2006,4942,1.2269116186693148,0.2711022840119166,0.2291710388247639,1334,4028,3436,958,1736,1144,3838,0.9528301886792453,0.3311817279046673,0.3882421420256112,1334,4028,3436,958,1736,1144,3838,0.9528301886792453,0.3311817279046673,0.3882421420256112,242,242,0.06007944389275072,0.06007944389275072,0.1590711032008473,0.1590711032008473,improved,improved
SUPPORTIVE_POST_PRIMARY_READ_ONLY,aishell5,Eval2,public,cap224_fallback_minus_cap224,fallback_stage,A5E2_015,cap224,cap224_fallback,control_cap224_public_sortformer_v2_low_packet_gated,control_cap224_fallback_public_sortformer_v2_low_packet_gated,False,799,3216,5063,1955,462,2309,4726,1.4695273631840795,0.2484452736318408,0.15781157416551453,953,3216,2613,891,1372,769,3032,0.9427860696517413,0.29633084577114427,0.3647148871029468,953,3216,2613,891,1372,769,3032,0.9427860696517413,0.29633084577114427,0.3647148871029468,154,154,0.04788557213930347,0.04788557213930347,0.20690331293743228,0.20690331293743228,improved,improved
SUPPORTIVE_POST_PRIMARY_READ_ONLY,aishell5,Eval2,public,cap224_fallback_minus_cap224,fallback_stage,A5E2_016,cap224,cap224_fallback,control_cap224_public_sortformer_v2_low_packet_gated,control_cap224_fallback_public_sortformer_v2_low_packet_gated,True,488,2629,4889,1827,314,2574,4715,1.793457588436668,0.18562190947128185,0.0998159132746983,550,2629,2679,1121,958,1008,3087,1.1742107265119817,0.20920502092050208,0.20530048525569242,601,2629,2679,916,1112,1162,3190,1.213389121338912,0.2286040319513123,0.22433743934303846,62,113,0.023583111449220234,0.042982122480030444,0.10548457198099412,0.12452152606834016,improved,improved
SUPPORTIVE_POST_PRIMARY_READ_ONLY,aishell5,Eval2,public,cap224_fallback_minus_cap224,fallback_stage,A5E2_017,cap224,cap224_fallback,control_cap224_public_sortformer_v2_low_packet_gated,control_cap224_fallback_public_sortformer_v2_low_packet_gated,False,716,3154,5154,1749,689,2689,5127,1.6255548509828788,0.2270133164235891,0.13892122623205277,861,3154,2728,840,1453,1027,3320,1.0526315789473684,0.2729866835764109,0.3156158357771261,861,3154,2728,840,1453,1027,3320,1.0526315789473684,0.2729866835764109,0.3156158357771261,145,145,0.045973367152821826,0.045973367152821826,0.17669460954507332,0.17669460954507332,improved,improved
SUPPORTIVE_POST_PRIMARY_READ_ONLY,aishell5,Eval2,public,cap224_fallback_minus_cap224,fallback_stage,A5E2_018,cap224,cap224_fallback,control_cap224_public_sortformer_v2_low_packet_gated,control_cap224_fallback_public_sortformer_v2_low_packet_gated,False,1538,4144,7300,1519,1087,4243,6849,1.6527509652509653,0.37113899613899615,0.2106849315068493,1643,4144,4470,1150,1351,1677,4178,1.0082046332046333,0.396476833976834,0.3675615212527964,1643,4144,4470,1150,1351,1677,4178,1.0082046332046333,0.396476833976834,0.3675615212527964,105,105,0.02533783783783783,0.02533783783783783,0.1568765897459471,0.1568765897459471,improved,improved
SUPPORTIVE_POST_PRIMARY_READ_ONLY,aishell5,Eval2,public,cap224_fallback_guard_minus_cap224_fallback,residual_guard_after_fallback,A5E2_001,cap224_fallback,cap224_fallback_guard,control_cap224_fallback_public_sortformer_v2_low_packet_gated,control_cap224_fallback_guarded_public_sortformer_v2_low_packet_gated,False,1426,3330,3944,938,966,1580,3484,1.0462462462462463,0.4282282282282282,0.36156186612576063,1426,3330,3904,938,966,1540,3444,1.0342342342342343,0.4282282282282282,0.36526639344262296,1426,3330,3904,938,966,1540,3444,1.0342342342342343,0.4282282282282282,0.36526639344262296,0,0,0.0,0.0,0.003704527316862327,0.003704527316862327,tie,tie
SUPPORTIVE_POST_PRIMARY_READ_ONLY,aishell5,Eval2,public,cap224_fallback_guard_minus_cap224_fallback,residual_guard_after_fallback,A5E2_002,cap224_fallback,cap224_fallback_guard,control_cap224_fallback_public_sortformer_v2_low_packet_gated,control_cap224_fallback_guarded_public_sortformer_v2_low_packet_gated,False,646,3629,3959,2056,927,1257,4240,1.1683659410305869,0.17801047120418848,0.16317251831270524,669,3629,3139,1508,1452,962,3922,1.0807384954532928,0.18434830531826948,0.21312519910799618,669,3629,3139,1508,1452,962,3922,1.0807384954532928,0.18434830531826948,0.21312519910799618,23,23,0.006337834114081009,0.006337834114081009,0.049952680795290944,0.049952680795290944,improved,improved
SUPPORTIVE_POST_PRIMARY_READ_ONLY,aishell5,Eval2,public,cap224_fallback_guard_minus_cap224_fallback,residual_guard_after_fallback,A5E2_003,cap224_fallback,cap224_fallback_guard,control_cap224_fallback_public_sortformer_v2_low_packet_gated,control_cap224_fallback_guarded_public_sortformer_v2_low_packet_gated,False,338,1784,2087,1023,423,726,2172,1.2174887892376682,0.18946188340807174,0.16195495927168185,338,1784,2087,1023,423,726,2172,1.2174887892376682,0.18946188340807174,0.16195495927168185,338,1784,2087,1023,423,726,2172,1.2174887892376682,0.18946188340807174,0.16195495927168185,0,0,0.0,0.0,0.0,0.0,tie,tie
SUPPORTIVE_POST_PRIMARY_READ_ONLY,aishell5,Eval2,public,cap224_fallback_guard_minus_cap224_fallback,residual_guard_after_fallback,A5E2_004,cap224_fallback,cap224_fallback_guard,control_cap224_fallback_public_sortformer_v2_low_packet_gated,control_cap224_fallback_guarded_public_sortformer_v2_low_packet_gated,False,325,3263,1485,761,2177,399,3337,1.022678516702421,0.099601593625498,0.21885521885521886,325,3263,1485,761,2177,399,3337,1.022678516702421,0.099601593625498,0.21885521885521886,325,3263,1485,761,2177,399,3337,1.022678516702421,0.099601593625498,0.21885521885521886,0,0,0.0,0.0,0.0,0.0,tie,tie
SUPPORTIVE_POST_PRIMARY_READ_ONLY,aishell5,Eval2,public,cap224_fallback_guard_minus_cap224_fallback,residual_guard_after_fallback,A5E2_005,cap224_fallback,cap224_fallback_guard,control_cap224_fallback_public_sortformer_v2_low_packet_gated,control_cap224_fallback_guarded_public_sortformer_v2_low_packet_gated,False,1296,4472,3072,1287,1889,489,3665,0.8195438282647585,0.2898032200357782,0.421875,1296,4472,3072,1287,1889,489,3665,0.8195438282647585,0.2898032200357782,0.421875,1296,4472,3072,1287,1889,489,3665,0.8195438282647585,0.2898032200357782,0.421875,0,0,0.0,0.0,0.0,0.0,tie,tie
SUPPORTIVE_POST_PRIMARY_READ_ONLY,aishell5,Eval2,public,cap224_fallback_guard_minus_cap224_fallback,residual_guard_after_fallback,A5E2_006,cap224_fallback,cap224_fallback_guard,control_cap224_fallback_public_sortformer_v2_low_packet_gated,control_cap224_fallback_guarded_public_sortformer_v2_low_packet_gated,True,827,3788,4100,1563,1398,1710,4671,1.233104540654699,0.21832101372756071,0.20170731707317074,781,3788,4040,1612,1395,1647,4654,1.2286166842661035,0.20617740232312565,0.19331683168316832,831,3788,4040,1500,1457,1709,4666,1.2317845828933474,0.219376979936642,0.20569306930693068,-46,4,-0.012143611404435067,0.0010559662090812993,-0.008390485390002422,0.003985752233759937,worsened,improved
SUPPORTIVE_POST_PRIMARY_READ_ONLY,aishell5,Eval2,public,cap224_fallback_guard_minus_cap224_fallback,residual_guard_after_fallback,A5E2_007,cap224_fallback,cap224_fallback_guard,control_cap224_fallback_public_sortformer_v2_low_packet_gated,control_cap224_fallback_guarded_public_sortformer_v2_low_packet_gated,False,576,2666,2495,1151,939,768,2858,1.0720180045011254,0.21605401350337583,0.2308617234468938,576,2666,2495,1151,939,768,2858,1.0720180045011254,0.21605401350337583,0.2308617234468938,576,2666,2495,1151,939,768,2858,1.0720180045011254,0.21605401350337583,0.2308617234468938,0,0,0.0,0.0,0.0,0.0,tie,tie
SUPPORTIVE_POST_PRIMARY_READ_ONLY,aishell5,Eval2,public,cap224_fallback_guard_minus_cap224_fallback,residual_guard_after_fallback,A5E2_008,cap224_fallback,cap224_fallback_guard,control_cap224_fallback_public_sortformer_v2_low_packet_gated,control_cap224_fallback_guarded_public_sortformer_v2_low_packet_gated,False,1415,4247,4138,722,2110,2001,4833,1.1379797504120557,0.3331763597833765,0.3419526341227646,1415,4247,4116,700,2132,2001,4833,1.1379797504120557,0.3331763597833765,0.3437803692905734,1415,4247,4116,700,2132,2001,4833,1.1379797504120557,0.3331763597833765,0.3437803692905734,0,0,0.0,0.0,0.0018277351678087639,0.0018277351678087639,tie,tie
SUPPORTIVE_POST_PRIMARY_READ_ONLY,aishell5,Eval2,public,cap224_fallback_guard_minus_cap224_fallback,residual_guard_after_fallback,A5E2_009,cap224_fallback,cap224_fallback_guard,control_cap224_fallback_public_sortformer_v2_low_packet_gated,control_cap224_fallback_guarded_public_sortformer_v2_low_packet_gated,False,642,3072,2100,976,1454,482,2912,0.9479166666666666,0.208984375,0.3057142857142857,642,3072,2100,976,1454,482,2912,0.9479166666666666,0.208984375,0.3057142857142857,642,3072,2100,976,1454,482,2912,0.9479166666666666,0.208984375,0.3057142857142857,0,0,0.0,0.0,0.0,0.0,tie,tie
SUPPORTIVE_POST_PRIMARY_READ_ONLY,aishell5,Eval2,public,cap224_fallback_guard_minus_cap224_fallback,residual_guard_after_fallback,A5E2_010,cap224_fallback,cap224_fallback_guard,control_cap224_fallback_public_sortformer_v2_low_packet_gated,control_cap224_fallback_guarded_public_sortformer_v2_low_packet_gated,False,1405,4241,3909,812,2024,1692,4528,1.0676727186984203,0.33128979014383403,0.3594269634177539,1405,4241,3909,812,2024,1692,4528,1.0676727186984203,0.33128979014383403,0.3594269634177539,1405,4241,3909,812,2024,1692,4528,1.0676727186984203,0.33128979014383403,0.3594269634177539,0,0,0.0,0.0,0.0,0.0,tie,tie
SUPPORTIVE_POST_PRIMARY_READ_ONLY,aishell5,Eval2,public,cap224_fallback_guard_minus_cap224_fallback,residual_guard_after_fallback,A5E2_011,cap224_fallback,cap224_fallback_guard,control_cap224_fallback_public_sortformer_v2_low_packet_gated,control_cap224_fallback_guarded_public_sortformer_v2_low_packet_gated,False,870,3330,2780,838,1622,1072,3532,1.0606606606606606,0.26126126126126126,0.3129496402877698,870,3330,2739,797,1663,1072,3532,1.0606606606606606,0.26126126126126126,0.3176341730558598,870,3330,2739,797,1663,1072,3532,1.0606606606606606,0.26126126126126126,0.3176341730558598,0,0,0.0,0.0,0.0046845327680899995,0.0046845327680899995,tie,tie
SUPPORTIVE_POST_PRIMARY_READ_ONLY,aishell5,Eval2,public,cap224_fallback_guard_minus_cap224_fallback,residual_guard_after_fallback,A5E2_012,cap224_fallback,cap224_fallback_guard,control_cap224_fallback_public_sortformer_v2_low_packet_gated,control_cap224_fallback_guarded_public_sortformer_v2_low_packet_gated,False,732,3770,2173,1130,1908,311,3349,0.8883289124668435,0.19416445623342174,0.3368614818223654,734,3770,2100,1055,1981,311,3347,0.8877984084880637,0.1946949602122016,0.3495238095238095,734,3770,2100,1055,1981,311,3347,0.8877984084880637,0.1946949602122016,0.3495238095238095,2,2,0.0005305039787798504,0.0005305039787798504,0.012662327701444098,0.012662327701444098,improved,improved
SUPPORTIVE_POST_PRIMARY_READ_ONLY,aishell5,Eval2,public,cap224_fallback_guard_minus_cap224_fallback,residual_guard_after_fallback,A5E2_013,cap224_fallback,cap224_fallback_guard,control_cap224_fallback_public_sortformer_v2_low_packet_gated,control_cap224_fallback_guarded_public_sortformer_v2_low_packet_gated,False,1357,3524,2830,651,1516,822,2989,0.8481838819523269,0.38507377979568674,0.47950530035335687,1357,3524,2830,651,1516,822,2989,0.8481838819523269,0.38507377979568674,0.47950530035335687,1357,3524,2830,651,1516,822,2989,0.8481838819523269,0.38507377979568674,0.47950530035335687,0,0,0.0,0.0,0.0,0.0,tie,tie
SUPPORTIVE_POST_PRIMARY_READ_ONLY,aishell5,Eval2,public,cap224_fallback_guard_minus_cap224_fallback,residual_guard_after_fallback,A5E2_014,cap224_fallback,cap224_fallback_guard,control_cap224_fallback_public_sortformer_v2_low_packet_gated,control_cap224_fallback_guarded_public_sortformer_v2_low_packet_gated,False,1334,4028,3436,958,1736,1144,3838,0.9528301886792453,0.3311817279046673,0.3882421420256112,1334,4028,3424,952,1742,1138,3832,0.9513406156901688,0.3311817279046673,0.38960280373831774,1334,4028,3424,952,1742,1138,3832,0.9513406156901688,0.3311817279046673,0.38960280373831774,0,0,0.0,0.0,0.0013606617127065457,0.0013606617127065457,tie,tie
SUPPORTIVE_POST_PRIMARY_READ_ONLY,aishell5,Eval2,public,cap224_fallback_guard_minus_cap224_fallback,residual_guard_after_fallback,A5E2_015,cap224_fallback,cap224_fallback_guard,control_cap224_fallback_public_sortformer_v2_low_packet_gated,control_cap224_fallback_guarded_public_sortformer_v2_low_packet_gated,False,953,3216,2613,891,1372,769,3032,0.9427860696517413,0.29633084577114427,0.3647148871029468,953,3216,2575,891,1372,731,2994,0.9309701492537313,0.29633084577114427,0.3700970873786408,953,3216,2575,891,1372,731,2994,0.9309701492537313,0.29633084577114427,0.3700970873786408,0,0,0.0,0.0,0.005382200275693971,0.005382200275693971,tie,tie
SUPPORTIVE_POST_PRIMARY_READ_ONLY,aishell5,Eval2,public,cap224_fallback_guard_minus_cap224_fallback,residual_guard_after_fallback,A5E2_016,cap224_fallback,cap224_fallback_guard,control_cap224_fallback_public_sortformer_v2_low_packet_gated,control_cap224_fallback_guarded_public_sortformer_v2_low_packet_gated,False,550,2629,2679,1121,958,1008,3087,1.1742107265119817,0.20920502092050208,0.20530048525569242,550,2629,2679,1121,958,1008,3087,1.1742107265119817,0.20920502092050208,0.20530048525569242,550,2629,2679,1121,958,1008,3087,1.1742107265119817,0.20920502092050208,0.20530048525569242,0,0,0.0,0.0,0.0,0.0,tie,tie
SUPPORTIVE_POST_PRIMARY_READ_ONLY,aishell5,Eval2,public,cap224_fallback_guard_minus_cap224_fallback,residual_guard_after_fallback,A5E2_017,cap224_fallback,cap224_fallback_guard,control_cap224_fallback_public_sortformer_v2_low_packet_gated,control_cap224_fallback_guarded_public_sortformer_v2_low_packet_gated,False,861,3154,2728,840,1453,1027,3320,1.0526315789473684,0.2729866835764109,0.3156158357771261,861,3154,2728,840,1453,1027,3320,1.0526315789473684,0.2729866835764109,0.3156158357771261,861,3154,2728,840,1453,1027,3320,1.0526315789473684,0.2729866835764109,0.3156158357771261,0,0,0.0,0.0,0.0,0.0,tie,tie
SUPPORTIVE_POST_PRIMARY_READ_ONLY,aishell5,Eval2,public,cap224_fallback_guard_minus_cap224_fallback,residual_guard_after_fallback,A5E2_018,cap224_fallback,cap224_fallback_guard,control_cap224_fallback_public_sortformer_v2_low_packet_gated,control_cap224_fallback_guarded_public_sortformer_v2_low_packet_gated,False,1643,4144,4470,1150,1351,1677,4178,1.0082046332046333,0.396476833976834,0.3675615212527964,1643,4144,4440,1150,1351,1647,4148,1.000965250965251,0.396476833976834,0.37004504504504504,1643,4144,4440,1150,1351,1647,4148,1.000965250965251,0.396476833976834,0.37004504504504504,0,0,0.0,0.0,0.002483523792248643,0.002483523792248643,tie,tie
SUPPORTIVE_POST_PRIMARY_READ_ONLY,aishell5,Eval2,public,cap224_fallback_guard_minus_raw448,full_control_stack,A5E2_001,raw448,cap224_fallback_guard,raw_public_sortformer_v2_low_packet_gated,control_cap224_fallback_guarded_public_sortformer_v2_low_packet_gated,False,1396,3330,7025,997,937,4632,6566,1.9717717717717718,0.41921921921921923,0.1987188612099644,1426,3330,3904,938,966,1540,3444,1.0342342342342343,0.4282282282282282,0.36526639344262296,1426,3330,3904,938,966,1540,3444,1.0342342342342343,0.4282282282282282,0.36526639344262296,30,30,0.009009009009008973,0.009009009009008973,0.16654753223265856,0.16654753223265856,improved,improved
SUPPORTIVE_POST_PRIMARY_READ_ONLY,aishell5,Eval2,public,cap224_fallback_guard_minus_raw448,full_control_stack,A5E2_002,raw448,cap224_fallback_guard,raw_public_sortformer_v2_low_packet_gated,control_cap224_fallback_guarded_public_sortformer_v2_low_packet_gated,True,567,3629,10535,2924,138,7044,10106,2.7847891981262056,0.156241388812345,0.053820598006644516,669,3629,3139,1508,1452,962,3922,1.0807384954532928,0.18434830531826948,0.21312519910799618,696,3629,3139,1320,1613,1123,4056,1.1176632681179388,0.1917883714521907,0.22172666454284803,102,129,0.02810691650592448,0.03554698263984568,0.15930460110135167,0.16790606653620352,improved,improved
SUPPORTIVE_POST_PRIMARY_READ_ONLY,aishell5,Eval2,public,cap224_fallback_guard_minus_raw448,full_control_stack,A5E2_003,raw448,cap224_fallback_guard,raw_public_sortformer_v2_low_packet_gated,control_cap224_fallback_guarded_public_sortformer_v2_low_packet_gated,True,177,1784,5324,1597,10,3550,5157,2.890695067264574,0.0992152466367713,0.033245679939894815,338,1784,2087,1023,423,726,2172,1.2174887892376682,0.18946188340807174,0.16195495927168185,144,1784,2087,982,658,961,2601,1.4579596412556053,0.08071748878923767,0.0689985625299473,161,-33,0.09024663677130045,-0.01849775784753363,0.12870927933178705,0.03575288259005248,improved,worsened
SUPPORTIVE_POST_PRIMARY_READ_ONLY,aishell5,Eval2,public,cap224_fallback_guard_minus_raw448,full_control_stack,A5E2_004,raw448,cap224_fallback_guard,raw_public_sortformer_v2_low_packet_gated,control_cap224_fallback_guarded_public_sortformer_v2_low_packet_gated,True,228,3263,7644,3031,4,4385,7420,2.273980999080601,0.0698743487588109,0.029827315541601257,325,3263,1485,761,2177,399,3337,1.022678516702421,0.099601593625498,0.21885521885521886,201,3263,1485,514,2548,770,3832,1.1743794054551027,0.06159975482684646,0.13535353535353536,97,-27,0.029727244866687097,-0.008274593931964447,0.1890279033136176,0.10552621981193411,improved,worsened
SUPPORTIVE_POST_PRIMARY_READ_ONLY,aishell5,Eval2,public,cap224_fallback_guard_minus_raw448,full_control_stack,A5E2_005,raw448,cap224_fallback_guard,raw_public_sortformer_v2_low_packet_gated,control_cap224_fallback_guarded_public_sortformer_v2_low_packet_gated,False,984,4472,11262,3143,345,7135,10623,2.375447227191413,0.22003577817531306,0.08737346830047948,1296,4472,3072,1287,1889,489,3665,0.8195438282647585,0.2898032200357782,0.421875,1296,4472,3072,1287,1889,489,3665,0.8195438282647585,0.2898032200357782,0.421875,312,312,0.06976744186046513,0.06976744186046513,0.3345015316995205,0.3345015316995205,improved,improved
SUPPORTIVE_POST_PRIMARY_READ_ONLY,aishell5,Eval2,public,cap224_fallback_guard_minus_raw448,full_control_stack,A5E2_006,raw448,cap224_fallback_guard,raw_public_sortformer_v2_low_packet_gated,control_cap224_fallback_guarded_public_sortformer_v2_low_packet_gated,True,726,3788,15878,2767,295,12385,15447,4.077877507919746,0.19165786694825765,0.045723642776168284,781,3788,4040,1612,1395,1647,4654,1.2286166842661035,0.20617740232312565,0.19331683168316832,831,3788,4040,1500,1457,1709,4666,1.2317845828933474,0.219376979936642,0.20569306930693068,55,105,0.014519535374867998,0.027719112988384365,0.14759318890700004,0.1599694265307624,improved,improved
SUPPORTIVE_POST_PRIMARY_READ_ONLY,aishell5,Eval2,public,cap224_fallback_guard_minus_raw448,full_control_stack,A5E2_007,raw448,cap224_fallback_guard,raw_public_sortformer_v2_low_packet_gated,control_cap224_fallback_guarded_public_sortformer_v2_low_packet_gated,True,487,2666,7549,2061,118,5001,7180,2.6931732933233308,0.18267066766691673,0.06451185587495033,576,2666,2495,1151,939,768,2858,1.0720180045011254,0.21605401350337583,0.2308617234468938,587,2666,2495,927,1152,981,3060,1.1477869467366841,0.22018004501125282,0.23527054108216433,89,100,0.033383345836459105,0.0375093773443361,0.16634986757194348,0.170758685207214,improved,improved
SUPPORTIVE_POST_PRIMARY_READ_ONLY,aishell5,Eval2,public,cap224_fallback_guard_minus_raw448,full_control_stack,A5E2_008,raw448,cap224_fallback_guard,raw_public_sortformer_v2_low_packet_gated,control_cap224_fallback_guarded_public_sortformer_v2_low_packet_gated,False,1176,4247,12633,2773,298,8684,11755,2.767836119613845,0.27690134212385215,0.09308952742816433,1415,4247,4116,700,2132,2001,4833,1.1379797504120557,0.3331763597833765,0.3437803692905734,1415,4247,4116,700,2132,2001,4833,1.1379797504120557,0.3331763597833765,0.3437803692905734,239,239,0.05627501765952436,0.05627501765952436,0.25069084186240903,0.25069084186240903,improved,improved
SUPPORTIVE_POST_PRIMARY_READ_ONLY,aishell5,Eval2,public,cap224_fallback_guard_minus_raw448,full_control_stack,A5E2_009,raw448,cap224_fallback_guard,raw_public_sortformer_v2_low_packet_gated,control_cap224_fallback_guarded_public_sortformer_v2_low_packet_gated,True,522,3072,5587,2210,340,2855,5405,1.7594401041666667,0.169921875,0.09343117952389475,642,3072,2100,976,1454,482,2912,0.9479166666666666,0.208984375,0.3057142857142857,587,3072,2100,1054,1431,459,2944,0.9583333333333334,0.19108072916666666,0.2795238095238095,120,65,0.0390625,0.021158854166666657,0.21228310619039098,0.18609262999991477,improved,improved
SUPPORTIVE_POST_PRIMARY_READ_ONLY,aishell5,Eval2,public,cap224_fallback_guard_minus_raw448,full_control_stack,A5E2_010,raw448,cap224_fallback_guard,raw_public_sortformer_v2_low_packet_gated,control_cap224_fallback_guarded_public_sortformer_v2_low_packet_gated,True,724,4241,11257,3173,344,7360,10877,2.5647253006366424,0.17071445413817496,0.06431553699920049,1405,4241,3909,812,2024,1692,4528,1.0676727186984203,0.33128979014383403,0.3594269634177539,849,4241,3909,797,2595,2263,5655,1.3334119311483141,0.20018863475595378,0.21719109746738297,681,125,0.16057533600565907,0.029474180617778817,0.29511142641855337,0.15287556046818246,improved,improved
SUPPORTIVE_POST_PRIMARY_READ_ONLY,aishell5,Eval2,public,cap224_fallback_guard_minus_raw448,full_control_stack,A5E2_011,raw448,cap224_fallback_guard,raw_public_sortformer_v2_low_packet_gated,control_cap224_fallback_guarded_public_sortformer_v2_low_packet_gated,True,342,3330,7833,2941,47,4550,7538,2.263663663663664,0.10270270270270271,0.043661432401378784,870,3330,2739,797,1663,1072,3532,1.0606606606606606,0.26126126126126126,0.3176341730558598,703,3330,2739,872,1755,1164,3791,1.1384384384384385,0.2111111111111111,0.2566630156991603,528,361,0.15855855855855855,0.1084084084084084,0.273972740654481,0.2130015832977815,improved,improved
SUPPORTIVE_POST_PRIMARY_READ_ONLY,aishell5,Eval2,public,cap224_fallback_guard_minus_raw448,full_control_stack,A5E2_012,raw448,cap224_fallback_guard,raw_public_sortformer_v2_low_packet_gated,control_cap224_fallback_guarded_public_sortformer_v2_low_packet_gated,False,597,3770,8063,3001,172,4465,7638,2.0259946949602123,0.1583554376657825,0.07404191988093761,734,3770,2100,1055,1981,311,3347,0.8877984084880637,0.1946949602122016,0.3495238095238095,734,3770,2100,1055,1981,311,3347,0.8877984084880637,0.1946949602122016,0.3495238095238095,137,137,0.03633952254641909,0.03633952254641909,0.2754818896428719,0.2754818896428719,improved,improved
SUPPORTIVE_POST_PRIMARY_READ_ONLY,aishell5,Eval2,public,cap224_fallback_guard_minus_raw448,full_control_stack,A5E2_013,raw448,cap224_fallback_guard,raw_public_sortformer_v2_low_packet_gated,control_cap224_fallback_guarded_public_sortformer_v2_low_packet_gated,False,1092,3524,6460,1513,919,3855,6287,1.7840522133938705,0.3098751418842225,0.16904024767801856,1357,3524,2830,651,1516,822,2989,0.8481838819523269,0.38507377979568674,0.47950530035335687,1357,3524,2830,651,1516,822,2989,0.8481838819523269,0.38507377979568674,0.47950530035335687,265,265,0.07519863791146425,0.07519863791146425,0.3104650526753383,0.3104650526753383,improved,improved
SUPPORTIVE_POST_PRIMARY_READ_ONLY,aishell5,Eval2,public,cap224_fallback_guard_minus_raw448,full_control_stack,A5E2_014,raw448,cap224_fallback_guard,raw_public_sortformer_v2_low_packet_gated,control_cap224_fallback_guarded_public_sortformer_v2_low_packet_gated,False,837,4028,6788,2690,501,3261,6452,1.6017874875868918,0.20779543197616684,0.123305833824396,1334,4028,3424,952,1742,1138,3832,0.9513406156901688,0.3311817279046673,0.38960280373831774,1334,4028,3424,952,1742,1138,3832,0.9513406156901688,0.3311817279046673,0.38960280373831774,497,497,0.12338629592850048,0.12338629592850048,0.2662969699139217,0.2662969699139217,improved,improved
SUPPORTIVE_POST_PRIMARY_READ_ONLY,aishell5,Eval2,public,cap224_fallback_guard_minus_raw448,full_control_stack,A5E2_015,raw448,cap224_fallback_guard,raw_public_sortformer_v2_low_packet_gated,control_cap224_fallback_guarded_public_sortformer_v2_low_packet_gated,False,743,3216,8001,2281,192,4977,7450,2.316542288557214,0.2310323383084577,0.0928633920759905,953,3216,2575,891,1372,731,2994,0.9309701492537313,0.29633084577114427,0.3700970873786408,953,3216,2575,891,1372,731,2994,0.9309701492537313,0.29633084577114427,0.3700970873786408,210,210,0.06529850746268656,0.06529850746268656,0.2772336953026503,0.2772336953026503,improved,improved
SUPPORTIVE_POST_PRIMARY_READ_ONLY,aishell5,Eval2,public,cap224_fallback_guard_minus_raw448,full_control_stack,A5E2_016,raw448,cap224_fallback_guard,raw_public_sortformer_v2_low_packet_gated,control_cap224_fallback_guarded_public_sortformer_v2_low_packet_gated,True,344,2629,7327,2220,65,4763,7048,2.6808672499049067,0.1308482312666413,0.046949638324007094,550,2629,2679,1121,958,1008,3087,1.1742107265119817,0.20920502092050208,0.20530048525569242,601,2629,2679,916,1112,1162,3190,1.213389121338912,0.2286040319513123,0.22433743934303846,206,257,0.07835678965386078,0.09775580068467099,0.15835084693168533,0.17738780101903137,improved,improved
SUPPORTIVE_POST_PRIMARY_READ_ONLY,aishell5,Eval2,public,cap224_fallback_guard_minus_raw448,full_control_stack,A5E2_017,raw448,cap224_fallback_guard,raw_public_sortformer_v2_low_packet_gated,control_cap224_fallback_guarded_public_sortformer_v2_low_packet_gated,False,621,3154,8020,2294,239,5105,7638,2.4216867469879517,0.19689283449587824,0.07743142144638404,861,3154,2728,840,1453,1027,3320,1.0526315789473684,0.2729866835764109,0.3156158357771261,861,3154,2728,840,1453,1027,3320,1.0526315789473684,0.2729866835764109,0.3156158357771261,240,240,0.07609384908053268,0.07609384908053268,0.23818441433074206,0.23818441433074206,improved,improved
SUPPORTIVE_POST_PRIMARY_READ_ONLY,aishell5,Eval2,public,cap224_fallback_guard_minus_raw448,full_control_stack,A5E2_018,raw448,cap224_fallback_guard,raw_public_sortformer_v2_low_packet_gated,control_cap224_fallback_guarded_public_sortformer_v2_low_packet_gated,False,1392,4144,10958,1913,839,7653,10405,2.5108590733590734,0.3359073359073359,0.1270304800146012,1643,4144,4440,1150,1351,1647,4148,1.000965250965251,0.396476833976834,0.37004504504504504,1643,4144,4440,1150,1351,1647,4148,1.000965250965251,0.396476833976834,0.37004504504504504,251,251,0.06056949806949807,0.06056949806949807,0.24301456503044383,0.24301456503044383,improved,improved
SUPPORTIVE_POST_PRIMARY_READ_ONLY,aishell5,Eval2,public,cap224_compression_abstention_minus_raw448,deletion_anchor_not_recommended_policy,A5E2_001,raw448,cap224_compression_abstention,raw_public_sortformer_v2_low_packet_gated,control_cap224_cr24_abstain_public_sortformer_v2_low_packet_gated,False,1396,3330,7025,997,937,4632,6566,1.9717717717717718,0.41921921921921923,0.1987188612099644,1339,3330,3141,851,1140,951,2942,0.8834834834834835,0.4021021021021021,0.4262973575294492,1339,3330,3141,851,1140,951,2942,0.8834834834834835,0.4021021021021021,0.4262973575294492,-57,-57,-0.01711711711711711,-0.01711711711711711,0.2275784963194848,0.2275784963194848,worsened,worsened
SUPPORTIVE_POST_PRIMARY_READ_ONLY,aishell5,Eval2,public,cap224_compression_abstention_minus_raw448,deletion_anchor_not_recommended_policy,A5E2_002,raw448,cap224_compression_abstention,raw_public_sortformer_v2_low_packet_gated,control_cap224_cr24_abstain_public_sortformer_v2_low_packet_gated,True,567,3629,10535,2924,138,7044,10106,2.7847891981262056,0.156241388812345,0.053820598006644516,604,3629,2297,1230,1795,463,3488,0.9611463213006338,0.16643703499586662,0.2629516760992599,602,3629,2297,816,2211,879,3906,1.0763295673739322,0.16588591898594654,0.26208097518502393,37,35,0.010195646183521617,0.009644530173601534,0.20913107809261539,0.20826037717837942,improved,improved
SUPPORTIVE_POST_PRIMARY_READ_ONLY,aishell5,Eval2,public,cap224_compression_abstention_minus_raw448,deletion_anchor_not_recommended_policy,A5E2_003,raw448,cap224_compression_abstention,raw_public_sortformer_v2_low_packet_gated,control_cap224_cr24_abstain_public_sortformer_v2_low_packet_gated,True,177,1784,5324,1597,10,3550,5157,2.890695067264574,0.0992152466367713,0.033245679939894815,352,1784,1456,691,741,413,1845,1.0341928251121075,0.19730941704035873,0.24175824175824176,146,1784,1456,355,1283,955,2593,1.4534753363228698,0.08183856502242152,0.10027472527472528,175,-31,0.09809417040358744,-0.01737668161434977,0.20851256181834693,0.06702904533483046,improved,worsened
SUPPORTIVE_POST_PRIMARY_READ_ONLY,aishell5,Eval2,public,cap224_compression_abstention_minus_raw448,deletion_anchor_not_recommended_policy,A5E2_004,raw448,cap224_compression_abstention,raw_public_sortformer_v2_low_packet_gated,control_cap224_cr24_abstain_public_sortformer_v2_low_packet_gated,True,228,3263,7644,3031,4,4385,7420,2.273980999080601,0.0698743487588109,0.029827315541601257,242,3263,1133,517,2504,374,3395,1.0404535703340485,0.07416487894575544,0.21359223300970873,164,3263,1133,355,2744,614,3713,1.137909898866074,0.05026049647563592,0.14474845542806708,14,-64,0.00429053018694453,-0.019613852283174985,0.18376491746810747,0.11492113988646582,improved,worsened
SUPPORTIVE_POST_PRIMARY_READ_ONLY,aishell5,Eval2,public,cap224_compression_abstention_minus_raw448,deletion_anchor_not_recommended_policy,A5E2_005,raw448,cap224_compression_abstention,raw_public_sortformer_v2_low_packet_gated,control_cap224_cr24_abstain_public_sortformer_v2_low_packet_gated,False,984,4472,11262,3143,345,7135,10623,2.375447227191413,0.22003577817531306,0.08737346830047948,1023,4472,2252,900,2549,329,3778,0.8448121645796064,0.2287567084078712,0.45426287744227356,1023,4472,2252,900,2549,329,3778,0.8448121645796064,0.2287567084078712,0.45426287744227356,39,39,0.008720930232558155,0.008720930232558155,0.3668894091417941,0.3668894091417941,improved,improved
SUPPORTIVE_POST_PRIMARY_READ_ONLY,aishell5,Eval2,public,cap224_compression_abstention_minus_raw448,deletion_anchor_not_recommended_policy,A5E2_006,raw448,cap224_compression_abstention,raw_public_sortformer_v2_low_packet_gated,control_cap224_cr24_abstain_public_sortformer_v2_low_packet_gated,True,726,3788,15878,2767,295,12385,15447,4.077877507919746,0.19165786694825765,0.045723642776168284,739,3788,2835,1106,1943,990,4039,1.0662618796198522,0.1950897571277719,0.2606701940035273,751,3788,2835,1009,2028,1075,4112,1.085533262935586,0.19825765575501583,0.26490299823633157,13,25,0.0034318901795142576,0.006599788806758183,0.21494655122735903,0.2191793554601633,improved,improved
SUPPORTIVE_POST_PRIMARY_READ_ONLY,aishell5,Eval2,public,cap224_compression_abstention_minus_raw448,deletion_anchor_not_recommended_policy,A5E2_007,raw448,cap224_compression_abstention,raw_public_sortformer_v2_low_packet_gated,control_cap224_cr24_abstain_public_sortformer_v2_low_packet_gated,True,487,2666,7549,2061,118,5001,7180,2.6931732933233308,0.18267066766691673,0.06451185587495033,429,2666,1691,789,1448,473,2710,1.016504126031508,0.1609152288072018,0.25369603784742756,432,2666,1691,574,1660,685,2919,1.0948987246811703,0.16204051012753187,0.2554701360141928,-58,-55,-0.021755438859714926,-0.020630157539384852,0.18918418197247722,0.19095828013924243,worsened,worsened
SUPPORTIVE_POST_PRIMARY_READ_ONLY,aishell5,Eval2,public,cap224_compression_abstention_minus_raw448,deletion_anchor_not_recommended_policy,A5E2_008,raw448,cap224_compression_abstention,raw_public_sortformer_v2_low_packet_gated,control_cap224_cr24_abstain_public_sortformer_v2_low_packet_gated,False,1176,4247,12633,2773,298,8684,11755,2.767836119613845,0.27690134212385215,0.09308952742816433,1209,4247,2911,509,2529,1193,4231,0.9962326348010361,0.2846715328467153,0.4153211954654758,1209,4247,2911,509,2529,1193,4231,0.9962326348010361,0.2846715328467153,0.4153211954654758,33,33,0.007770190722863168,0.007770190722863168,0.32223166803731146,0.32223166803731146,improved,improved
SUPPORTIVE_POST_PRIMARY_READ_ONLY,aishell5,Eval2,public,cap224_compression_abstention_minus_raw448,deletion_anchor_not_recommended_policy,A5E2_009,raw448,cap224_compression_abstention,raw_public_sortformer_v2_low_packet_gated,control_cap224_cr24_abstain_public_sortformer_v2_low_packet_gated,True,522,3072,5587,2210,340,2855,5405,1.7594401041666667,0.169921875,0.09343117952389475,599,3072,1530,795,1678,136,2609,0.8492838541666666,0.19498697916666666,0.3915032679738562,525,3072,1530,622,1925,383,2930,0.9537760416666666,0.1708984375,0.3431372549019608,77,3,0.025065104166666657,0.0009765625,0.29807208844996147,0.24970607537806605,improved,improved
SUPPORTIVE_POST_PRIMARY_READ_ONLY,aishell5,Eval2,public,cap224_compression_abstention_minus_raw448,deletion_anchor_not_recommended_policy,A5E2_010,raw448,cap224_compression_abstention,raw_public_sortformer_v2_low_packet_gated,control_cap224_cr24_abstain_public_sortformer_v2_low_packet_gated,True,724,4241,11257,3173,344,7360,10877,2.5647253006366424,0.17071445413817496,0.06431553699920049,1204,4241,3032,560,2477,1268,4305,1.0150907804763027,0.28389530771044563,0.3970976253298153,760,4241,3032,555,2926,1717,5198,1.2256543268097146,0.17920301815609527,0.25065963060686014,480,36,0.11318085357227067,0.008488564017920308,0.3327820883306148,0.18634409360765963,improved,improved
SUPPORTIVE_POST_PRIMARY_READ_ONLY,aishell5,Eval2,public,cap224_compression_abstention_minus_raw448,deletion_anchor_not_recommended_policy,A5E2_011,raw448,cap224_compression_abstention,raw_public_sortformer_v2_low_packet_gated,control_cap224_cr24_abstain_public_sortformer_v2_low_packet_gated,True,342,3330,7833,2941,47,4550,7538,2.263663663663664,0.10270270270270271,0.043661432401378784,707,3330,1737,510,2113,520,3143,0.9438438438438439,0.21231231231231232,0.40702360391479564,529,3330,1737,539,2262,669,3470,1.042042042042042,0.15885885885885886,0.3045480713874496,365,187,0.10960960960960961,0.056156156156156156,0.3633621715134169,0.26088663898607084,improved,improved
SUPPORTIVE_POST_PRIMARY_READ_ONLY,aishell5,Eval2,public,cap224_compression_abstention_minus_raw448,deletion_anchor_not_recommended_policy,A5E2_012,raw448,cap224_compression_abstention,raw_public_sortformer_v2_low_packet_gated,control_cap224_cr24_abstain_public_sortformer_v2_low_packet_gated,False,597,3770,8063,3001,172,4465,7638,2.0259946949602123,0.1583554376657825,0.07404191988093761,680,3770,1801,822,2268,299,3389,0.8989389920424403,0.18037135278514588,0.3775680177679067,680,3770,1801,822,2268,299,3389,0.8989389920424403,0.18037135278514588,0.3775680177679067,83,83,0.022015915119363377,0.022015915119363377,0.3035260978869691,0.3035260978869691,improved,improved
SUPPORTIVE_POST_PRIMARY_READ_ONLY,aishell5,Eval2,public,cap224_compression_abstention_minus_raw448,deletion_anchor_not_recommended_policy,A5E2_013,raw448,cap224_compression_abstention,raw_public_sortformer_v2_low_packet_gated,control_cap224_cr24_abstain_public_sortformer_v2_low_packet_gated,False,1092,3524,6460,1513,919,3855,6287,1.7840522133938705,0.3098751418842225,0.16904024767801856,1338,3524,2417,631,1555,448,2634,0.7474460839954598,0.3796821793416572,0.5535788167149359,1338,3524,2417,631,1555,448,2634,0.7474460839954598,0.3796821793416572,0.5535788167149359,246,246,0.06980703745743472,0.06980703745743472,0.38453856903691735,0.38453856903691735,improved,improved
SUPPORTIVE_POST_PRIMARY_READ_ONLY,aishell5,Eval2,public,cap224_compression_abstention_minus_raw448,deletion_anchor_not_recommended_policy,A5E2_014,raw448,cap224_compression_abstention,raw_public_sortformer_v2_low_packet_gated,control_cap224_cr24_abstain_public_sortformer_v2_low_packet_gated,True,837,4028,6788,2690,501,3261,6452,1.6017874875868918,0.20779543197616684,0.123305833824396,1263,4028,2662,566,2199,833,3598,0.8932472691161867,0.31355511420059584,0.47445529676934634,1131,4028,2662,771,2126,760,3657,0.9078947368421053,0.2807845084409136,0.4248685199098422,426,294,0.105759682224429,0.07298907646474678,0.3511494629449503,0.30156268608544623,improved,improved
SUPPORTIVE_POST_PRIMARY_READ_ONLY,aishell5,Eval2,public,cap224_compression_abstention_minus_raw448,deletion_anchor_not_recommended_policy,A5E2_015,raw448,cap224_compression_abstention,raw_public_sortformer_v2_low_packet_gated,control_cap224_cr24_abstain_public_sortformer_v2_low_packet_gated,False,743,3216,8001,2281,192,4977,7450,2.316542288557214,0.2310323383084577,0.0928633920759905,811,3216,2091,620,1785,660,3065,0.9530472636815921,0.25217661691542287,0.38785270205643235,811,3216,2091,620,1785,660,3065,0.9530472636815921,0.25217661691542287,0.38785270205643235,68,68,0.02114427860696516,0.02114427860696516,0.29498930998044187,0.29498930998044187,improved,improved
SUPPORTIVE_POST_PRIMARY_READ_ONLY,aishell5,Eval2,public,cap224_compression_abstention_minus_raw448,deletion_anchor_not_recommended_policy,A5E2_016,raw448,cap224_compression_abstention,raw_public_sortformer_v2_low_packet_gated,control_cap224_cr24_abstain_public_sortformer_v2_low_packet_gated,True,344,2629,7327,2220,65,4763,7048,2.6808672499049067,0.1308482312666413,0.046949638324007094,534,2629,2367,1075,1020,758,2853,1.0852034994294408,0.20311905667554203,0.2256020278833967,577,2629,2367,748,1304,1042,3094,1.1768733358691517,0.2194750855838722,0.24376848331220954,190,233,0.07227082540890073,0.08862685431723089,0.1786523895593896,0.19681884498820246,improved,improved
SUPPORTIVE_POST_PRIMARY_READ_ONLY,aishell5,Eval2,public,cap224_compression_abstention_minus_raw448,deletion_anchor_not_recommended_policy,A5E2_017,raw448,cap224_compression_abstention,raw_public_sortformer_v2_low_packet_gated,control_cap224_cr24_abstain_public_sortformer_v2_low_packet_gated,False,621,3154,8020,2294,239,5105,7638,2.4216867469879517,0.19689283449587824,0.07743142144638404,754,3154,2207,607,1793,846,3246,1.0291693088142042,0.23906150919467342,0.3416402356139556,754,3154,2207,607,1793,846,3246,1.0291693088142042,0.23906150919467342,0.3416402356139556,133,133,0.04216867469879518,0.04216867469879518,0.2642088141675716,0.2642088141675716,improved,improved
SUPPORTIVE_POST_PRIMARY_READ_ONLY,aishell5,Eval2,public,cap224_compression_abstention_minus_raw448,deletion_anchor_not_recommended_policy,A5E2_018,raw448,cap224_compression_abstention,raw_public_sortformer_v2_low_packet_gated,control_cap224_cr24_abstain_public_sortformer_v2_low_packet_gated,False,1392,4144,10958,1913,839,7653,10405,2.5108590733590734,0.3359073359073359,0.1270304800146012,1486,4144,3466,1114,1544,866,3524,0.8503861003861004,0.35859073359073357,0.42873629544143105,1486,4144,3466,1114,1544,866,3524,0.8503861003861004,0.35859073359073357,0.42873629544143105,94,94,0.022683397683397666,0.022683397683397666,0.30170581542682984,0.30170581542682984,improved,improved
SUPPORTIVE_POST_PRIMARY_READ_ONLY,aishell5,pooled,learned,guard448_minus_raw448,original_decode_guard_effect,A5E1_001,raw448,guard448,raw_cfg_low_packet_gated,guarded_cfg_low_packet_gated,False,311,1415,4723,1041,63,3371,4475,3.1625441696113072,0.21978798586572437,0.0658479779800974,355,1415,1031,414,646,262,1322,0.9342756183745583,0.2508833922261484,0.3443258971871969,355,1415,1031,414,646,262,1322,0.9342756183745583,0.2508833922261484,0.3443258971871969,44,44,0.031095406360424044,0.031095406360424044,0.2784779192070995,0.2784779192070995,improved,improved
SUPPORTIVE_POST_PRIMARY_READ_ONLY,aishell5,pooled,learned,guard448_minus_raw448,original_decode_guard_effect,A5E1_002,raw448,guard448,raw_cfg_low_packet_gated,guarded_cfg_low_packet_gated,False,764,3204,8625,2245,195,5616,8056,2.5143570536828963,0.23845193508114856,0.08857971014492753,1244,3204,2789,601,1359,944,2904,0.9063670411985019,0.3882646691635456,0.44603800645392616,1244,3204,2789,601,1359,944,2904,0.9063670411985019,0.3882646691635456,0.44603800645392616,480,480,0.149812734082397,0.149812734082397,0.3574582963089986,0.3574582963089986,improved,improved
SUPPORTIVE_POST_PRIMARY_READ_ONLY,aishell5,pooled,learned,guard448_minus_raw448,original_decode_guard_effect,A5E1_003,raw448,guard448,raw_cfg_low_packet_gated,guarded_cfg_low_packet_gated,False,473,2425,6340,1712,240,4155,6107,2.5183505154639176,0.19505154639175257,0.07460567823343849,620,2425,2822,988,817,1214,3019,1.2449484536082474,0.2556701030927835,0.21970233876683204,620,2425,2822,988,817,1214,3019,1.2449484536082474,0.2556701030927835,0.21970233876683204,147,147,0.06061855670103092,0.06061855670103092,0.14509666053339354,0.14509666053339354,improved,improved
SUPPORTIVE_POST_PRIMARY_READ_ONLY,aishell5,pooled,learned,guard448_minus_raw448,original_decode_guard_effect,A5E1_004,raw448,guard448,raw_cfg_low_packet_gated,guarded_cfg_low_packet_gated,True,598,2543,6109,1796,149,3715,5660,2.2257176563114434,0.23515532835233977,0.09788836143394991,884,2543,2451,574,1085,993,2652,1.042862760519072,0.347620920173024,0.36066911464708284,721,2543,2451,659,1163,1071,2893,1.1376327172630751,0.28352339756193473,0.2941656466748266,286,123,0.11246559182068422,0.048368069209594966,0.26278075321313293,0.19627728524087668,improved,improved
SUPPORTIVE_POST_PRIMARY_READ_ONLY,aishell5,pooled,learned,guard448_minus_raw448,original_decode_guard_effect,A5E1_005,raw448,guard448,raw_cfg_low_packet_gated,guarded_cfg_low_packet_gated,True,831,2979,7203,1880,268,4492,6640,2.2289358845250082,0.27895266868076535,0.1153685964181591,1216,2979,3134,675,1088,1243,3006,1.0090634441087614,0.4081906680093991,0.3880025526483727,1090,2979,3134,524,1365,1520,3409,1.1443437395099028,0.3658945955018463,0.34779834077855776,385,259,0.12923799932863378,0.08694192682108093,0.2726339562302136,0.23242974436039865,improved,improved
SUPPORTIVE_POST_PRIMARY_READ_ONLY,aishell5,pooled,learned,guard448_minus_raw448,original_decode_guard_effect,A5E1_006,raw448,guard448,raw_cfg_low_packet_gated,guarded_cfg_low_packet_gated,False,333,2142,6506,1752,57,4421,6230,2.9084967320261437,0.15546218487394958,0.05118352290193667,577,2142,1865,522,1043,766,2331,1.088235294117647,0.26937441643323995,0.3093833780160858,577,2142,1865,522,1043,766,2331,1.088235294117647,0.26937441643323995,0.3093833780160858,244,244,0.11391223155929037,0.11391223155929037,0.2581998551141491,0.2581998551141491,improved,improved
SUPPORTIVE_POST_PRIMARY_READ_ONLY,aishell5,pooled,learned,guard448_minus_raw448,original_decode_guard_effect,A5E1_007,raw448,guard448,raw_cfg_low_packet_gated,guarded_cfg_low_packet_gated,True,582,2939,6728,2170,187,3976,6333,2.154814562776455,0.19802653963933312,0.08650416171224733,913,2939,2516,627,1399,976,3002,1.0214358625382782,0.3106498809118748,0.3628775834658188,698,2939,2516,692,1549,1126,3367,1.1456277645457638,0.23749574685267097,0.2774244833068362,331,116,0.11262334127254167,0.039469207213337854,0.27637342175357144,0.19092032159458888,improved,improved
SUPPORTIVE_POST_PRIMARY_READ_ONLY,aishell5,pooled,learned,guard448_minus_raw448,original_decode_guard_effect,A5E1_008,raw448,guard448,raw_cfg_low_packet_gated,guarded_cfg_low_packet_gated,False,2090,4270,13386,1395,785,9901,12081,2.8292740046838407,0.4894613583138173,0.15613327356940088,2055,4270,5378,1124,1091,2199,4414,1.0337236533957845,0.4812646370023419,0.3821123094087021,2055,4270,5378,1124,1091,2199,4414,1.0337236533957845,0.4812646370023419,0.3821123094087021,-35,-35,-0.008196721311475419,-0.008196721311475419,0.22597903583930123,0.22597903583930123,worsened,worsened
SUPPORTIVE_POST_PRIMARY_READ_ONLY,aishell5,pooled,learned,guard448_minus_raw448,original_decode_guard_effect,A5E1_009,raw448,guard448,raw_cfg_low_packet_gated,guarded_cfg_low_packet_gated,True,257,2496,5972,2203,36,3512,5751,2.3040865384615383,0.10296474358974358,0.043034159410582716,474,2496,1806,721,1301,611,2633,1.0548878205128205,0.18990384615384615,0.26245847176079734,490,2496,1806,657,1349,659,2665,1.0677083333333333,0.19631410256410256,0.2713178294573643,217,233,0.08693910256410256,0.09334935897435898,0.21942431235021462,0.2282836700467816,improved,improved
SUPPORTIVE_POST_PRIMARY_READ_ONLY,aishell5,pooled,learned,guard448_minus_raw448,original_decode_guard_effect,A5E1_010,raw448,guard448,raw_cfg_low_packet_gated,guarded_cfg_low_packet_gated,True,210,1860,6517,1627,23,4680,6330,3.403225806451613,0.11290322580645161,0.0322234156820623,321,1860,1121,427,1112,373,1912,1.027956989247312,0.17258064516129032,0.2863514719000892,264,1860,1121,412,1184,445,2041,1.0973118279569893,0.14193548387096774,0.23550401427297057,111,54,0.05967741935483871,0.029032258064516134,0.2541280562180269,0.20328059859090827,improved,improved
SUPPORTIVE_POST_PRIMARY_READ_ONLY,aishell5,pooled,learned,guard448_minus_raw448,original_decode_guard_effect,A5E1_011,raw448,guard448,raw_cfg_low_packet_gated,guarded_cfg_low_packet_gated,True,678,2265,8503,1442,145,6383,7970,3.5187637969094925,0.2993377483443709,0.0797365635658003,640,2265,2734,1121,504,973,2598,1.1470198675496688,0.282560706401766,0.23408924652523774,649,2265,2734,1035,581,1050,2666,1.1770419426048566,0.2865342163355408,0.2373811265544989,-38,-29,-0.016777041942604876,-0.012803532008830054,0.15435268295943744,0.15764456298869858,worsened,worsened
SUPPORTIVE_POST_PRIMARY_READ_ONLY,aishell5,pooled,learned,guard448_minus_raw448,original_decode_guard_effect,A5E1_012,raw448,guard448,raw_cfg_low_packet_gated,guarded_cfg_low_packet_gated,False,1388,3189,6004,1125,676,3491,5292,1.6594543744120414,0.4352461586704296,0.23117921385742837,1575,3189,3554,630,984,1349,2963,0.9291313891502039,0.49388523047977423,0.44316263365222286,1575,3189,3554,630,984,1349,2963,0.9291313891502039,0.49388523047977423,0.44316263365222286,187,187,0.058639071809344634,0.058639071809344634,0.2119834197947945,0.2119834197947945,improved,improved
SUPPORTIVE_POST_PRIMARY_READ_ONLY,aishell5,pooled,learned,guard448_minus_raw448,original_decode_guard_effect,A5E1_013,raw448,guard448,raw_cfg_low_packet_gated,guarded_cfg_low_packet_gated,False,1199,3256,7246,1428,629,4619,6676,2.0503685503685505,0.36824324324324326,0.16547060447143253,1470,3256,3476,621,1165,1385,3171,0.9738943488943489,0.4514742014742015,0.42289988492520136,1470,3256,3476,621,1165,1385,3171,0.9738943488943489,0.4514742014742015,0.42289988492520136,271,271,0.08323095823095822,0.08323095823095822,0.25742928045376884,0.25742928045376884,improved,improved
SUPPORTIVE_POST_PRIMARY_READ_ONLY,aishell5,pooled,learned,guard448_minus_raw448,original_decode_guard_effect,A5E1_014,raw448,guard448,raw_cfg_low_packet_gated,guarded_cfg_low_packet_gated,False,957,2420,4980,1254,209,2769,4232,1.7487603305785124,0.39545454545454545,0.19216867469879517,980,2420,2993,799,641,1214,2654,1.096694214876033,0.4049586776859504,0.32743067156698963,980,2420,2993,799,641,1214,2654,1.096694214876033,0.4049586776859504,0.32743067156698963,23,23,0.00950413223140495,0.00950413223140495,0.13526199686819446,0.13526199686819446,improved,improved
SUPPORTIVE_POST_PRIMARY_READ_ONLY,aishell5,pooled,learned,guard448_minus_raw448,original_decode_guard_effect,A5E1_015,raw448,guard448,raw_cfg_low_packet_gated,guarded_cfg_low_packet_gated,False,1961,4528,13084,1738,829,9385,11952,2.639575971731449,0.433083038869258,0.14987771323754204,2113,4528,5110,859,1556,2138,4553,1.0055212014134276,0.4666519434628975,0.4135029354207436,2113,4528,5110,859,1556,2138,4553,1.0055212014134276,0.4666519434628975,0.4135029354207436,152,152,0.03356890459363954,0.03356890459363954,0.2636252221832016,0.2636252221832016,improved,improved
SUPPORTIVE_POST_PRIMARY_READ_ONLY,aishell5,pooled,learned,guard448_minus_raw448,original_decode_guard_effect,A5E1_016,raw448,guard448,raw_cfg_low_packet_gated,guarded_cfg_low_packet_gated,True,704,2631,5399,1709,218,2986,4913,1.8673508171797795,0.2675788673508172,0.13039451750324135,862,2631,2108,691,1078,555,2324,0.8833143291524135,0.3276320790573926,0.4089184060721063,899,2631,2108,577,1155,632,2364,0.8985176738882554,0.34169517293804635,0.4264705882352941,158,195,0.060053211706575405,0.07411630558722915,0.2785238885688649,0.2960760707320528,improved,improved
SUPPORTIVE_POST_PRIMARY_READ_ONLY,aishell5,pooled,learned,guard448_minus_raw448,original_decode_guard_effect,A5E1_017,raw448,guard448,raw_cfg_low_packet_gated,guarded_cfg_low_packet_gated,False,519,2196,7918,1628,49,5771,7448,3.3916211293260474,0.23633879781420766,0.06554685526648144,541,2196,3121,1276,379,1304,2959,1.3474499089253187,0.24635701275045538,0.17334187760333228,541,2196,3121,1276,379,1304,2959,1.3474499089253187,0.24635701275045538,0.17334187760333228,22,22,0.010018214936247716,0.010018214936247716,0.10779502233685084,0.10779502233685084,improved,improved
SUPPORTIVE_POST_PRIMARY_READ_ONLY,aishell5,pooled,learned,guard448_minus_raw448,original_decode_guard_effect,A5E1_018,raw448,guard448,raw_cfg_low_packet_gated,guarded_cfg_low_packet_gated,True,216,2338,5615,2122,0,3277,5399,2.309238665526091,0.09238665526090675,0.03846838824577026,628,2338,2024,516,1194,880,2590,1.1077844311377245,0.2686056458511548,0.3102766798418972,349,2338,2024,518,1471,1157,3146,1.3455945252352437,0.14927288280581694,0.1724308300395257,412,133,0.17621899059024806,0.056886227544910184,0.27180829159612696,0.13396244179375544,improved,improved
SUPPORTIVE_POST_PRIMARY_READ_ONLY,aishell5,pooled,learned,guard448_minus_raw448,original_decode_guard_effect,A5E2_001,raw448,guard448,raw_cfg_low_packet_gated,guarded_cfg_low_packet_gated,False,1237,3330,6825,1567,526,4021,6114,1.836036036036036,0.37147147147147147,0.18124542124542126,1243,3330,2825,899,1188,683,2770,0.8318318318318318,0.37327327327327325,0.44,1243,3330,2825,899,1188,683,2770,0.8318318318318318,0.37327327327327325,0.44,6,6,0.0018018018018017834,0.0018018018018017834,0.25875457875457875,0.25875457875457875,improved,improved
SUPPORTIVE_POST_PRIMARY_READ_ONLY,aishell5,pooled,learned,guard448_minus_raw448,original_decode_guard_effect,A5E2_002,raw448,guard448,raw_cfg_low_packet_gated,guarded_cfg_low_packet_gated,True,446,3629,6892,3119,64,3327,6510,1.793882612289887,0.12289887021217967,0.06471271038885665,778,3629,2427,1173,1678,476,3327,0.9167814825020667,0.2143841278589143,0.32056036258755666,702,3629,2427,992,1935,733,3660,1.0085422981537613,0.19344171948195096,0.2892459826946848,332,256,0.09148525764673464,0.0705428492697713,0.2558476521987,0.22453327230582817,improved,improved
SUPPORTIVE_POST_PRIMARY_READ_ONLY,aishell5,pooled,learned,guard448_minus_raw448,original_decode_guard_effect,A5E2_003,raw448,guard448,raw_cfg_low_packet_gated,guarded_cfg_low_packet_gated,True,130,1784,3814,1650,4,2034,3688,2.0672645739910314,0.07286995515695067,0.03408495018353435,361,1784,1373,662,761,350,1773,0.9938340807174888,0.2023542600896861,0.2629278951201748,130,1784,1373,880,774,363,2017,1.1306053811659194,0.07286995515695067,0.09468317552804079,231,0,0.12948430493273544,0.0,0.22884294493664042,0.060598225344506436,improved,tie
SUPPORTIVE_POST_PRIMARY_READ_ONLY,aishell5,pooled,learned,guard448_minus_raw448,original_decode_guard_effect,A5E2_004,raw448,guard448,raw_cfg_low_packet_gated,guarded_cfg_low_packet_gated,False,274,3263,6012,2964,25,2774,5763,1.7661661048115231,0.08397180508734294,0.04557551563539587,400,3263,1496,650,2213,446,3309,1.014097456328532,0.1225865767698437,0.26737967914438504,400,3263,1496,650,2213,446,3309,1.014097456328532,0.1225865767698437,0.26737967914438504,126,126,0.03861477168250077,0.03861477168250077,0.22180416350898918,0.22180416350898918,improved,improved
SUPPORTIVE_POST_PRIMARY_READ_ONLY,aishell5,pooled,learned,guard448_minus_raw448,original_decode_guard_effect,A5E2_005,raw448,guard448,raw_cfg_low_packet_gated,guarded_cfg_low_packet_gated,True,911,4472,9452,3238,323,5303,8864,1.9821109123434706,0.20371198568872986,0.09638171815488786,1227,4472,2847,1092,2153,528,3773,0.8436940966010733,0.27437388193202145,0.4309799789251844,1083,4472,2847,1041,2348,723,4112,0.9194991055456172,0.24217352415026833,0.3804004214963119,316,172,0.07066189624329158,0.038461538461538464,0.33459826077029653,0.2840187033414241,improved,improved
SUPPORTIVE_POST_PRIMARY_READ_ONLY,aishell5,pooled,learned,guard448_minus_raw448,original_decode_guard_effect,A5E2_006,raw448,guard448,raw_cfg_low_packet_gated,guarded_cfg_low_packet_gated,False,668,3788,13072,2962,158,9442,12562,3.316261879619852,0.17634635691657866,0.0511015911872705,773,3788,3728,1402,1613,1553,4568,1.2059134107708553,0.20406546990496305,0.20734978540772533,773,3788,3728,1402,1613,1553,4568,1.2059134107708553,0.20406546990496305,0.20734978540772533,105,105,0.027719112988384392,0.027719112988384392,0.15624819422045483,0.15624819422045483,improved,improved
SUPPORTIVE_POST_PRIMARY_READ_ONLY,aishell5,pooled,learned,guard448_minus_raw448,original_decode_guard_effect,A5E2_007,raw448,guard448,raw_cfg_low_packet_gated,guarded_cfg_low_packet_gated,True,512,2666,7047,1972,182,4563,6717,2.5195048762190546,0.19204801200300076,0.07265503050943664,526,2666,1950,819,1321,605,2745,1.0296324081020256,0.1972993248312078,0.26974358974358975,503,2666,1950,697,1466,750,2913,1.0926481620405102,0.1886721680420105,0.25794871794871793,14,-9,0.005251312828207039,-0.003375843960990249,0.1970885592341531,0.1852936874392813,improved,worsened
SUPPORTIVE_POST_PRIMARY_READ_ONLY,aishell5,pooled,learned,guard448_minus_raw448,original_decode_guard_effect,A5E2_008,raw448,guard448,raw_cfg_low_packet_gated,guarded_cfg_low_packet_gated,True,766,4247,13300,3318,163,9216,12697,2.989639745702849,0.1803626089004003,0.05759398496240602,1428,4247,3757,637,2182,1692,4511,1.0621615257829056,0.33623734400753474,0.38009049773755654,795,4247,3757,507,2945,2455,5907,1.3908641393925123,0.18719095832352248,0.21160500399254725,662,29,0.15587473510713445,0.0068283494231221875,0.3224965127751505,0.15401101903014125,improved,improved
SUPPORTIVE_POST_PRIMARY_READ_ONLY,aishell5,pooled,learned,guard448_minus_raw448,original_decode_guard_effect,A5E2_009,raw448,guard448,raw_cfg_low_packet_gated,guarded_cfg_low_packet_gated,True,220,3072,6657,2845,7,3592,6444,2.09765625,0.07161458333333333,0.03304791948325071,573,3072,2004,868,1631,563,3062,0.9967447916666666,0.1865234375,0.28592814371257486,206,3072,2004,1163,1703,635,3501,1.1396484375,0.06705729166666667,0.1027944111776447,353,-14,0.11490885416666667,-0.004557291666666657,0.25288022422932416,0.069746491694394,improved,worsened
SUPPORTIVE_POST_PRIMARY_READ_ONLY,aishell5,pooled,learned,guard448_minus_raw448,original_decode_guard_effect,A5E2_010,raw448,guard448,raw_cfg_low_packet_gated,guarded_cfg_low_packet_gated,True,614,4241,9458,3430,197,5414,9041,2.131808535722707,0.1447771751945296,0.06491858743920491,1253,4241,3523,659,2329,1611,4599,1.0844140532893185,0.2954491865126149,0.3556627873971047,884,4241,3523,540,2817,2099,5456,1.2864890356048102,0.20844140532893185,0.25092250922509224,639,270,0.15067201131808533,0.06366423013440226,0.2907441999578998,0.18600392178588732,improved,improved
SUPPORTIVE_POST_PRIMARY_READ_ONLY,aishell5,pooled,learned,guard448_minus_raw448,original_decode_guard_effect,A5E2_011,raw448,guard448,raw_cfg_low_packet_gated,guarded_cfg_low_packet_gated,True,560,3330,10302,2565,205,7177,9947,2.987087087087087,0.16816816816816818,0.054358377014172,674,3330,2629,1054,1602,901,3557,1.068168168168168,0.2024024024024024,0.25637124381894255,862,3330,2629,666,1802,1101,3569,1.0717717717717719,0.25885885885885884,0.3278813236972233,114,302,0.03423423423423422,0.09069069069069066,0.20201286680477054,0.27352294668305127,improved,improved
SUPPORTIVE_POST_PRIMARY_READ_ONLY,aishell5,pooled,learned,guard448_minus_raw448,original_decode_guard_effect,A5E2_012,raw448,guard448,raw_cfg_low_packet_gated,guarded_cfg_low_packet_gated,False,641,3770,9609,3025,104,5943,9072,2.406366047745358,0.170026525198939,0.06670829430742013,755,3770,1967,929,2086,283,3298,0.8748010610079575,0.2002652519893899,0.38383324860193185,755,3770,1967,929,2086,283,3298,0.8748010610079575,0.2002652519893899,0.38383324860193185,114,114,0.03023872679045092,0.03023872679045092,0.3171249542945117,0.3171249542945117,improved,improved
SUPPORTIVE_POST_PRIMARY_READ_ONLY,aishell5,pooled,learned,guard448_minus_raw448,original_decode_guard_effect,A5E2_013,raw448,guard448,raw_cfg_low_packet_gated,guarded_cfg_low_packet_gated,False,1046,3524,10329,1979,499,7304,9782,2.775822928490352,0.29682179341657206,0.10126827379223545,402,3524,4926,2935,187,1589,4711,1.33683314415437,0.11407491486946651,0.08160779537149818,402,3524,4926,2935,187,1589,4711,1.33683314415437,0.11407491486946651,0.08160779537149818,-644,-644,-0.18274687854710553,-0.18274687854710553,-0.019660478420737273,-0.019660478420737273,worsened,worsened
SUPPORTIVE_POST_PRIMARY_READ_ONLY,aishell5,pooled,learned,guard448_minus_raw448,original_decode_guard_effect,A5E2_014,raw448,guard448,raw_cfg_low_packet_gated,guarded_cfg_low_packet_gated,False,776,4028,11906,3042,210,8088,11340,2.8152929493545185,0.1926514399205561,0.06517722156895683,1075,4028,3303,1162,1791,1066,4019,0.9977656405163853,0.26688182720953324,0.32546170148349984,1075,4028,3303,1162,1791,1066,4019,0.9977656405163853,0.26688182720953324,0.32546170148349984,299,299,0.07423038728897713,0.07423038728897713,0.260284479914543,0.260284479914543,improved,improved
SUPPORTIVE_POST_PRIMARY_READ_ONLY,aishell5,pooled,learned,guard448_minus_raw448,original_decode_guard_effect,A5E2_015,raw448,guard448,raw_cfg_low_packet_gated,guarded_cfg_low_packet_gated,False,898,3216,9177,2006,312,6273,8591,2.6713308457711444,0.27922885572139305,0.09785332897461044,1005,3216,2767,785,1426,977,3188,0.9912935323383084,0.3125,0.36320925189736175,1005,3216,2767,785,1426,977,3188,0.9912935323383084,0.3125,0.36320925189736175,107,107,0.033271144278606946,0.033271144278606946,0.26535592292275134,0.26535592292275134,improved,improved
SUPPORTIVE_POST_PRIMARY_READ_ONLY,aishell5,pooled,learned,guard448_minus_raw448,original_decode_guard_effect,A5E2_016,raw448,guard448,raw_cfg_low_packet_gated,guarded_cfg_low_packet_gated,True,359,2629,7893,2166,104,5368,7638,2.905287181437809,0.13655382274629135,0.045483339668060306,536,2629,2328,960,1133,832,2925,1.112590338531761,0.20387980220616203,0.23024054982817868,583,2629,2328,817,1229,928,2974,1.1312286040319512,0.2217573221757322,0.2504295532646048,177,224,0.06732597945987068,0.08520349942944086,0.18475721016011837,0.2049462135965445,improved,improved
SUPPORTIVE_POST_PRIMARY_READ_ONLY,aishell5,pooled,learned,guard448_minus_raw448,original_decode_guard_effect,A5E2_017,raw448,guard448,raw_cfg_low_packet_gated,guarded_cfg_low_packet_gated,False,667,3154,10134,2287,200,7180,9667,3.064996829422955,0.21147748890298035,0.0658180382869548,807,3154,2372,727,1620,838,3185,1.0098287888395687,0.25586556753329104,0.34021922428330525,807,3154,2372,727,1620,838,3185,1.0098287888395687,0.25586556753329104,0.34021922428330525,140,140,0.04438807863031069,0.04438807863031069,0.27440118599635044,0.27440118599635044,improved,improved
SUPPORTIVE_POST_PRIMARY_READ_ONLY,aishell5,pooled,learned,guard448_minus_raw448,original_decode_guard_effect,A5E2_018,raw448,guard448,raw_cfg_low_packet_gated,guarded_cfg_low_packet_gated,True,1108,4144,11850,2497,539,8245,11281,2.722249034749035,0.2673745173745174,0.09350210970464135,1382,4144,4680,1197,1565,2101,4863,1.173503861003861,0.3334942084942085,0.2952991452991453,1525,4144,4680,890,1729,2265,4884,1.1785714285714286,0.3680019305019305,0.32585470085470086,274,417,0.06611969111969113,0.10062741312741308,0.20179703559450396,0.23235259115005952,improved,improved
SUPPORTIVE_POST_PRIMARY_READ_ONLY,aishell5,pooled,learned,cap224_minus_raw448,decoder_cap_stage,A5E1_001,raw448,cap224,raw_cfg_low_packet_gated,control_cap224_cfg_low_packet_gated,False,311,1415,4723,1041,63,3371,4475,3.1625441696113072,0.21978798586572437,0.0658479779800974,311,1415,2725,1041,63,1373,2477,1.750530035335689,0.21978798586572437,0.11412844036697248,311,1415,2725,1041,63,1373,2477,1.750530035335689,0.21978798586572437,0.11412844036697248,0,0,0.0,0.0,0.048280462386875084,0.048280462386875084,tie,tie
SUPPORTIVE_POST_PRIMARY_READ_ONLY,aishell5,pooled,learned,cap224_minus_raw448,decoder_cap_stage,A5E1_002,raw448,cap224,raw_cfg_low_packet_gated,control_cap224_cfg_low_packet_gated,False,764,3204,8625,2245,195,5616,8056,2.5143570536828963,0.23845193508114856,0.08857971014492753,850,3204,5556,2011,343,2695,5049,1.5758426966292134,0.26529338327091134,0.15298776097912167,850,3204,5556,2011,343,2695,5049,1.5758426966292134,0.26529338327091134,0.15298776097912167,86,86,0.02684144818976278,0.02684144818976278,0.06440805083419414,0.06440805083419414,improved,improved
SUPPORTIVE_POST_PRIMARY_READ_ONLY,aishell5,pooled,learned,cap224_minus_raw448,decoder_cap_stage,A5E1_003,raw448,cap224,raw_cfg_low_packet_gated,control_cap224_cfg_low_packet_gated,False,473,2425,6340,1712,240,4155,6107,2.5183505154639176,0.19505154639175257,0.07460567823343849,568,2425,3815,1286,571,1961,3818,1.5744329896907217,0.23422680412371133,0.14888597640891219,568,2425,3815,1286,571,1961,3818,1.5744329896907217,0.23422680412371133,0.14888597640891219,95,95,0.03917525773195876,0.03917525773195876,0.0742802981754737,0.0742802981754737,improved,improved
SUPPORTIVE_POST_PRIMARY_READ_ONLY,aishell5,pooled,learned,cap224_minus_raw448,decoder_cap_stage,A5E1_004,raw448,cap224,raw_cfg_low_packet_gated,control_cap224_cfg_low_packet_gated,True,598,2543,6109,1796,149,3715,5660,2.2257176563114434,0.23515532835233977,0.09788836143394991,739,2543,4192,1416,388,2037,3841,1.51042076287849,0.29060165159260715,0.1762881679389313,638,2543,4192,1616,289,1938,3843,1.5112072355485646,0.25088478175383405,0.15219465648854963,141,40,0.05544632324026738,0.015729453401494287,0.07839980650498138,0.05430629505459972,improved,improved
SUPPORTIVE_POST_PRIMARY_READ_ONLY,aishell5,pooled,learned,cap224_minus_raw448,decoder_cap_stage,A5E1_005,raw448,cap224,raw_cfg_low_packet_gated,control_cap224_cfg_low_packet_gated,True,831,2979,7203,1880,268,4492,6640,2.2289358845250082,0.27895266868076535,0.1153685964181591,1078,2979,5059,1199,702,2782,4683,1.5720040281973817,0.36186639812017457,0.21308559003755684,853,2979,5059,1575,551,2631,4757,1.5968445787176906,0.2863376972138301,0.16861039731172167,247,22,0.08291372943940922,0.007385028533064775,0.09771699361939774,0.05324180089356258,improved,improved
SUPPORTIVE_POST_PRIMARY_READ_ONLY,aishell5,pooled,learned,cap224_minus_raw448,decoder_cap_stage,A5E1_006,raw448,cap224,raw_cfg_low_packet_gated,control_cap224_cfg_low_packet_gated,False,333,2142,6506,1752,57,4421,6230,2.9084967320261437,0.15546218487394958,0.05118352290193667,339,2142,4073,1587,216,2147,3950,1.8440709617180207,0.15826330532212884,0.08323103363614044,339,2142,4073,1587,216,2147,3950,1.8440709617180207,0.15826330532212884,0.08323103363614044,6,6,0.0028011204481792618,0.0028011204481792618,0.03204751073420377,0.03204751073420377,improved,improved
SUPPORTIVE_POST_PRIMARY_READ_ONLY,aishell5,pooled,learned,cap224_minus_raw448,decoder_cap_stage,A5E1_007,raw448,cap224,raw_cfg_low_packet_gated,control_cap224_cfg_low_packet_gated,False,582,2939,6728,2170,187,3976,6333,2.154814562776455,0.19802653963933312,0.08650416171224733,535,2939,4541,2099,305,1907,4311,1.466825450833617,0.18203470568220484,0.11781545914996697,535,2939,4541,2099,305,1907,4311,1.466825450833617,0.18203470568220484,0.11781545914996697,-47,-47,-0.015991833957128276,-0.015991833957128276,0.03131129743771964,0.03131129743771964,worsened,worsened
SUPPORTIVE_POST_PRIMARY_READ_ONLY,aishell5,pooled,learned,cap224_minus_raw448,decoder_cap_stage,A5E1_008,raw448,cap224,raw_cfg_low_packet_gated,control_cap224_cfg_low_packet_gated,False,2090,4270,13386,1395,785,9901,12081,2.8292740046838407,0.4894613583138173,0.15613327356940088,2076,4270,8962,1402,792,5484,7678,1.798126463700234,0.48618266978922714,0.2316447221602321,2076,4270,8962,1402,792,5484,7678,1.798126463700234,0.48618266978922714,0.2316447221602321,-14,-14,-0.0032786885245901787,-0.0032786885245901787,0.07551144859083123,0.07551144859083123,worsened,worsened
SUPPORTIVE_POST_PRIMARY_READ_ONLY,aishell5,pooled,learned,cap224_minus_raw448,decoder_cap_stage,A5E1_009,raw448,cap224,raw_cfg_low_packet_gated,control_cap224_cfg_low_packet_gated,False,257,2496,5972,2203,36,3512,5751,2.3040865384615383,0.10296474358974358,0.043034159410582716,263,2496,3809,1986,247,1560,3793,1.5196314102564104,0.10536858974358974,0.06904699396166973,263,2496,3809,1986,247,1560,3793,1.5196314102564104,0.10536858974358974,0.06904699396166973,6,6,0.002403846153846159,0.002403846153846159,0.026012834551087015,0.026012834551087015,improved,improved
SUPPORTIVE_POST_PRIMARY_READ_ONLY,aishell5,pooled,learned,cap224_minus_raw448,decoder_cap_stage,A5E1_010,raw448,cap224,raw_cfg_low_packet_gated,control_cap224_cfg_low_packet_gated,True,210,1860,6517,1627,23,4680,6330,3.403225806451613,0.11290322580645161,0.0322234156820623,179,1860,3741,1637,44,1925,3606,1.9387096774193548,0.09623655913978495,0.04784816893878642,174,1860,3741,1449,237,2118,3804,2.0451612903225804,0.0935483870967742,0.046511627906976744,-31,-36,-0.016666666666666663,-0.019354838709677413,0.01562475325672412,0.014288212224914443,worsened,worsened
SUPPORTIVE_POST_PRIMARY_READ_ONLY,aishell5,pooled,learned,cap224_minus_raw448,decoder_cap_stage,A5E1_011,raw448,cap224,raw_cfg_low_packet_gated,control_cap224_cfg_low_packet_gated,False,678,2265,8503,1442,145,6383,7970,3.5187637969094925,0.2993377483443709,0.0797365635658003,675,2265,5133,1445,145,3013,4603,2.0322295805739516,0.2980132450331126,0.1315020455873758,675,2265,5133,1445,145,3013,4603,2.0322295805739516,0.2980132450331126,0.1315020455873758,-3,-3,-0.0013245033112582738,-0.0013245033112582738,0.05176548202157549,0.05176548202157549,worsened,worsened
SUPPORTIVE_POST_PRIMARY_READ_ONLY,aishell5,pooled,learned,cap224_minus_raw448,decoder_cap_stage,A5E1_012,raw448,cap224,raw_cfg_low_packet_gated,control_cap224_cfg_low_packet_gated,False,1388,3189,6004,1125,676,3491,5292,1.6594543744120414,0.4352461586704296,0.23117921385742837,1590,3189,4702,665,934,2447,4046,1.26873628096582,0.49858889934148637,0.3381539770310506,1590,3189,4702,665,934,2447,4046,1.26873628096582,0.49858889934148637,0.3381539770310506,202,202,0.06334274067105677,0.06334274067105677,0.10697476317362223,0.10697476317362223,improved,improved
SUPPORTIVE_POST_PRIMARY_READ_ONLY,aishell5,pooled,learned,cap224_minus_raw448,decoder_cap_stage,A5E1_013,raw448,cap224,raw_cfg_low_packet_gated,control_cap224_cfg_low_packet_gated,False,1199,3256,7246,1428,629,4619,6676,2.0503685503685505,0.36824324324324326,0.16547060447143253,1366,3256,5175,1081,809,2728,4618,1.4183046683046683,0.41953316953316955,0.2639613526570048,1366,3256,5175,1081,809,2728,4618,1.4183046683046683,0.41953316953316955,0.2639613526570048,167,167,0.05128992628992629,0.05128992628992629,0.0984907481855723,0.0984907481855723,improved,improved
SUPPORTIVE_POST_PRIMARY_READ_ONLY,aishell5,pooled,learned,cap224_minus_raw448,decoder_cap_stage,A5E1_014,raw448,cap224,raw_cfg_low_packet_gated,control_cap224_cfg_low_packet_gated,False,957,2420,4980,1254,209,2769,4232,1.7487603305785124,0.39545454545454545,0.19216867469879517,957,2420,3603,1078,385,1568,3031,1.2524793388429751,0.39545454545454545,0.2656119900083264,957,2420,3603,1078,385,1568,3031,1.2524793388429751,0.39545454545454545,0.2656119900083264,0,0,0.0,0.0,0.07344331530953124,0.07344331530953124,tie,tie
SUPPORTIVE_POST_PRIMARY_READ_ONLY,aishell5,pooled,learned,cap224_minus_raw448,decoder_cap_stage,A5E1_015,raw448,cap224,raw_cfg_low_packet_gated,control_cap224_cfg_low_packet_gated,False,1961,4528,13084,1738,829,9385,11952,2.639575971731449,0.433083038869258,0.14987771323754204,1984,4528,8821,1655,889,5182,7726,1.7062720848056536,0.4381625441696113,0.22491780977213469,1984,4528,8821,1655,889,5182,7726,1.7062720848056536,0.4381625441696113,0.22491780977213469,23,23,0.0050795053003533375,0.0050795053003533375,0.07504009653459265,0.07504009653459265,improved,improved
SUPPORTIVE_POST_PRIMARY_READ_ONLY,aishell5,pooled,learned,cap224_minus_raw448,decoder_cap_stage,A5E1_016,raw448,cap224,raw_cfg_low_packet_gated,control_cap224_cfg_low_packet_gated,True,704,2631,5399,1709,218,2986,4913,1.8673508171797795,0.2675788673508172,0.13039451750324135,868,2631,3635,1314,449,1453,3216,1.2223489167616877,0.3299125807677689,0.23878954607977992,903,2631,3635,1126,602,1606,3334,1.2671987837324212,0.34321550741163054,0.2484181568088033,164,199,0.06233371341695171,0.07563664006081333,0.10839502857653857,0.11802363930556195,improved,improved
SUPPORTIVE_POST_PRIMARY_READ_ONLY,aishell5,pooled,learned,cap224_minus_raw448,decoder_cap_stage,A5E1_017,raw448,cap224,raw_cfg_low_packet_gated,control_cap224_cfg_low_packet_gated,False,519,2196,7918,1628,49,5771,7448,3.3916211293260474,0.23633879781420766,0.06554685526648144,464,2196,5117,1684,48,2969,4701,2.140710382513661,0.21129326047358835,0.0906781317178034,464,2196,5117,1684,48,2969,4701,2.140710382513661,0.21129326047358835,0.0906781317178034,-55,-55,-0.025045537340619317,-0.025045537340619317,0.02513127645132196,0.02513127645132196,worsened,worsened
SUPPORTIVE_POST_PRIMARY_READ_ONLY,aishell5,pooled,learned,cap224_minus_raw448,decoder_cap_stage,A5E1_018,raw448,cap224,raw_cfg_low_packet_gated,control_cap224_cfg_low_packet_gated,True,216,2338,5615,2122,0,3277,5399,2.309238665526091,0.09238665526090675,0.03846838824577026,405,2338,3728,1524,409,1799,3732,1.5962360992301112,0.17322497861420016,0.108637339055794,157,2338,3728,1932,249,1639,3820,1.6338751069289992,0.0671514114627887,0.0421137339055794,189,-59,0.08083832335329341,-0.02523524379811805,0.07016895081002374,0.003645345659809139,improved,worsened
SUPPORTIVE_POST_PRIMARY_READ_ONLY,aishell5,pooled,learned,cap224_minus_raw448,decoder_cap_stage,A5E2_001,raw448,cap224,raw_cfg_low_packet_gated,control_cap224_cfg_low_packet_gated,False,1237,3330,6825,1567,526,4021,6114,1.836036036036036,0.37147147147147147,0.18124542124542126,1229,3330,4721,1432,669,2060,4161,1.2495495495495494,0.36906906906906906,0.2603262020758314,1229,3330,4721,1432,669,2060,4161,1.2495495495495494,0.36906906906906906,0.2603262020758314,-8,-8,-0.002402402402402415,-0.002402402402402415,0.07908078083041015,0.07908078083041015,worsened,worsened
SUPPORTIVE_POST_PRIMARY_READ_ONLY,aishell5,pooled,learned,cap224_minus_raw448,decoder_cap_stage,A5E2_002,raw448,cap224,raw_cfg_low_packet_gated,control_cap224_cfg_low_packet_gated,False,446,3629,6892,3119,64,3327,6510,1.793882612289887,0.12289887021217967,0.06471271038885665,562,3629,4560,2551,516,1447,4514,1.243868834389639,0.15486359878754477,0.12324561403508771,562,3629,4560,2551,516,1447,4514,1.243868834389639,0.15486359878754477,0.12324561403508771,116,116,0.0319647285753651,0.0319647285753651,0.058532903646231066,0.058532903646231066,improved,improved
SUPPORTIVE_POST_PRIMARY_READ_ONLY,aishell5,pooled,learned,cap224_minus_raw448,decoder_cap_stage,A5E2_003,raw448,cap224,raw_cfg_low_packet_gated,control_cap224_cfg_low_packet_gated,True,130,1784,3814,1650,4,2034,3688,2.0672645739910314,0.07286995515695067,0.03408495018353435,351,1784,2568,1004,429,1213,2646,1.4831838565022422,0.19674887892376683,0.1366822429906542,129,1784,2568,1433,222,1006,2661,1.491591928251121,0.07230941704035874,0.05023364485981308,221,-1,0.12387892376681615,-0.0005605381165919299,0.10259729280711985,0.016148694676278733,improved,worsened
SUPPORTIVE_POST_PRIMARY_READ_ONLY,aishell5,pooled,learned,cap224_minus_raw448,decoder_cap_stage,A5E2_004,raw448,cap224,raw_cfg_low_packet_gated,control_cap224_cfg_low_packet_gated,False,274,3263,6012,2964,25,2774,5763,1.7661661048115231,0.08397180508734294,0.04557551563539587,254,3263,3526,2495,514,777,3786,1.1602819491265706,0.07784247624885075,0.07203630175836642,254,3263,3526,2495,514,777,3786,1.1602819491265706,0.07784247624885075,0.07203630175836642,-20,-20,-0.006129328838492182,-0.006129328838492182,0.02646078612297055,0.02646078612297055,worsened,worsened
SUPPORTIVE_POST_PRIMARY_READ_ONLY,aishell5,pooled,learned,cap224_minus_raw448,decoder_cap_stage,A5E2_005,raw448,cap224,raw_cfg_low_packet_gated,control_cap224_cfg_low_packet_gated,False,911,4472,9452,3238,323,5303,8864,1.9821109123434706,0.20371198568872986,0.09638171815488786,959,4472,5926,2913,600,2054,5567,1.2448568872987478,0.2144454382826476,0.16182922713466083,959,4472,5926,2913,600,2054,5567,1.2448568872987478,0.2144454382826476,0.16182922713466083,48,48,0.010733452593917725,0.010733452593917725,0.06544750897977297,0.06544750897977297,improved,improved
SUPPORTIVE_POST_PRIMARY_READ_ONLY,aishell5,pooled,learned,cap224_minus_raw448,decoder_cap_stage,A5E2_006,raw448,cap224,raw_cfg_low_packet_gated,control_cap224_cfg_low_packet_gated,False,668,3788,13072,2962,158,9442,12562,3.316261879619852,0.17634635691657866,0.0511015911872705,601,3788,8047,2950,237,4496,7683,2.028247096092925,0.15865892291446673,0.07468621846650926,601,3788,8047,2950,237,4496,7683,2.028247096092925,0.15865892291446673,0.07468621846650926,-67,-67,-0.017687434002111924,-0.017687434002111924,0.02358462727923876,0.02358462727923876,worsened,worsened
SUPPORTIVE_POST_PRIMARY_READ_ONLY,aishell5,pooled,learned,cap224_minus_raw448,decoder_cap_stage,A5E2_007,raw448,cap224,raw_cfg_low_packet_gated,control_cap224_cfg_low_packet_gated,True,512,2666,7047,1972,182,4563,6717,2.5195048762190546,0.19204801200300076,0.07265503050943664,451,2666,4307,2032,183,1824,4039,1.5150037509377345,0.16916729182295573,0.10471325748781055,478,2666,4307,1780,408,2049,4237,1.5892723180795199,0.17929482370592648,0.11098212212677037,-61,-34,-0.022880720180045028,-0.01275318829707428,0.032058226978373905,0.03832709161733373,worsened,worsened
SUPPORTIVE_POST_PRIMARY_READ_ONLY,aishell5,pooled,learned,cap224_minus_raw448,decoder_cap_stage,A5E2_008,raw448,cap224,raw_cfg_low_packet_gated,control_cap224_cfg_low_packet_gated,True,766,4247,13300,3318,163,9216,12697,2.989639745702849,0.1803626089004003,0.05759398496240602,1283,4247,8161,1539,1425,5339,8303,1.9550270779373675,0.3020955968919237,0.15721112608748927,733,4247,8161,2404,1110,5024,8538,2.010360254297151,0.1725924181775371,0.08981742433525303,517,-33,0.12173298799152343,-0.007770190722863196,0.09961714112508326,0.03222343937284701,improved,worsened
SUPPORTIVE_POST_PRIMARY_READ_ONLY,aishell5,pooled,learned,cap224_minus_raw448,decoder_cap_stage,A5E2_009,raw448,cap224,raw_cfg_low_packet_gated,control_cap224_cfg_low_packet_gated,True,220,3072,6657,2845,7,3592,6444,2.09765625,0.07161458333333333,0.03304791948325071,516,3072,4228,2048,508,1664,4220,1.3736979166666667,0.16796875,0.12204351939451277,233,3072,4228,2093,746,1902,4741,1.5432942708333333,0.07584635416666667,0.05510879848628193,296,13,0.09635416666666667,0.004231770833333343,0.08899559991126206,0.02206087900303122,improved,improved
SUPPORTIVE_POST_PRIMARY_READ_ONLY,aishell5,pooled,learned,cap224_minus_raw448,decoder_cap_stage,A5E2_010,raw448,cap224,raw_cfg_low_packet_gated,control_cap224_cfg_low_packet_gated,False,614,4241,9458,3430,197,5414,9041,2.131808535722707,0.1447771751945296,0.06491858743920491,811,4241,6276,2082,1348,3383,6813,1.606460740391417,0.19122848384814903,0.12922243467176545,811,4241,6276,2082,1348,3383,6813,1.606460740391417,0.19122848384814903,0.12922243467176545,197,197,0.04645130865361943,0.04645130865361943,0.06430384723256054,0.06430384723256054,improved,improved
SUPPORTIVE_POST_PRIMARY_READ_ONLY,aishell5,pooled,learned,cap224_minus_raw448,decoder_cap_stage,A5E2_011,raw448,cap224,raw_cfg_low_packet_gated,control_cap224_cfg_low_packet_gated,False,560,3330,10302,2565,205,7177,9947,2.987087087087087,0.16816816816816818,0.054358377014172,755,3330,6218,1753,822,3710,6285,1.8873873873873874,0.22672672672672672,0.12142167899646189,755,3330,6218,1753,822,3710,6285,1.8873873873873874,0.22672672672672672,0.12142167899646189,195,195,0.05855855855855854,0.05855855855855854,0.06706330198228988,0.06706330198228988,improved,improved
SUPPORTIVE_POST_PRIMARY_READ_ONLY,aishell5,pooled,learned,cap224_minus_raw448,decoder_cap_stage,A5E2_012,raw448,cap224,raw_cfg_low_packet_gated,control_cap224_cfg_low_packet_gated,False,641,3770,9609,3025,104,5943,9072,2.406366047745358,0.170026525198939,0.06670829430742013,627,3770,5619,2990,153,2002,5145,1.3647214854111407,0.16631299734748012,0.11158569140416444,627,3770,5619,2990,153,2002,5145,1.3647214854111407,0.16631299734748012,0.11158569140416444,-14,-14,-0.00371352785145887,-0.00371352785145887,0.044877397096744306,0.044877397096744306,worsened,worsened
SUPPORTIVE_POST_PRIMARY_READ_ONLY,aishell5,pooled,learned,cap224_minus_raw448,decoder_cap_stage,A5E2_013,raw448,cap224,raw_cfg_low_packet_gated,control_cap224_cfg_low_packet_gated,False,1046,3524,10329,1979,499,7304,9782,2.775822928490352,0.29682179341657206,0.10126827379223545,1164,3524,6731,1661,699,3906,6266,1.7780930760499432,0.33030646992054485,0.1729312137869559,1164,3524,6731,1661,699,3906,6266,1.7780930760499432,0.33030646992054485,0.1729312137869559,118,118,0.0334846765039728,0.0334846765039728,0.07166293999472044,0.07166293999472044,improved,improved
SUPPORTIVE_POST_PRIMARY_READ_ONLY,aishell5,pooled,learned,cap224_minus_raw448,decoder_cap_stage,A5E2_014,raw448,cap224,raw_cfg_low_packet_gated,control_cap224_cfg_low_packet_gated,False,776,4028,11906,3042,210,8088,11340,2.8152929493545185,0.1926514399205561,0.06517722156895683,750,4028,7319,2902,376,3667,6945,1.7241807348560079,0.1861966236345581,0.10247301543926766,750,4028,7319,2902,376,3667,6945,1.7241807348560079,0.1861966236345581,0.10247301543926766,-26,-26,-0.006454816285998005,-0.006454816285998005,0.03729579387031083,0.03729579387031083,worsened,worsened
SUPPORTIVE_POST_PRIMARY_READ_ONLY,aishell5,pooled,learned,cap224_minus_raw448,decoder_cap_stage,A5E2_015,raw448,cap224,raw_cfg_low_packet_gated,control_cap224_cfg_low_packet_gated,False,898,3216,9177,2006,312,6273,8591,2.6713308457711444,0.27922885572139305,0.09785332897461044,889,3216,5728,1748,579,3091,5418,1.6847014925373134,0.2764303482587065,0.15520251396648044,889,3216,5728,1748,579,3091,5418,1.6847014925373134,0.2764303482587065,0.15520251396648044,-9,-9,-0.0027985074626865614,-0.0027985074626865614,0.05734918499187,0.05734918499187,worsened,worsened
SUPPORTIVE_POST_PRIMARY_READ_ONLY,aishell5,pooled,learned,cap224_minus_raw448,decoder_cap_stage,A5E2_016,raw448,cap224,raw_cfg_low_packet_gated,control_cap224_cfg_low_packet_gated,False,359,2629,7893,2166,104,5368,7638,2.905287181437809,0.13655382274629135,0.045483339668060306,493,2629,5002,1812,324,2697,4833,1.8383415747432483,0.18752377329783187,0.09856057576969213,493,2629,5002,1812,324,2697,4833,1.8383415747432483,0.18752377329783187,0.09856057576969213,134,134,0.05096995055154052,0.05096995055154052,0.05307723610163182,0.05307723610163182,improved,improved
SUPPORTIVE_POST_PRIMARY_READ_ONLY,aishell5,pooled,learned,cap224_minus_raw448,decoder_cap_stage,A5E2_017,raw448,cap224,raw_cfg_low_packet_gated,control_cap224_cfg_low_packet_gated,False,667,3154,10134,2287,200,7180,9667,3.064996829422955,0.21147748890298035,0.0658180382869548,620,3154,6114,2329,205,3165,5699,1.8069118579581485,0.19657577679137603,0.10140660778541054,620,3154,6114,2329,205,3165,5699,1.8069118579581485,0.19657577679137603,0.10140660778541054,-47,-47,-0.01490171211160432,-0.01490171211160432,0.035588569498455735,0.035588569498455735,worsened,worsened
SUPPORTIVE_POST_PRIMARY_READ_ONLY,aishell5,pooled,learned,cap224_minus_raw448,decoder_cap_stage,A5E2_018,raw448,cap224,raw_cfg_low_packet_gated,control_cap224_cfg_low_packet_gated,False,1108,4144,11850,2497,539,8245,11281,2.722249034749035,0.2673745173745174,0.09350210970464135,1341,4144,7608,1892,911,4375,7178,1.7321428571428572,0.3236003861003861,0.17626182965299683,1341,4144,7608,1892,911,4375,7178,1.7321428571428572,0.3236003861003861,0.17626182965299683,233,233,0.05622586872586871,0.05622586872586871,0.08275971994835549,0.08275971994835549,improved,improved
SUPPORTIVE_POST_PRIMARY_READ_ONLY,aishell5,pooled,learned,cap224_guard_minus_cap224,guard_after_cap,A5E1_001,cap224,cap224_guard,control_cap224_cfg_low_packet_gated,control_cap224_guarded_cfg_low_packet_gated,False,311,1415,2725,1041,63,1373,2477,1.750530035335689,0.21978798586572437,0.11412844036697248,355,1415,1035,415,645,265,1325,0.9363957597173145,0.2508833922261484,0.34299516908212563,355,1415,1035,415,645,265,1325,0.9363957597173145,0.2508833922261484,0.34299516908212563,44,44,0.031095406360424044,0.031095406360424044,0.22886672871515315,0.22886672871515315,improved,improved
SUPPORTIVE_POST_PRIMARY_READ_ONLY,aishell5,pooled,learned,cap224_guard_minus_cap224,guard_after_cap,A5E1_002,cap224,cap224_guard,control_cap224_cfg_low_packet_gated,control_cap224_guarded_cfg_low_packet_gated,False,850,3204,5556,2011,343,2695,5049,1.5758426966292134,0.26529338327091134,0.15298776097912167,1242,3204,2783,599,1363,942,2904,0.9063670411985019,0.38764044943820225,0.4462809917355372,1242,3204,2783,599,1363,942,2904,0.9063670411985019,0.38764044943820225,0.4462809917355372,392,392,0.12234706616729091,0.12234706616729091,0.29329323075641556,0.29329323075641556,improved,improved
SUPPORTIVE_POST_PRIMARY_READ_ONLY,aishell5,pooled,learned,cap224_guard_minus_cap224,guard_after_cap,A5E1_003,cap224,cap224_guard,control_cap224_cfg_low_packet_gated,control_cap224_guarded_cfg_low_packet_gated,False,568,2425,3815,1286,571,1961,3818,1.5744329896907217,0.23422680412371133,0.14888597640891219,628,2425,2182,777,1020,777,2574,1.061443298969072,0.25896907216494847,0.28780934922089824,628,2425,2182,777,1020,777,2574,1.061443298969072,0.25896907216494847,0.28780934922089824,60,60,0.024742268041237137,0.024742268041237137,0.13892337281198605,0.13892337281198605,improved,improved
SUPPORTIVE_POST_PRIMARY_READ_ONLY,aishell5,pooled,learned,cap224_guard_minus_cap224,guard_after_cap,A5E1_004,cap224,cap224_guard,control_cap224_cfg_low_packet_gated,control_cap224_guarded_cfg_low_packet_gated,False,739,2543,4192,1416,388,2037,3841,1.51042076287849,0.29060165159260715,0.1762881679389313,884,2543,2464,578,1081,1002,2661,1.046401887534408,0.347620920173024,0.3587662337662338,884,2543,2464,578,1081,1002,2661,1.046401887534408,0.347620920173024,0.3587662337662338,145,145,0.05701926858041684,0.05701926858041684,0.1824780658273025,0.1824780658273025,improved,improved
SUPPORTIVE_POST_PRIMARY_READ_ONLY,aishell5,pooled,learned,cap224_guard_minus_cap224,guard_after_cap,A5E1_005,cap224,cap224_guard,control_cap224_cfg_low_packet_gated,control_cap224_guarded_cfg_low_packet_gated,False,1078,2979,5059,1199,702,2782,4683,1.5720040281973817,0.36186639812017457,0.21308559003755684,1216,2979,3134,675,1088,1243,3006,1.0090634441087614,0.4081906680093991,0.3880025526483727,1216,2979,3134,675,1088,1243,3006,1.0090634441087614,0.4081906680093991,0.3880025526483727,138,138,0.046324269889224556,0.046324269889224556,0.17491696261081585,0.17491696261081585,improved,improved
SUPPORTIVE_POST_PRIMARY_READ_ONLY,aishell5,pooled,learned,cap224_guard_minus_cap224,guard_after_cap,A5E1_006,cap224,cap224_guard,control_cap224_cfg_low_packet_gated,control_cap224_guarded_cfg_low_packet_gated,False,339,2142,4073,1587,216,2147,3950,1.8440709617180207,0.15826330532212884,0.08323103363614044,577,2142,1864,521,1044,766,2331,1.088235294117647,0.26937441643323995,0.309549356223176,577,2142,1864,521,1044,766,2331,1.088235294117647,0.26937441643323995,0.309549356223176,238,238,0.1111111111111111,0.1111111111111111,0.22631832258703555,0.22631832258703555,improved,improved
SUPPORTIVE_POST_PRIMARY_READ_ONLY,aishell5,pooled,learned,cap224_guard_minus_cap224,guard_after_cap,A5E1_007,cap224,cap224_guard,control_cap224_cfg_low_packet_gated,control_cap224_guarded_cfg_low_packet_gated,True,535,2939,4541,2099,305,1907,4311,1.466825450833617,0.18203470568220484,0.11781545914996697,913,2939,2524,627,1399,984,3010,1.0241578768288533,0.3106498809118748,0.36172741679873216,698,2939,2524,692,1549,1134,3375,1.1483497788363388,0.23749574685267097,0.2765451664025357,378,163,0.12861517522966995,0.05546104117046613,0.2439119576487652,0.1587297072525687,improved,improved
SUPPORTIVE_POST_PRIMARY_READ_ONLY,aishell5,pooled,learned,cap224_guard_minus_cap224,guard_after_cap,A5E1_008,cap224,cap224_guard,control_cap224_cfg_low_packet_gated,control_cap224_guarded_cfg_low_packet_gated,False,2076,4270,8962,1402,792,5484,7678,1.798126463700234,0.48618266978922714,0.2316447221602321,2055,4270,5370,1120,1095,2195,4410,1.0327868852459017,0.4812646370023419,0.38268156424581007,2055,4270,5370,1120,1095,2195,4410,1.0327868852459017,0.4812646370023419,0.38268156424581007,-21,-21,-0.00491803278688524,-0.00491803278688524,0.15103684208557797,0.15103684208557797,worsened,worsened
SUPPORTIVE_POST_PRIMARY_READ_ONLY,aishell5,pooled,learned,cap224_guard_minus_cap224,guard_after_cap,A5E1_009,cap224,cap224_guard,control_cap224_cfg_low_packet_gated,control_cap224_guarded_cfg_low_packet_gated,True,263,2496,3809,1986,247,1560,3793,1.5196314102564104,0.10536858974358974,0.06904699396166973,472,2496,1802,721,1303,609,2633,1.0548878205128205,0.1891025641025641,0.2619311875693674,488,2496,1802,656,1352,658,2666,1.0681089743589745,0.1955128205128205,0.27081021087680357,209,225,0.08373397435897435,0.09014423076923077,0.19288419360769765,0.20176321691513383,improved,improved
SUPPORTIVE_POST_PRIMARY_READ_ONLY,aishell5,pooled,learned,cap224_guard_minus_cap224,guard_after_cap,A5E1_010,cap224,cap224_guard,control_cap224_cfg_low_packet_gated,control_cap224_guarded_cfg_low_packet_gated,False,179,1860,3741,1637,44,1925,3606,1.9387096774193548,0.09623655913978495,0.04784816893878642,322,1860,1099,437,1101,340,1878,1.0096774193548388,0.17311827956989248,0.2929936305732484,322,1860,1099,437,1101,340,1878,1.0096774193548388,0.17311827956989248,0.2929936305732484,143,143,0.07688172043010753,0.07688172043010753,0.245145461634462,0.245145461634462,improved,improved
SUPPORTIVE_POST_PRIMARY_READ_ONLY,aishell5,pooled,learned,cap224_guard_minus_cap224,guard_after_cap,A5E1_011,cap224,cap224_guard,control_cap224_cfg_low_packet_gated,control_cap224_guarded_cfg_low_packet_gated,True,675,2265,5133,1445,145,3013,4603,2.0322295805739516,0.2980132450331126,0.1315020455873758,622,2265,2452,1139,504,691,2334,1.0304635761589405,0.27461368653421636,0.2536704730831974,652,2265,2452,1034,579,766,2379,1.0503311258278145,0.2878587196467991,0.265905383360522,-53,-23,-0.023399558498896245,-0.010154525386313507,0.1221684274958216,0.1344033377731462,worsened,worsened
SUPPORTIVE_POST_PRIMARY_READ_ONLY,aishell5,pooled,learned,cap224_guard_minus_cap224,guard_after_cap,A5E1_012,cap224,cap224_guard,control_cap224_cfg_low_packet_gated,control_cap224_guarded_cfg_low_packet_gated,False,1590,3189,4702,665,934,2447,4046,1.26873628096582,0.49858889934148637,0.3381539770310506,1575,3189,3557,630,984,1352,2966,0.9300721229225463,0.49388523047977423,0.442788867022772,1575,3189,3557,630,984,1352,2966,0.9300721229225463,0.49388523047977423,0.442788867022772,-15,-15,-0.00470366886171214,-0.00470366886171214,0.10463488999172138,0.10463488999172138,worsened,worsened
SUPPORTIVE_POST_PRIMARY_READ_ONLY,aishell5,pooled,learned,cap224_guard_minus_cap224,guard_after_cap,A5E1_013,cap224,cap224_guard,control_cap224_cfg_low_packet_gated,control_cap224_guarded_cfg_low_packet_gated,False,1366,3256,5175,1081,809,2728,4618,1.4183046683046683,0.41953316953316955,0.2639613526570048,1470,3256,3472,620,1166,1382,3168,0.972972972972973,0.4514742014742015,0.42338709677419356,1470,3256,3472,620,1166,1382,3168,0.972972972972973,0.4514742014742015,0.42338709677419356,104,104,0.03194103194103193,0.03194103194103193,0.15942574411718874,0.15942574411718874,improved,improved
SUPPORTIVE_POST_PRIMARY_READ_ONLY,aishell5,pooled,learned,cap224_guard_minus_cap224,guard_after_cap,A5E1_014,cap224,cap224_guard,control_cap224_cfg_low_packet_gated,control_cap224_guarded_cfg_low_packet_gated,False,957,2420,3603,1078,385,1568,3031,1.2524793388429751,0.39545454545454545,0.2656119900083264,960,2420,2718,825,635,933,2393,0.9888429752066116,0.39669421487603307,0.35320088300220753,960,2420,2718,825,635,933,2393,0.9888429752066116,0.39669421487603307,0.35320088300220753,3,3,0.0012396694214876214,0.0012396694214876214,0.08758889299388112,0.08758889299388112,improved,improved
SUPPORTIVE_POST_PRIMARY_READ_ONLY,aishell5,pooled,learned,cap224_guard_minus_cap224,guard_after_cap,A5E1_015,cap224,cap224_guard,control_cap224_cfg_low_packet_gated,control_cap224_guarded_cfg_low_packet_gated,False,1984,4528,8821,1655,889,5182,7726,1.7062720848056536,0.4381625441696113,0.22491780977213469,2112,4528,5065,852,1564,2101,4517,0.9975706713780919,0.4664310954063604,0.4169792694965449,2112,4528,5065,852,1564,2101,4517,0.9975706713780919,0.4664310954063604,0.4169792694965449,128,128,0.028268551236749095,0.028268551236749095,0.19206145972441022,0.19206145972441022,improved,improved
SUPPORTIVE_POST_PRIMARY_READ_ONLY,aishell5,pooled,learned,cap224_guard_minus_cap224,guard_after_cap,A5E1_016,cap224,cap224_guard,control_cap224_cfg_low_packet_gated,control_cap224_guarded_cfg_low_packet_gated,True,868,2631,3635,1314,449,1453,3216,1.2223489167616877,0.3299125807677689,0.23878954607977992,897,2631,2031,576,1158,558,2292,0.87115165336374,0.3409350057012543,0.44165435745937964,859,2631,2031,620,1152,552,2324,0.8833143291524135,0.32649182820220446,0.42294436238306254,29,-9,0.011022424933485375,-0.0034207525655644555,0.20286481137959972,0.18415481630328262,improved,worsened
SUPPORTIVE_POST_PRIMARY_READ_ONLY,aishell5,pooled,learned,cap224_guard_minus_cap224,guard_after_cap,A5E1_017,cap224,cap224_guard,control_cap224_cfg_low_packet_gated,control_cap224_guarded_cfg_low_packet_gated,False,464,2196,5117,1684,48,2969,4701,2.140710382513661,0.21129326047358835,0.0906781317178034,541,2196,2882,1277,378,1064,2719,1.23816029143898,0.24635701275045538,0.18771686328938236,541,2196,2882,1277,378,1064,2719,1.23816029143898,0.24635701275045538,0.18771686328938236,77,77,0.03506375227686703,0.03506375227686703,0.09703873157157897,0.09703873157157897,improved,improved
SUPPORTIVE_POST_PRIMARY_READ_ONLY,aishell5,pooled,learned,cap224_guard_minus_cap224,guard_after_cap,A5E1_018,cap224,cap224_guard,control_cap224_cfg_low_packet_gated,control_cap224_guarded_cfg_low_packet_gated,False,405,2338,3728,1524,409,1799,3732,1.5962360992301112,0.17322497861420016,0.108637339055794,628,2338,2026,516,1194,882,2592,1.1086398631308811,0.2686056458511548,0.3099703849950642,628,2338,2026,516,1194,882,2592,1.1086398631308811,0.2686056458511548,0.3099703849950642,223,223,0.09538066723695465,0.09538066723695465,0.2013330459392702,0.2013330459392702,improved,improved
SUPPORTIVE_POST_PRIMARY_READ_ONLY,aishell5,pooled,learned,cap224_guard_minus_cap224,guard_after_cap,A5E2_001,cap224,cap224_guard,control_cap224_cfg_low_packet_gated,control_cap224_guarded_cfg_low_packet_gated,False,1229,3330,4721,1432,669,2060,4161,1.2495495495495494,0.36906906906906906,0.2603262020758314,1244,3330,2835,908,1178,683,2769,0.8315315315315316,0.37357357357357357,0.43880070546737215,1244,3330,2835,908,1178,683,2769,0.8315315315315316,0.37357357357357357,0.43880070546737215,15,15,0.004504504504504514,0.004504504504504514,0.17847450339154075,0.17847450339154075,improved,improved
SUPPORTIVE_POST_PRIMARY_READ_ONLY,aishell5,pooled,learned,cap224_guard_minus_cap224,guard_after_cap,A5E2_002,cap224,cap224_guard,control_cap224_cfg_low_packet_gated,control_cap224_guarded_cfg_low_packet_gated,True,562,3629,4560,2551,516,1447,4514,1.243868834389639,0.15486359878754477,0.12324561403508771,779,3629,2427,1177,1673,471,3321,0.9151281344723065,0.21465968586387435,0.32097239390193655,702,3629,2427,992,1935,733,3660,1.0085422981537613,0.19344171948195096,0.2892459826946848,217,140,0.05979608707632958,0.03857812069440619,0.19772677986684883,0.1660003686595971,improved,improved
SUPPORTIVE_POST_PRIMARY_READ_ONLY,aishell5,pooled,learned,cap224_guard_minus_cap224,guard_after_cap,A5E2_003,cap224,cap224_guard,control_cap224_cfg_low_packet_gated,control_cap224_guarded_cfg_low_packet_gated,False,351,1784,2568,1004,429,1213,2646,1.4831838565022422,0.19674887892376683,0.1366822429906542,362,1784,1376,664,758,350,1772,0.9932735426008968,0.20291479820627803,0.26308139534883723,362,1784,1376,664,758,350,1772,0.9932735426008968,0.20291479820627803,0.26308139534883723,11,11,0.006165919282511201,0.006165919282511201,0.12639915235818303,0.12639915235818303,improved,improved
SUPPORTIVE_POST_PRIMARY_READ_ONLY,aishell5,pooled,learned,cap224_guard_minus_cap224,guard_after_cap,A5E2_004,cap224,cap224_guard,control_cap224_cfg_low_packet_gated,control_cap224_guarded_cfg_low_packet_gated,False,254,3263,3526,2495,514,777,3786,1.1602819491265706,0.07784247624885075,0.07203630175836642,398,3263,1439,596,2269,445,3310,1.0144039227704567,0.12197364388599448,0.27658095899930507,398,3263,1439,596,2269,445,3310,1.0144039227704567,0.12197364388599448,0.27658095899930507,144,144,0.044131167637143726,0.044131167637143726,0.20454465724093865,0.20454465724093865,improved,improved
SUPPORTIVE_POST_PRIMARY_READ_ONLY,aishell5,pooled,learned,cap224_guard_minus_cap224,guard_after_cap,A5E2_005,cap224,cap224_guard,control_cap224_cfg_low_packet_gated,control_cap224_guarded_cfg_low_packet_gated,True,959,4472,5926,2913,600,2054,5567,1.2448568872987478,0.2144454382826476,0.16182922713466083,1226,4472,2842,1090,2156,526,3772,0.8434704830053668,0.27415026833631484,0.4313863476425053,1082,4472,2842,1038,2352,722,4112,0.9194991055456172,0.24194991055456172,0.3807178043631246,267,123,0.05970483005366725,0.027504472271914132,0.2695571205078444,0.21888857722846375,improved,improved
SUPPORTIVE_POST_PRIMARY_READ_ONLY,aishell5,pooled,learned,cap224_guard_minus_cap224,guard_after_cap,A5E2_006,cap224,cap224_guard,control_cap224_cfg_low_packet_gated,control_cap224_guarded_cfg_low_packet_gated,False,601,3788,8047,2950,237,4496,7683,2.028247096092925,0.15865892291446673,0.07468621846650926,773,3788,3699,1399,1616,1527,4542,1.1990496304118268,0.20406546990496305,0.20897539875642065,773,3788,3699,1399,1616,1527,4542,1.1990496304118268,0.20406546990496305,0.20897539875642065,172,172,0.045406546990496316,0.045406546990496316,0.13428918028991138,0.13428918028991138,improved,improved
SUPPORTIVE_POST_PRIMARY_READ_ONLY,aishell5,pooled,learned,cap224_guard_minus_cap224,guard_after_cap,A5E2_007,cap224,cap224_guard,control_cap224_cfg_low_packet_gated,control_cap224_guarded_cfg_low_packet_gated,False,451,2666,4307,2032,183,1824,4039,1.5150037509377345,0.16916729182295573,0.10471325748781055,525,2666,1933,801,1340,607,2748,1.0307576894223556,0.19692423105776444,0.27159855147439216,525,2666,1933,801,1340,607,2748,1.0307576894223556,0.19692423105776444,0.27159855147439216,74,74,0.02775693923480871,0.02775693923480871,0.1668852939865816,0.1668852939865816,improved,improved
SUPPORTIVE_POST_PRIMARY_READ_ONLY,aishell5,pooled,learned,cap224_guard_minus_cap224,guard_after_cap,A5E2_008,cap224,cap224_guard,control_cap224_cfg_low_packet_gated,control_cap224_guarded_cfg_low_packet_gated,False,1283,4247,8161,1539,1425,5339,8303,1.9550270779373675,0.3020955968919237,0.15721112608748927,1428,4247,3755,637,2182,1690,4509,1.061690605133035,0.33623734400753474,0.38029294274300934,1428,4247,3755,637,2182,1690,4509,1.061690605133035,0.33623734400753474,0.38029294274300934,145,145,0.03414174711561102,0.03414174711561102,0.22308181665552007,0.22308181665552007,improved,improved
SUPPORTIVE_POST_PRIMARY_READ_ONLY,aishell5,pooled,learned,cap224_guard_minus_cap224,guard_after_cap,A5E2_009,cap224,cap224_guard,control_cap224_cfg_low_packet_gated,control_cap224_guarded_cfg_low_packet_gated,False,516,3072,4228,2048,508,1664,4220,1.3736979166666667,0.16796875,0.12204351939451277,572,3072,1998,866,1634,560,3060,0.99609375,0.18619791666666666,0.2862862862862863,572,3072,1998,866,1634,560,3060,0.99609375,0.18619791666666666,0.2862862862862863,56,56,0.018229166666666657,0.018229166666666657,0.1642427668917735,0.1642427668917735,improved,improved
SUPPORTIVE_POST_PRIMARY_READ_ONLY,aishell5,pooled,learned,cap224_guard_minus_cap224,guard_after_cap,A5E2_010,cap224,cap224_guard,control_cap224_cfg_low_packet_gated,control_cap224_guarded_cfg_low_packet_gated,True,811,4241,6276,2082,1348,3383,6813,1.606460740391417,0.19122848384814903,0.12922243467176545,1253,4241,3464,659,2329,1552,4540,1.0705022400377269,0.2954491865126149,0.3617205542725173,882,4241,3464,481,2878,2101,5460,1.2874322093845791,0.20796981843904738,0.2546189376443418,442,71,0.1042207026644659,0.016741334590898355,0.23249811960075187,0.12539650297257635,improved,improved
SUPPORTIVE_POST_PRIMARY_READ_ONLY,aishell5,pooled,learned,cap224_guard_minus_cap224,guard_after_cap,A5E2_011,cap224,cap224_guard,control_cap224_cfg_low_packet_gated,control_cap224_guarded_cfg_low_packet_gated,True,755,3330,6218,1753,822,3710,6285,1.8873873873873874,0.22672672672672672,0.12142167899646189,676,3330,2639,1056,1598,907,3561,1.0693693693693693,0.203003003003003,0.2561576354679803,862,3330,2639,668,1800,1109,3577,1.0741741741741742,0.25885885885885884,0.3266388783630163,-79,107,-0.023723723723723722,0.03213213213213212,0.13473595647151843,0.20521719936655441,worsened,improved
SUPPORTIVE_POST_PRIMARY_READ_ONLY,aishell5,pooled,learned,cap224_guard_minus_cap224,guard_after_cap,A5E2_012,cap224,cap224_guard,control_cap224_cfg_low_packet_gated,control_cap224_guarded_cfg_low_packet_gated,False,627,3770,5619,2990,153,2002,5145,1.3647214854111407,0.16631299734748012,0.11158569140416444,758,3770,1975,932,2080,285,3297,0.8745358090185676,0.20106100795755968,0.3837974683544304,758,3770,1975,932,2080,285,3297,0.8745358090185676,0.20106100795755968,0.3837974683544304,131,131,0.034748010610079566,0.034748010610079566,0.272211776950266,0.272211776950266,improved,improved
SUPPORTIVE_POST_PRIMARY_READ_ONLY,aishell5,pooled,learned,cap224_guard_minus_cap224,guard_after_cap,A5E2_013,cap224,cap224_guard,control_cap224_cfg_low_packet_gated,control_cap224_guarded_cfg_low_packet_gated,False,1164,3524,6731,1661,699,3906,6266,1.7780930760499432,0.33030646992054485,0.1729312137869559,1274,3524,4270,1158,1092,1838,4088,1.1600454029511917,0.3615209988649262,0.2983606557377049,1274,3524,4270,1158,1092,1838,4088,1.1600454029511917,0.3615209988649262,0.2983606557377049,110,110,0.03121452894438137,0.03121452894438137,0.12542944195074904,0.12542944195074904,improved,improved
SUPPORTIVE_POST_PRIMARY_READ_ONLY,aishell5,pooled,learned,cap224_guard_minus_cap224,guard_after_cap,A5E2_014,cap224,cap224_guard,control_cap224_cfg_low_packet_gated,control_cap224_guarded_cfg_low_packet_gated,False,750,4028,7319,2902,376,3667,6945,1.7241807348560079,0.1861966236345581,0.10247301543926766,1076,4028,3300,1161,1791,1063,4015,0.996772591857001,0.2671300893743793,0.32606060606060605,1076,4028,3300,1161,1791,1063,4015,0.996772591857001,0.2671300893743793,0.32606060606060605,326,326,0.08093346573982121,0.08093346573982121,0.22358759062133837,0.22358759062133837,improved,improved
SUPPORTIVE_POST_PRIMARY_READ_ONLY,aishell5,pooled,learned,cap224_guard_minus_cap224,guard_after_cap,A5E2_015,cap224,cap224_guard,control_cap224_cfg_low_packet_gated,control_cap224_guarded_cfg_low_packet_gated,False,889,3216,5728,1748,579,3091,5418,1.6847014925373134,0.2764303482587065,0.15520251396648044,1005,3216,2741,785,1426,951,3162,0.9832089552238806,0.3125,0.3666545056548705,1005,3216,2741,785,1426,951,3162,0.9832089552238806,0.3125,0.3666545056548705,116,116,0.03606965174129351,0.03606965174129351,0.21145199168839007,0.21145199168839007,improved,improved
SUPPORTIVE_POST_PRIMARY_READ_ONLY,aishell5,pooled,learned,cap224_guard_minus_cap224,guard_after_cap,A5E2_016,cap224,cap224_guard,control_cap224_cfg_low_packet_gated,control_cap224_guarded_cfg_low_packet_gated,True,493,2629,5002,1812,324,2697,4833,1.8383415747432483,0.18752377329783187,0.09856057576969213,536,2629,2276,958,1135,782,2875,1.0935717002662608,0.20387980220616203,0.23550087873462214,583,2629,2276,814,1232,879,2925,1.112590338531761,0.2217573221757322,0.2561511423550088,43,90,0.016356028908330156,0.03423354887790034,0.13694030296493,0.15759056658531667,improved,improved
SUPPORTIVE_POST_PRIMARY_READ_ONLY,aishell5,pooled,learned,cap224_guard_minus_cap224,guard_after_cap,A5E2_017,cap224,cap224_guard,control_cap224_cfg_low_packet_gated,control_cap224_guarded_cfg_low_packet_gated,False,620,3154,6114,2329,205,3165,5699,1.8069118579581485,0.19657577679137603,0.10140660778541054,806,3154,2349,726,1622,817,3165,1.0034876347495245,0.25554850982878885,0.3431247339293316,806,3154,2349,726,1622,817,3165,1.0034876347495245,0.25554850982878885,0.3431247339293316,186,186,0.05897273303741282,0.05897273303741282,0.24171812614392107,0.24171812614392107,improved,improved
SUPPORTIVE_POST_PRIMARY_READ_ONLY,aishell5,pooled,learned,cap224_guard_minus_cap224,guard_after_cap,A5E2_018,cap224,cap224_guard,control_cap224_cfg_low_packet_gated,control_cap224_guarded_cfg_low_packet_gated,True,1341,4144,7608,1892,911,4375,7178,1.7321428571428572,0.3236003861003861,0.17626182965299683,1382,4144,4446,1197,1565,1867,4629,1.1170366795366795,0.3334942084942085,0.3108412055780477,1525,4144,4446,890,1729,2031,4650,1.122104247104247,0.3680019305019305,0.3430049482681062,41,184,0.009893822393822416,0.04440154440154437,0.13457937592505084,0.16674311861510935,improved,improved
SUPPORTIVE_POST_PRIMARY_READ_ONLY,aishell5,pooled,learned,cap224_fallback_minus_cap224,fallback_stage,A5E1_001,cap224,cap224_fallback,control_cap224_cfg_low_packet_gated,control_cap224_fallback_cfg_low_packet_gated,False,311,1415,2725,1041,63,1373,2477,1.750530035335689,0.21978798586572437,0.11412844036697248,327,1415,1003,512,576,164,1252,0.8848056537102473,0.23109540636042403,0.32602193419740777,327,1415,1003,512,576,164,1252,0.8848056537102473,0.23109540636042403,0.32602193419740777,16,16,0.011307420494699655,0.011307420494699655,0.2118934938304353,0.2118934938304353,improved,improved
SUPPORTIVE_POST_PRIMARY_READ_ONLY,aishell5,pooled,learned,cap224_fallback_minus_cap224,fallback_stage,A5E1_002,cap224,cap224_fallback,control_cap224_cfg_low_packet_gated,control_cap224_fallback_cfg_low_packet_gated,False,850,3204,5556,2011,343,2695,5049,1.5758426966292134,0.26529338327091134,0.15298776097912167,839,3204,3830,1768,597,1223,3588,1.1198501872659177,0.26186017478152307,0.21906005221932115,839,3204,3830,1768,597,1223,3588,1.1198501872659177,0.26186017478152307,0.21906005221932115,-11,-11,-0.003433208489388273,-0.003433208489388273,0.06607229124019948,0.06607229124019948,worsened,worsened
SUPPORTIVE_POST_PRIMARY_READ_ONLY,aishell5,pooled,learned,cap224_fallback_minus_cap224,fallback_stage,A5E1_003,cap224,cap224_fallback,control_cap224_cfg_low_packet_gated,control_cap224_fallback_cfg_low_packet_gated,True,568,2425,3815,1286,571,1961,3818,1.5744329896907217,0.23422680412371133,0.14888597640891219,610,2425,1927,770,1045,547,2362,0.9740206185567011,0.2515463917525773,0.31655422937208094,600,2425,1927,646,1179,681,2506,1.03340206185567,0.24742268041237114,0.3113648157758173,42,32,0.017319587628865984,0.013195876288659814,0.16766825296316876,0.16247883936690513,improved,improved
SUPPORTIVE_POST_PRIMARY_READ_ONLY,aishell5,pooled,learned,cap224_fallback_minus_cap224,fallback_stage,A5E1_004,cap224,cap224_fallback,control_cap224_cfg_low_packet_gated,control_cap224_fallback_cfg_low_packet_gated,False,739,2543,4192,1416,388,2037,3841,1.51042076287849,0.29060165159260715,0.1762881679389313,1015,2543,2819,709,819,1095,2623,1.0314589068029887,0.3991348800629178,0.36005675771550194,1015,2543,2819,709,819,1095,2623,1.0314589068029887,0.3991348800629178,0.36005675771550194,276,276,0.10853322847031066,0.10853322847031066,0.18376858977657065,0.18376858977657065,improved,improved
SUPPORTIVE_POST_PRIMARY_READ_ONLY,aishell5,pooled,learned,cap224_fallback_minus_cap224,fallback_stage,A5E1_005,cap224,cap224_fallback,control_cap224_cfg_low_packet_gated,control_cap224_fallback_cfg_low_packet_gated,False,1078,2979,5059,1199,702,2782,4683,1.5720040281973817,0.36186639812017457,0.21308559003755684,1235,2979,3410,713,1031,1462,3206,1.076200067136623,0.414568647197046,0.3621700879765396,1235,2979,3410,713,1031,1462,3206,1.076200067136623,0.414568647197046,0.3621700879765396,157,157,0.05270224907687143,0.05270224907687143,0.14908449793898276,0.14908449793898276,improved,improved
SUPPORTIVE_POST_PRIMARY_READ_ONLY,aishell5,pooled,learned,cap224_fallback_minus_cap224,fallback_stage,A5E1_006,cap224,cap224_fallback,control_cap224_cfg_low_packet_gated,control_cap224_fallback_cfg_low_packet_gated,True,339,2142,4073,1587,216,2147,3950,1.8440709617180207,0.15826330532212884,0.08323103363614044,398,2142,2225,837,907,990,2734,1.276377217553688,0.1858076563958917,0.17887640449438202,565,2142,2225,457,1120,1203,2780,1.2978524743230626,0.2637721755368814,0.2539325842696629,59,226,0.02754435107376285,0.10550887021475258,0.09564537085824158,0.1707015506335225,improved,improved
SUPPORTIVE_POST_PRIMARY_READ_ONLY,aishell5,pooled,learned,cap224_fallback_minus_cap224,fallback_stage,A5E1_007,cap224,cap224_fallback,control_cap224_cfg_low_packet_gated,control_cap224_fallback_cfg_low_packet_gated,True,535,2939,4541,2099,305,1907,4311,1.466825450833617,0.18203470568220484,0.11781545914996697,1004,2939,2746,675,1260,1067,3002,1.0214358625382782,0.3416127934671657,0.36562272396212675,766,2939,2746,739,1434,1241,3414,1.161619598502892,0.2606328683225587,0.2789512017479971,469,231,0.15957808778496088,0.07859816264035388,0.24780726481215978,0.16113574259803012,improved,improved
SUPPORTIVE_POST_PRIMARY_READ_ONLY,aishell5,pooled,learned,cap224_fallback_minus_cap224,fallback_stage,A5E1_008,cap224,cap224_fallback,control_cap224_cfg_low_packet_gated,control_cap224_fallback_cfg_low_packet_gated,False,2076,4270,8962,1402,792,5484,7678,1.798126463700234,0.48618266978922714,0.2316447221602321,2088,4270,5813,1123,1059,2602,4784,1.1203747072599533,0.4889929742388759,0.3591949079649062,2088,4270,5813,1123,1059,2602,4784,1.1203747072599533,0.4889929742388759,0.3591949079649062,12,12,0.0028103044496487484,0.0028103044496487484,0.12755018580467412,0.12755018580467412,improved,improved
SUPPORTIVE_POST_PRIMARY_READ_ONLY,aishell5,pooled,learned,cap224_fallback_minus_cap224,fallback_stage,A5E1_009,cap224,cap224_fallback,control_cap224_cfg_low_packet_gated,control_cap224_fallback_cfg_low_packet_gated,False,263,2496,3809,1986,247,1560,3793,1.5196314102564104,0.10536858974358974,0.06904699396166973,512,2496,1990,805,1179,673,2657,1.064503205128205,0.20512820512820512,0.25728643216080405,512,2496,1990,805,1179,673,2657,1.064503205128205,0.20512820512820512,0.25728643216080405,249,249,0.09975961538461538,0.09975961538461538,0.1882394381991343,0.1882394381991343,improved,improved
SUPPORTIVE_POST_PRIMARY_READ_ONLY,aishell5,pooled,learned,cap224_fallback_minus_cap224,fallback_stage,A5E1_010,cap224,cap224_fallback,control_cap224_cfg_low_packet_gated,control_cap224_fallback_cfg_low_packet_gated,False,179,1860,3741,1637,44,1925,3606,1.9387096774193548,0.09623655913978495,0.04784816893878642,277,1860,1321,645,938,399,1982,1.0655913978494624,0.1489247311827957,0.20968962906888722,277,1860,1321,645,938,399,1982,1.0655913978494624,0.1489247311827957,0.20968962906888722,98,98,0.05268817204301075,0.05268817204301075,0.1618414601301008,0.1618414601301008,improved,improved
SUPPORTIVE_POST_PRIMARY_READ_ONLY,aishell5,pooled,learned,cap224_fallback_minus_cap224,fallback_stage,A5E1_011,cap224,cap224_fallback,control_cap224_cfg_low_packet_gated,control_cap224_fallback_cfg_low_packet_gated,False,675,2265,5133,1445,145,3013,4603,2.0322295805739516,0.2980132450331126,0.1315020455873758,595,2265,2119,1045,625,479,2149,0.9487858719646799,0.26269315673289184,0.28079282680509676,595,2265,2119,1045,625,479,2149,0.9487858719646799,0.26269315673289184,0.28079282680509676,-80,-80,-0.035320088300220764,-0.035320088300220764,0.14929078121772096,0.14929078121772096,worsened,worsened
SUPPORTIVE_POST_PRIMARY_READ_ONLY,aishell5,pooled,learned,cap224_fallback_minus_cap224,fallback_stage,A5E1_012,cap224,cap224_fallback,control_cap224_cfg_low_packet_gated,control_cap224_fallback_cfg_low_packet_gated,False,1590,3189,4702,665,934,2447,4046,1.26873628096582,0.49858889934148637,0.3381539770310506,1621,3189,3635,611,957,1403,2971,0.931640012543117,0.5083098149890247,0.44594222833562586,1621,3189,3635,611,957,1403,2971,0.931640012543117,0.5083098149890247,0.44594222833562586,31,31,0.009720915647538353,0.009720915647538353,0.10778825130457526,0.10778825130457526,improved,improved
SUPPORTIVE_POST_PRIMARY_READ_ONLY,aishell5,pooled,learned,cap224_fallback_minus_cap224,fallback_stage,A5E1_013,cap224,cap224_fallback,control_cap224_cfg_low_packet_gated,control_cap224_fallback_cfg_low_packet_gated,False,1366,3256,5175,1081,809,2728,4618,1.4183046683046683,0.41953316953316955,0.2639613526570048,1509,3256,3543,645,1102,1389,3136,0.9631449631449631,0.46345208845208846,0.4259102455546147,1509,3256,3543,645,1102,1389,3136,0.9631449631449631,0.46345208845208846,0.4259102455546147,143,143,0.043918918918918914,0.043918918918918914,0.1619488928976099,0.1619488928976099,improved,improved
SUPPORTIVE_POST_PRIMARY_READ_ONLY,aishell5,pooled,learned,cap224_fallback_minus_cap224,fallback_stage,A5E1_014,cap224,cap224_fallback,control_cap224_cfg_low_packet_gated,control_cap224_fallback_cfg_low_packet_gated,True,957,2420,3603,1078,385,1568,3031,1.2524793388429751,0.39545454545454545,0.2656119900083264,958,2420,2573,850,612,765,2227,0.9202479338842975,0.3958677685950413,0.37232802176447727,959,2420,2573,783,678,831,2292,0.947107438016529,0.3962809917355372,0.37271667314418966,1,2,0.0004132231404958553,0.0008264462809917661,0.10671603175615085,0.10710468313586324,improved,improved
SUPPORTIVE_POST_PRIMARY_READ_ONLY,aishell5,pooled,learned,cap224_fallback_minus_cap224,fallback_stage,A5E1_015,cap224,cap224_fallback,control_cap224_cfg_low_packet_gated,control_cap224_fallback_cfg_low_packet_gated,False,1984,4528,8821,1655,889,5182,7726,1.7062720848056536,0.4381625441696113,0.22491780977213469,2193,4528,5471,980,1355,2298,4633,1.0231890459363957,0.4843197879858657,0.4008407969292634,2193,4528,5471,980,1355,2298,4633,1.0231890459363957,0.4843197879858657,0.4008407969292634,209,209,0.04615724381625441,0.04615724381625441,0.1759229871571287,0.1759229871571287,improved,improved
SUPPORTIVE_POST_PRIMARY_READ_ONLY,aishell5,pooled,learned,cap224_fallback_minus_cap224,fallback_stage,A5E1_016,cap224,cap224_fallback,control_cap224_cfg_low_packet_gated,control_cap224_fallback_cfg_low_packet_gated,True,868,2631,3635,1314,449,1453,3216,1.2223489167616877,0.3299125807677689,0.23878954607977992,932,2631,1999,628,1071,439,2138,0.8126187761307487,0.3542379323451159,0.46623311655827915,873,2631,1999,537,1221,589,2347,0.8920562523755227,0.33181299885974913,0.4367183591795898,64,5,0.024325351577347,0.001900418091980216,0.22744357047849922,0.19792881309980986,improved,improved
SUPPORTIVE_POST_PRIMARY_READ_ONLY,aishell5,pooled,learned,cap224_fallback_minus_cap224,fallback_stage,A5E1_017,cap224,cap224_fallback,control_cap224_cfg_low_packet_gated,control_cap224_fallback_cfg_low_packet_gated,False,464,2196,5117,1684,48,2969,4701,2.140710382513661,0.21129326047358835,0.0906781317178034,522,2196,3225,1460,214,1243,2917,1.3283242258652095,0.23770491803278687,0.16186046511627908,522,2196,3225,1460,214,1243,2917,1.3283242258652095,0.23770491803278687,0.16186046511627908,58,58,0.026411657559198526,0.026411657559198526,0.07118233339847568,0.07118233339847568,improved,improved
SUPPORTIVE_POST_PRIMARY_READ_ONLY,aishell5,pooled,learned,cap224_fallback_minus_cap224,fallback_stage,A5E1_018,cap224,cap224_fallback,control_cap224_cfg_low_packet_gated,control_cap224_fallback_cfg_low_packet_gated,False,405,2338,3728,1524,409,1799,3732,1.5962360992301112,0.17322497861420016,0.108637339055794,641,2338,2059,557,1140,861,2558,1.0940975192472198,0.27416595380667236,0.3113161728994658,641,2338,2059,557,1140,861,2558,1.0940975192472198,0.27416595380667236,0.3113161728994658,236,236,0.1009409751924722,0.1009409751924722,0.2026788338436718,0.2026788338436718,improved,improved
SUPPORTIVE_POST_PRIMARY_READ_ONLY,aishell5,pooled,learned,cap224_fallback_minus_cap224,fallback_stage,A5E2_001,cap224,cap224_fallback,control_cap224_cfg_low_packet_gated,control_cap224_fallback_cfg_low_packet_gated,False,1229,3330,4721,1432,669,2060,4161,1.2495495495495494,0.36906906906906906,0.2603262020758314,1262,3330,3067,1069,999,736,2804,0.842042042042042,0.378978978978979,0.41147701336811215,1262,3330,3067,1069,999,736,2804,0.842042042042042,0.378978978978979,0.41147701336811215,33,33,0.00990990990990992,0.00990990990990992,0.15115081129228075,0.15115081129228075,improved,improved
SUPPORTIVE_POST_PRIMARY_READ_ONLY,aishell5,pooled,learned,cap224_fallback_minus_cap224,fallback_stage,A5E2_002,cap224,cap224_fallback,control_cap224_cfg_low_packet_gated,control_cap224_fallback_cfg_low_packet_gated,True,562,3629,4560,2551,516,1447,4514,1.243868834389639,0.15486359878754477,0.12324561403508771,758,3629,2685,1394,1477,533,3404,0.9379994488839901,0.20887296775971342,0.2823091247672253,678,3629,2685,1197,1754,810,3761,1.036373656654726,0.18682832736290989,0.25251396648044694,196,116,0.05400936897216865,0.031964728575365114,0.1590635107321376,0.12926835244535922,improved,improved
SUPPORTIVE_POST_PRIMARY_READ_ONLY,aishell5,pooled,learned,cap224_fallback_minus_cap224,fallback_stage,A5E2_003,cap224,cap224_fallback,control_cap224_cfg_low_packet_gated,control_cap224_fallback_cfg_low_packet_gated,False,351,1784,2568,1004,429,1213,2646,1.4831838565022422,0.19674887892376683,0.1366822429906542,356,1784,1462,663,765,443,1871,1.0487668161434978,0.19955156950672645,0.24350205198358413,356,1784,1462,663,765,443,1871,1.0487668161434978,0.19955156950672645,0.24350205198358413,5,5,0.0028026905829596216,0.0028026905829596216,0.10681980899292992,0.10681980899292992,improved,improved
SUPPORTIVE_POST_PRIMARY_READ_ONLY,aishell5,pooled,learned,cap224_fallback_minus_cap224,fallback_stage,A5E2_004,cap224,cap224_fallback,control_cap224_cfg_low_packet_gated,control_cap224_fallback_cfg_low_packet_gated,False,254,3263,3526,2495,514,777,3786,1.1602819491265706,0.07784247624885075,0.07203630175836642,306,3263,1565,778,2179,481,3438,1.0536316273368067,0.09377873122893043,0.19552715654952077,306,3263,1565,778,2179,481,3438,1.0536316273368067,0.09377873122893043,0.19552715654952077,52,52,0.01593625498007968,0.01593625498007968,0.12349085479115435,0.12349085479115435,improved,improved
SUPPORTIVE_POST_PRIMARY_READ_ONLY,aishell5,pooled,learned,cap224_fallback_minus_cap224,fallback_stage,A5E2_005,cap224,cap224_fallback,control_cap224_cfg_low_packet_gated,control_cap224_fallback_cfg_low_packet_gated,True,959,4472,5926,2913,600,2054,5567,1.2448568872987478,0.2144454382826476,0.16182922713466083,1217,4472,3047,1212,2043,618,3873,0.8660554561717353,0.27213774597495527,0.39940925500492286,1043,4472,3047,1145,2284,859,4288,0.9588550983899821,0.23322898032200357,0.3423039054808008,258,84,0.05769230769230768,0.018783542039355977,0.23758002787026203,0.18047467834613998,improved,improved
SUPPORTIVE_POST_PRIMARY_READ_ONLY,aishell5,pooled,learned,cap224_fallback_minus_cap224,fallback_stage,A5E2_006,cap224,cap224_fallback,control_cap224_cfg_low_packet_gated,control_cap224_fallback_cfg_low_packet_gated,False,601,3788,8047,2950,237,4496,7683,2.028247096092925,0.15865892291446673,0.07468621846650926,854,3788,3966,1650,1284,1462,4396,1.160506863780359,0.22544878563885956,0.21533030761472516,854,3788,3966,1650,1284,1462,4396,1.160506863780359,0.22544878563885956,0.21533030761472516,253,253,0.06678986272439283,0.06678986272439283,0.1406440891482159,0.1406440891482159,improved,improved
SUPPORTIVE_POST_PRIMARY_READ_ONLY,aishell5,pooled,learned,cap224_fallback_minus_cap224,fallback_stage,A5E2_007,cap224,cap224_fallback,control_cap224_cfg_low_packet_gated,control_cap224_fallback_cfg_low_packet_gated,True,451,2666,4307,2032,183,1824,4039,1.5150037509377345,0.16916729182295573,0.10471325748781055,597,2666,2267,1102,967,568,2637,0.9891222805701425,0.22393098274568643,0.26334362593736216,576,2666,2267,802,1288,889,2979,1.117404351087772,0.21605401350337583,0.25408028231142477,146,125,0.0547636909227307,0.0468867216804201,0.1586303684495516,0.14936702482361422,improved,improved
SUPPORTIVE_POST_PRIMARY_READ_ONLY,aishell5,pooled,learned,cap224_fallback_minus_cap224,fallback_stage,A5E2_008,cap224,cap224_fallback,control_cap224_cfg_low_packet_gated,control_cap224_fallback_cfg_low_packet_gated,False,1283,4247,8161,1539,1425,5339,8303,1.9550270779373675,0.3020955968919237,0.15721112608748927,1378,4247,4270,628,2241,2264,5133,1.2086178478926302,0.32446432776077233,0.3227166276346604,1378,4247,4270,628,2241,2264,5133,1.2086178478926302,0.32446432776077233,0.3227166276346604,95,95,0.022368730868848608,0.022368730868848608,0.16550550154717114,0.16550550154717114,improved,improved
SUPPORTIVE_POST_PRIMARY_READ_ONLY,aishell5,pooled,learned,cap224_fallback_minus_cap224,fallback_stage,A5E2_009,cap224,cap224_fallback,control_cap224_cfg_low_packet_gated,control_cap224_fallback_cfg_low_packet_gated,False,516,3072,4228,2048,508,1664,4220,1.3736979166666667,0.16796875,0.12204351939451277,598,3072,2133,950,1524,585,3059,0.9957682291666666,0.19466145833333334,0.2803563056727614,598,3072,2133,950,1524,585,3059,0.9957682291666666,0.19466145833333334,0.2803563056727614,82,82,0.026692708333333343,0.026692708333333343,0.1583127862782486,0.1583127862782486,improved,improved
SUPPORTIVE_POST_PRIMARY_READ_ONLY,aishell5,pooled,learned,cap224_fallback_minus_cap224,fallback_stage,A5E2_010,cap224,cap224_fallback,control_cap224_cfg_low_packet_gated,control_cap224_fallback_cfg_low_packet_gated,True,811,4241,6276,2082,1348,3383,6813,1.606460740391417,0.19122848384814903,0.12922243467176545,1211,4241,3357,690,2340,1456,4486,1.0577693940108466,0.28554586182504127,0.3607387548406315,862,4241,3357,466,2913,2029,5408,1.2751709502475832,0.2032539495402028,0.25677688412272864,400,51,0.09431737797689224,0.01202546569205376,0.23151632016886606,0.1275544494509632,improved,improved
SUPPORTIVE_POST_PRIMARY_READ_ONLY,aishell5,pooled,learned,cap224_fallback_minus_cap224,fallback_stage,A5E2_011,cap224,cap224_fallback,control_cap224_cfg_low_packet_gated,control_cap224_fallback_cfg_low_packet_gated,False,755,3330,6218,1753,822,3710,6285,1.8873873873873874,0.22672672672672672,0.12142167899646189,946,3330,2772,726,1658,1100,3484,1.0462462462462463,0.2840840840840841,0.3412698412698413,946,3330,2772,726,1658,1100,3484,1.0462462462462463,0.2840840840840841,0.3412698412698413,191,191,0.057357357357357364,0.057357357357357364,0.2198481622733794,0.2198481622733794,improved,improved
SUPPORTIVE_POST_PRIMARY_READ_ONLY,aishell5,pooled,learned,cap224_fallback_minus_cap224,fallback_stage,A5E2_012,cap224,cap224_fallback,control_cap224_cfg_low_packet_gated,control_cap224_fallback_cfg_low_packet_gated,False,627,3770,5619,2990,153,2002,5145,1.3647214854111407,0.16631299734748012,0.11158569140416444,737,3770,2233,1188,1845,308,3341,0.8862068965517241,0.19549071618037137,0.33004926108374383,737,3770,2233,1188,1845,308,3341,0.8862068965517241,0.19549071618037137,0.33004926108374383,110,110,0.029177718832891247,0.029177718832891247,0.2184635696795794,0.2184635696795794,improved,improved
SUPPORTIVE_POST_PRIMARY_READ_ONLY,aishell5,pooled,learned,cap224_fallback_minus_cap224,fallback_stage,A5E2_013,cap224,cap224_fallback,control_cap224_cfg_low_packet_gated,control_cap224_fallback_cfg_low_packet_gated,False,1164,3524,6731,1661,699,3906,6266,1.7780930760499432,0.33030646992054485,0.1729312137869559,1481,3524,3966,786,1257,1699,3742,1.0618615209988649,0.420261066969353,0.3734241048915784,1481,3524,3966,786,1257,1699,3742,1.0618615209988649,0.420261066969353,0.3734241048915784,317,317,0.08995459704880815,0.08995459704880815,0.2004928911046225,0.2004928911046225,improved,improved
SUPPORTIVE_POST_PRIMARY_READ_ONLY,aishell5,pooled,learned,cap224_fallback_minus_cap224,fallback_stage,A5E2_014,cap224,cap224_fallback,control_cap224_cfg_low_packet_gated,control_cap224_fallback_cfg_low_packet_gated,True,750,4028,7319,2902,376,3667,6945,1.7241807348560079,0.1861966236345581,0.10247301543926766,1355,4028,3546,761,1912,1430,4103,1.0186196623634558,0.33639523336643495,0.38212069937958265,1105,4028,3546,1231,1692,1210,4133,1.0260675273088382,0.2743296921549156,0.31161872532430906,605,355,0.15019860973187685,0.08813306852035749,0.279647683940315,0.2091457098850414,improved,improved
SUPPORTIVE_POST_PRIMARY_READ_ONLY,aishell5,pooled,learned,cap224_fallback_minus_cap224,fallback_stage,A5E2_015,cap224,cap224_fallback,control_cap224_cfg_low_packet_gated,control_cap224_fallback_cfg_low_packet_gated,False,889,3216,5728,1748,579,3091,5418,1.6847014925373134,0.2764303482587065,0.15520251396648044,1027,3216,3090,811,1378,1252,3441,1.069962686567164,0.3193407960199005,0.33236245954692556,1027,3216,3090,811,1378,1252,3441,1.069962686567164,0.3193407960199005,0.33236245954692556,138,138,0.042910447761194015,0.042910447761194015,0.17715994558044512,0.17715994558044512,improved,improved
SUPPORTIVE_POST_PRIMARY_READ_ONLY,aishell5,pooled,learned,cap224_fallback_minus_cap224,fallback_stage,A5E2_016,cap224,cap224_fallback,control_cap224_cfg_low_packet_gated,control_cap224_fallback_cfg_low_packet_gated,True,493,2629,5002,1812,324,2697,4833,1.8383415747432483,0.18752377329783187,0.09856057576969213,524,2629,2380,1103,1002,753,2858,1.0871053632559908,0.199315329022442,0.22016806722689075,578,2629,2380,935,1116,867,2918,1.109927729174591,0.2198554583491822,0.24285714285714285,31,85,0.011791555724610131,0.03233168505135031,0.12160749145719862,0.14429656708745073,improved,improved
SUPPORTIVE_POST_PRIMARY_READ_ONLY,aishell5,pooled,learned,cap224_fallback_minus_cap224,fallback_stage,A5E2_017,cap224,cap224_fallback,control_cap224_cfg_low_packet_gated,control_cap224_fallback_cfg_low_packet_gated,False,620,3154,6114,2329,205,3165,5699,1.8069118579581485,0.19657577679137603,0.10140660778541054,792,3154,2762,1049,1313,921,3283,1.0409004438807863,0.25110970196575777,0.28674873280231716,792,3154,2762,1049,1313,921,3283,1.0409004438807863,0.25110970196575777,0.28674873280231716,172,172,0.05453392517438174,0.05453392517438174,0.1853421250169066,0.1853421250169066,improved,improved
SUPPORTIVE_POST_PRIMARY_READ_ONLY,aishell5,pooled,learned,cap224_fallback_minus_cap224,fallback_stage,A5E2_018,cap224,cap224_fallback,control_cap224_cfg_low_packet_gated,control_cap224_fallback_cfg_low_packet_gated,True,1341,4144,7608,1892,911,4375,7178,1.7321428571428572,0.3236003861003861,0.17626182965299683,1465,4144,4198,1243,1436,1490,4169,1.0060328185328185,0.353523166023166,0.3489757027155789,1600,4144,4198,949,1595,1649,4193,1.0118243243243243,0.3861003861003861,0.38113387327298714,124,259,0.02992277992277992,0.0625,0.17271387306258204,0.2048720436199903,improved,improved
SUPPORTIVE_POST_PRIMARY_READ_ONLY,aishell5,pooled,learned,cap224_fallback_guard_minus_cap224_fallback,residual_guard_after_fallback,A5E1_001,cap224_fallback,cap224_fallback_guard,control_cap224_fallback_cfg_low_packet_gated,control_cap224_fallback_guarded_cfg_low_packet_gated,False,327,1415,1003,512,576,164,1252,0.8848056537102473,0.23109540636042403,0.32602193419740777,327,1415,1003,512,576,164,1252,0.8848056537102473,0.23109540636042403,0.32602193419740777,327,1415,1003,512,576,164,1252,0.8848056537102473,0.23109540636042403,0.32602193419740777,0,0,0.0,0.0,0.0,0.0,tie,tie
SUPPORTIVE_POST_PRIMARY_READ_ONLY,aishell5,pooled,learned,cap224_fallback_guard_minus_cap224_fallback,residual_guard_after_fallback,A5E1_002,cap224_fallback,cap224_fallback_guard,control_cap224_fallback_cfg_low_packet_gated,control_cap224_fallback_guarded_cfg_low_packet_gated,False,839,3204,3830,1768,597,1223,3588,1.1198501872659177,0.26186017478152307,0.21906005221932115,839,3204,3830,1768,597,1223,3588,1.1198501872659177,0.26186017478152307,0.21906005221932115,839,3204,3830,1768,597,1223,3588,1.1198501872659177,0.26186017478152307,0.21906005221932115,0,0,0.0,0.0,0.0,0.0,tie,tie
SUPPORTIVE_POST_PRIMARY_READ_ONLY,aishell5,pooled,learned,cap224_fallback_guard_minus_cap224_fallback,residual_guard_after_fallback,A5E1_003,cap224_fallback,cap224_fallback_guard,control_cap224_fallback_cfg_low_packet_gated,control_cap224_fallback_guarded_cfg_low_packet_gated,False,610,2425,1927,770,1045,547,2362,0.9740206185567011,0.2515463917525773,0.31655422937208094,610,2425,1927,770,1045,547,2362,0.9740206185567011,0.2515463917525773,0.31655422937208094,610,2425,1927,770,1045,547,2362,0.9740206185567011,0.2515463917525773,0.31655422937208094,0,0,0.0,0.0,0.0,0.0,tie,tie
SUPPORTIVE_POST_PRIMARY_READ_ONLY,aishell5,pooled,learned,cap224_fallback_guard_minus_cap224_fallback,residual_guard_after_fallback,A5E1_004,cap224_fallback,cap224_fallback_guard,control_cap224_fallback_cfg_low_packet_gated,control_cap224_fallback_guarded_cfg_low_packet_gated,False,1015,2543,2819,709,819,1095,2623,1.0314589068029887,0.3991348800629178,0.36005675771550194,1015,2543,2819,709,819,1095,2623,1.0314589068029887,0.3991348800629178,0.36005675771550194,1015,2543,2819,709,819,1095,2623,1.0314589068029887,0.3991348800629178,0.36005675771550194,0,0,0.0,0.0,0.0,0.0,tie,tie
SUPPORTIVE_POST_PRIMARY_READ_ONLY,aishell5,pooled,learned,cap224_fallback_guard_minus_cap224_fallback,residual_guard_after_fallback,A5E1_005,cap224_fallback,cap224_fallback_guard,control_cap224_fallback_cfg_low_packet_gated,control_cap224_fallback_guarded_cfg_low_packet_gated,False,1235,2979,3410,713,1031,1462,3206,1.076200067136623,0.414568647197046,0.3621700879765396,1235,2979,3410,713,1031,1462,3206,1.076200067136623,0.414568647197046,0.3621700879765396,1235,2979,3410,713,1031,1462,3206,1.076200067136623,0.414568647197046,0.3621700879765396,0,0,0.0,0.0,0.0,0.0,tie,tie
SUPPORTIVE_POST_PRIMARY_READ_ONLY,aishell5,pooled,learned,cap224_fallback_guard_minus_cap224_fallback,residual_guard_after_fallback,A5E1_006,cap224_fallback,cap224_fallback_guard,control_cap224_fallback_cfg_low_packet_gated,control_cap224_fallback_guarded_cfg_low_packet_gated,False,398,2142,2225,837,907,990,2734,1.276377217553688,0.1858076563958917,0.17887640449438202,398,2142,2209,821,923,990,2734,1.276377217553688,0.1858076563958917,0.18017202354006337,398,2142,2209,821,923,990,2734,1.276377217553688,0.1858076563958917,0.18017202354006337,0,0,0.0,0.0,0.0012956190456813454,0.0012956190456813454,tie,tie
SUPPORTIVE_POST_PRIMARY_READ_ONLY,aishell5,pooled,learned,cap224_fallback_guard_minus_cap224_fallback,residual_guard_after_fallback,A5E1_007,cap224_fallback,cap224_fallback_guard,control_cap224_fallback_cfg_low_packet_gated,control_cap224_fallback_guarded_cfg_low_packet_gated,False,1004,2939,2746,675,1260,1067,3002,1.0214358625382782,0.3416127934671657,0.36562272396212675,1004,2939,2746,675,1260,1067,3002,1.0214358625382782,0.3416127934671657,0.36562272396212675,1004,2939,2746,675,1260,1067,3002,1.0214358625382782,0.3416127934671657,0.36562272396212675,0,0,0.0,0.0,0.0,0.0,tie,tie
SUPPORTIVE_POST_PRIMARY_READ_ONLY,aishell5,pooled,learned,cap224_fallback_guard_minus_cap224_fallback,residual_guard_after_fallback,A5E1_008,cap224_fallback,cap224_fallback_guard,control_cap224_fallback_cfg_low_packet_gated,control_cap224_fallback_guarded_cfg_low_packet_gated,False,2088,4270,5813,1123,1059,2602,4784,1.1203747072599533,0.4889929742388759,0.3591949079649062,2088,4270,5649,1123,1059,2438,4620,1.0819672131147542,0.4889929742388759,0.36962294211364843,2088,4270,5649,1123,1059,2438,4620,1.0819672131147542,0.4889929742388759,0.36962294211364843,0,0,0.0,0.0,0.010428034148742216,0.010428034148742216,tie,tie
SUPPORTIVE_POST_PRIMARY_READ_ONLY,aishell5,pooled,learned,cap224_fallback_guard_minus_cap224_fallback,residual_guard_after_fallback,A5E1_009,cap224_fallback,cap224_fallback_guard,control_cap224_fallback_cfg_low_packet_gated,control_cap224_fallback_guarded_cfg_low_packet_gated,False,512,2496,1990,805,1179,673,2657,1.064503205128205,0.20512820512820512,0.25728643216080405,512,2496,1990,805,1179,673,2657,1.064503205128205,0.20512820512820512,0.25728643216080405,512,2496,1990,805,1179,673,2657,1.064503205128205,0.20512820512820512,0.25728643216080405,0,0,0.0,0.0,0.0,0.0,tie,tie
SUPPORTIVE_POST_PRIMARY_READ_ONLY,aishell5,pooled,learned,cap224_fallback_guard_minus_cap224_fallback,residual_guard_after_fallback,A5E1_010,cap224_fallback,cap224_fallback_guard,control_cap224_fallback_cfg_low_packet_gated,control_cap224_fallback_guarded_cfg_low_packet_gated,False,277,1860,1321,645,938,399,1982,1.0655913978494624,0.1489247311827957,0.20968962906888722,277,1860,1321,645,938,399,1982,1.0655913978494624,0.1489247311827957,0.20968962906888722,277,1860,1321,645,938,399,1982,1.0655913978494624,0.1489247311827957,0.20968962906888722,0,0,0.0,0.0,0.0,0.0,tie,tie
SUPPORTIVE_POST_PRIMARY_READ_ONLY,aishell5,pooled,learned,cap224_fallback_guard_minus_cap224_fallback,residual_guard_after_fallback,A5E1_011,cap224_fallback,cap224_fallback_guard,control_cap224_fallback_cfg_low_packet_gated,control_cap224_fallback_guarded_cfg_low_packet_gated,False,595,2265,2119,1045,625,479,2149,0.9487858719646799,0.26269315673289184,0.28079282680509676,595,2265,2065,991,679,479,2149,0.9487858719646799,0.26269315673289184,0.288135593220339,595,2265,2065,991,679,479,2149,0.9487858719646799,0.26269315673289184,0.288135593220339,0,0,0.0,0.0,0.00734276641524223,0.00734276641524223,tie,tie
SUPPORTIVE_POST_PRIMARY_READ_ONLY,aishell5,pooled,learned,cap224_fallback_guard_minus_cap224_fallback,residual_guard_after_fallback,A5E1_012,cap224_fallback,cap224_fallback_guard,control_cap224_fallback_cfg_low_packet_gated,control_cap224_fallback_guarded_cfg_low_packet_gated,False,1621,3189,3635,611,957,1403,2971,0.931640012543117,0.5083098149890247,0.44594222833562586,1621,3189,3635,611,957,1403,2971,0.931640012543117,0.5083098149890247,0.44594222833562586,1621,3189,3635,611,957,1403,2971,0.931640012543117,0.5083098149890247,0.44594222833562586,0,0,0.0,0.0,0.0,0.0,tie,tie
SUPPORTIVE_POST_PRIMARY_READ_ONLY,aishell5,pooled,learned,cap224_fallback_guard_minus_cap224_fallback,residual_guard_after_fallback,A5E1_013,cap224_fallback,cap224_fallback_guard,control_cap224_fallback_cfg_low_packet_gated,control_cap224_fallback_guarded_cfg_low_packet_gated,False,1509,3256,3543,645,1102,1389,3136,0.9631449631449631,0.46345208845208846,0.4259102455546147,1509,3256,3543,645,1102,1389,3136,0.9631449631449631,0.46345208845208846,0.4259102455546147,1509,3256,3543,645,1102,1389,3136,0.9631449631449631,0.46345208845208846,0.4259102455546147,0,0,0.0,0.0,0.0,0.0,tie,tie
SUPPORTIVE_POST_PRIMARY_READ_ONLY,aishell5,pooled,learned,cap224_fallback_guard_minus_cap224_fallback,residual_guard_after_fallback,A5E1_014,cap224_fallback,cap224_fallback_guard,control_cap224_fallback_cfg_low_packet_gated,control_cap224_fallback_guarded_cfg_low_packet_gated,False,958,2420,2573,850,612,765,2227,0.9202479338842975,0.3958677685950413,0.37232802176447727,958,2420,2553,830,632,765,2227,0.9202479338842975,0.3958677685950413,0.3752448100274187,958,2420,2553,830,632,765,2227,0.9202479338842975,0.3958677685950413,0.3752448100274187,0,0,0.0,0.0,0.00291678826294145,0.00291678826294145,tie,tie
SUPPORTIVE_POST_PRIMARY_READ_ONLY,aishell5,pooled,learned,cap224_fallback_guard_minus_cap224_fallback,residual_guard_after_fallback,A5E1_015,cap224_fallback,cap224_fallback_guard,control_cap224_fallback_cfg_low_packet_gated,control_cap224_fallback_guarded_cfg_low_packet_gated,False,2193,4528,5471,980,1355,2298,4633,1.0231890459363957,0.4843197879858657,0.4008407969292634,2193,4528,5471,980,1355,2298,4633,1.0231890459363957,0.4843197879858657,0.4008407969292634,2193,4528,5471,980,1355,2298,4633,1.0231890459363957,0.4843197879858657,0.4008407969292634,0,0,0.0,0.0,0.0,0.0,tie,tie
SUPPORTIVE_POST_PRIMARY_READ_ONLY,aishell5,pooled,learned,cap224_fallback_guard_minus_cap224_fallback,residual_guard_after_fallback,A5E1_016,cap224_fallback,cap224_fallback_guard,control_cap224_fallback_cfg_low_packet_gated,control_cap224_fallback_guarded_cfg_low_packet_gated,False,932,2631,1999,628,1071,439,2138,0.8126187761307487,0.3542379323451159,0.46623311655827915,932,2631,1999,628,1071,439,2138,0.8126187761307487,0.3542379323451159,0.46623311655827915,932,2631,1999,628,1071,439,2138,0.8126187761307487,0.3542379323451159,0.46623311655827915,0,0,0.0,0.0,0.0,0.0,tie,tie
SUPPORTIVE_POST_PRIMARY_READ_ONLY,aishell5,pooled,learned,cap224_fallback_guard_minus_cap224_fallback,residual_guard_after_fallback,A5E1_017,cap224_fallback,cap224_fallback_guard,control_cap224_fallback_cfg_low_packet_gated,control_cap224_fallback_guarded_cfg_low_packet_gated,False,522,2196,3225,1460,214,1243,2917,1.3283242258652095,0.23770491803278687,0.16186046511627908,502,2196,3110,1482,212,1126,2820,1.284153005464481,0.22859744990892533,0.16141479099678457,502,2196,3110,1482,212,1126,2820,1.284153005464481,0.22859744990892533,0.16141479099678457,-20,-20,-0.00910746812386154,-0.00910746812386154,-0.00044567411949450464,-0.00044567411949450464,worsened,worsened
SUPPORTIVE_POST_PRIMARY_READ_ONLY,aishell5,pooled,learned,cap224_fallback_guard_minus_cap224_fallback,residual_guard_after_fallback,A5E1_018,cap224_fallback,cap224_fallback_guard,control_cap224_fallback_cfg_low_packet_gated,control_cap224_fallback_guarded_cfg_low_packet_gated,False,641,2338,2059,557,1140,861,2558,1.0940975192472198,0.27416595380667236,0.3113161728994658,641,2338,2059,557,1140,861,2558,1.0940975192472198,0.27416595380667236,0.3113161728994658,641,2338,2059,557,1140,861,2558,1.0940975192472198,0.27416595380667236,0.3113161728994658,0,0,0.0,0.0,0.0,0.0,tie,tie
SUPPORTIVE_POST_PRIMARY_READ_ONLY,aishell5,pooled,learned,cap224_fallback_guard_minus_cap224_fallback,residual_guard_after_fallback,A5E2_001,cap224_fallback,cap224_fallback_guard,control_cap224_fallback_cfg_low_packet_gated,control_cap224_fallback_guarded_cfg_low_packet_gated,False,1262,3330,3067,1069,999,736,2804,0.842042042042042,0.378978978978979,0.41147701336811215,1261,3330,2954,1000,1069,693,2762,0.8294294294294294,0.37867867867867866,0.42687880839539605,1261,3330,2954,1000,1069,693,2762,0.8294294294294294,0.37867867867867866,0.42687880839539605,-1,-1,-0.00030030030030031574,-0.00030030030030031574,0.015401795027283893,0.015401795027283893,worsened,worsened
SUPPORTIVE_POST_PRIMARY_READ_ONLY,aishell5,pooled,learned,cap224_fallback_guard_minus_cap224_fallback,residual_guard_after_fallback,A5E2_002,cap224_fallback,cap224_fallback_guard,control_cap224_fallback_cfg_low_packet_gated,control_cap224_fallback_guarded_cfg_low_packet_gated,False,758,3629,2685,1394,1477,533,3404,0.9379994488839901,0.20887296775971342,0.2823091247672253,758,3629,2685,1394,1477,533,3404,0.9379994488839901,0.20887296775971342,0.2823091247672253,758,3629,2685,1394,1477,533,3404,0.9379994488839901,0.20887296775971342,0.2823091247672253,0,0,0.0,0.0,0.0,0.0,tie,tie
SUPPORTIVE_POST_PRIMARY_READ_ONLY,aishell5,pooled,learned,cap224_fallback_guard_minus_cap224_fallback,residual_guard_after_fallback,A5E2_003,cap224_fallback,cap224_fallback_guard,control_cap224_fallback_cfg_low_packet_gated,control_cap224_fallback_guarded_cfg_low_packet_gated,False,356,1784,1462,663,765,443,1871,1.0487668161434978,0.19955156950672645,0.24350205198358413,356,1784,1462,663,765,443,1871,1.0487668161434978,0.19955156950672645,0.24350205198358413,356,1784,1462,663,765,443,1871,1.0487668161434978,0.19955156950672645,0.24350205198358413,0,0,0.0,0.0,0.0,0.0,tie,tie
SUPPORTIVE_POST_PRIMARY_READ_ONLY,aishell5,pooled,learned,cap224_fallback_guard_minus_cap224_fallback,residual_guard_after_fallback,A5E2_004,cap224_fallback,cap224_fallback_guard,control_cap224_fallback_cfg_low_packet_gated,control_cap224_fallback_guarded_cfg_low_packet_gated,False,306,3263,1565,778,2179,481,3438,1.0536316273368067,0.09377873122893043,0.19552715654952077,320,3263,1427,627,2316,480,3423,1.0490346307079375,0.09806926141587496,0.22424667133847231,320,3263,1427,627,2316,480,3423,1.0490346307079375,0.09806926141587496,0.22424667133847231,14,14,0.00429053018694453,0.00429053018694453,0.028719514788951545,0.028719514788951545,improved,improved
SUPPORTIVE_POST_PRIMARY_READ_ONLY,aishell5,pooled,learned,cap224_fallback_guard_minus_cap224_fallback,residual_guard_after_fallback,A5E2_005,cap224_fallback,cap224_fallback_guard,control_cap224_fallback_cfg_low_packet_gated,control_cap224_fallback_guarded_cfg_low_packet_gated,False,1217,4472,3047,1212,2043,618,3873,0.8660554561717353,0.27213774597495527,0.39940925500492286,1218,4472,2946,1172,2082,556,3810,0.8519677996422182,0.2723613595706619,0.4134419551934827,1218,4472,2946,1172,2082,556,3810,0.8519677996422182,0.2723613595706619,0.4134419551934827,1,1,0.00022361359570660655,0.00022361359570660655,0.014032700188559843,0.014032700188559843,improved,improved
SUPPORTIVE_POST_PRIMARY_READ_ONLY,aishell5,pooled,learned,cap224_fallback_guard_minus_cap224_fallback,residual_guard_after_fallback,A5E2_006,cap224_fallback,cap224_fallback_guard,control_cap224_fallback_cfg_low_packet_gated,control_cap224_fallback_guarded_cfg_low_packet_gated,False,854,3788,3966,1650,1284,1462,4396,1.160506863780359,0.22544878563885956,0.21533030761472516,855,3788,3921,1629,1304,1437,4370,1.1536430834213305,0.2257127771911299,0.2180566182096404,855,3788,3921,1629,1304,1437,4370,1.1536430834213305,0.2257127771911299,0.2180566182096404,1,1,0.0002639915522703318,0.0002639915522703318,0.0027263105949152378,0.0027263105949152378,improved,improved
SUPPORTIVE_POST_PRIMARY_READ_ONLY,aishell5,pooled,learned,cap224_fallback_guard_minus_cap224_fallback,residual_guard_after_fallback,A5E2_007,cap224_fallback,cap224_fallback_guard,control_cap224_fallback_cfg_low_packet_gated,control_cap224_fallback_guarded_cfg_low_packet_gated,False,597,2666,2267,1102,967,568,2637,0.9891222805701425,0.22393098274568643,0.26334362593736216,604,2666,2045,873,1189,568,2630,0.986496624156039,0.22655663915978994,0.29535452322738387,604,2666,2045,873,1189,568,2630,0.986496624156039,0.22655663915978994,0.29535452322738387,7,7,0.0026256564141035055,0.0026256564141035055,0.03201089729002171,0.03201089729002171,improved,improved
SUPPORTIVE_POST_PRIMARY_READ_ONLY,aishell5,pooled,learned,cap224_fallback_guard_minus_cap224_fallback,residual_guard_after_fallback,A5E2_008,cap224_fallback,cap224_fallback_guard,control_cap224_fallback_cfg_low_packet_gated,control_cap224_fallback_guarded_cfg_low_packet_gated,False,1378,4247,4270,628,2241,2264,5133,1.2086178478926302,0.32446432776077233,0.3227166276346604,1378,4247,4270,628,2241,2264,5133,1.2086178478926302,0.32446432776077233,0.3227166276346604,1378,4247,4270,628,2241,2264,5133,1.2086178478926302,0.32446432776077233,0.3227166276346604,0,0,0.0,0.0,0.0,0.0,tie,tie
SUPPORTIVE_POST_PRIMARY_READ_ONLY,aishell5,pooled,learned,cap224_fallback_guard_minus_cap224_fallback,residual_guard_after_fallback,A5E2_009,cap224_fallback,cap224_fallback_guard,control_cap224_fallback_cfg_low_packet_gated,control_cap224_fallback_guarded_cfg_low_packet_gated,False,598,3072,2133,950,1524,585,3059,0.9957682291666666,0.19466145833333334,0.2803563056727614,598,3072,2133,950,1524,585,3059,0.9957682291666666,0.19466145833333334,0.2803563056727614,598,3072,2133,950,1524,585,3059,0.9957682291666666,0.19466145833333334,0.2803563056727614,0,0,0.0,0.0,0.0,0.0,tie,tie
SUPPORTIVE_POST_PRIMARY_READ_ONLY,aishell5,pooled,learned,cap224_fallback_guard_minus_cap224_fallback,residual_guard_after_fallback,A5E2_010,cap224_fallback,cap224_fallback_guard,control_cap224_fallback_cfg_low_packet_gated,control_cap224_fallback_guarded_cfg_low_packet_gated,False,1211,4241,3357,690,2340,1456,4486,1.0577693940108466,0.28554586182504127,0.3607387548406315,1211,4241,3357,690,2340,1456,4486,1.0577693940108466,0.28554586182504127,0.3607387548406315,1211,4241,3357,690,2340,1456,4486,1.0577693940108466,0.28554586182504127,0.3607387548406315,0,0,0.0,0.0,0.0,0.0,tie,tie
SUPPORTIVE_POST_PRIMARY_READ_ONLY,aishell5,pooled,learned,cap224_fallback_guard_minus_cap224_fallback,residual_guard_after_fallback,A5E2_011,cap224_fallback,cap224_fallback_guard,control_cap224_fallback_cfg_low_packet_gated,control_cap224_fallback_guarded_cfg_low_packet_gated,False,946,3330,2772,726,1658,1100,3484,1.0462462462462463,0.2840840840840841,0.3412698412698413,946,3330,2731,685,1699,1100,3484,1.0462462462462463,0.2840840840840841,0.3463932625411937,946,3330,2731,685,1699,1100,3484,1.0462462462462463,0.2840840840840841,0.3463932625411937,0,0,0.0,0.0,0.005123421271352402,0.005123421271352402,tie,tie
SUPPORTIVE_POST_PRIMARY_READ_ONLY,aishell5,pooled,learned,cap224_fallback_guard_minus_cap224_fallback,residual_guard_after_fallback,A5E2_012,cap224_fallback,cap224_fallback_guard,control_cap224_fallback_cfg_low_packet_gated,control_cap224_fallback_guarded_cfg_low_packet_gated,False,737,3770,2233,1188,1845,308,3341,0.8862068965517241,0.19549071618037137,0.33004926108374383,733,3770,2033,1010,2027,290,3327,0.8824933687002653,0.19442970822281166,0.3605509099852435,733,3770,2033,1010,2027,290,3327,0.8824933687002653,0.19442970822281166,0.3605509099852435,-4,-4,-0.001061007957559701,-0.001061007957559701,0.030501648901499645,0.030501648901499645,worsened,worsened
SUPPORTIVE_POST_PRIMARY_READ_ONLY,aishell5,pooled,learned,cap224_fallback_guard_minus_cap224_fallback,residual_guard_after_fallback,A5E2_013,cap224_fallback,cap224_fallback_guard,control_cap224_fallback_cfg_low_packet_gated,control_cap224_fallback_guarded_cfg_low_packet_gated,False,1481,3524,3966,786,1257,1699,3742,1.0618615209988649,0.420261066969353,0.3734241048915784,1481,3524,3946,786,1257,1679,3722,1.0561861520998865,0.420261066969353,0.37531677648251394,1481,3524,3946,786,1257,1679,3722,1.0561861520998865,0.420261066969353,0.37531677648251394,0,0,0.0,0.0,0.0018926715909355352,0.0018926715909355352,tie,tie
SUPPORTIVE_POST_PRIMARY_READ_ONLY,aishell5,pooled,learned,cap224_fallback_guard_minus_cap224_fallback,residual_guard_after_fallback,A5E2_014,cap224_fallback,cap224_fallback_guard,control_cap224_fallback_cfg_low_packet_gated,control_cap224_fallback_guarded_cfg_low_packet_gated,False,1355,4028,3546,761,1912,1430,4103,1.0186196623634558,0.33639523336643495,0.38212069937958265,1355,4028,3514,761,1912,1398,4071,1.0106752730883812,0.33639523336643495,0.38560045532157083,1355,4028,3514,761,1912,1398,4071,1.0106752730883812,0.33639523336643495,0.38560045532157083,0,0,0.0,0.0,0.003479755941988183,0.003479755941988183,tie,tie
SUPPORTIVE_POST_PRIMARY_READ_ONLY,aishell5,pooled,learned,cap224_fallback_guard_minus_cap224_fallback,residual_guard_after_fallback,A5E2_015,cap224_fallback,cap224_fallback_guard,control_cap224_fallback_cfg_low_packet_gated,control_cap224_fallback_guarded_cfg_low_packet_gated,False,1027,3216,3090,811,1378,1252,3441,1.069962686567164,0.3193407960199005,0.33236245954692556,1027,3216,3090,811,1378,1252,3441,1.069962686567164,0.3193407960199005,0.33236245954692556,1027,3216,3090,811,1378,1252,3441,1.069962686567164,0.3193407960199005,0.33236245954692556,0,0,0.0,0.0,0.0,0.0,tie,tie
SUPPORTIVE_POST_PRIMARY_READ_ONLY,aishell5,pooled,learned,cap224_fallback_guard_minus_cap224_fallback,residual_guard_after_fallback,A5E2_016,cap224_fallback,cap224_fallback_guard,control_cap224_fallback_cfg_low_packet_gated,control_cap224_fallback_guarded_cfg_low_packet_gated,False,524,2629,2380,1103,1002,753,2858,1.0871053632559908,0.199315329022442,0.22016806722689075,524,2629,2380,1103,1002,753,2858,1.0871053632559908,0.199315329022442,0.22016806722689075,524,2629,2380,1103,1002,753,2858,1.0871053632559908,0.199315329022442,0.22016806722689075,0,0,0.0,0.0,0.0,0.0,tie,tie
SUPPORTIVE_POST_PRIMARY_READ_ONLY,aishell5,pooled,learned,cap224_fallback_guard_minus_cap224_fallback,residual_guard_after_fallback,A5E2_017,cap224_fallback,cap224_fallback_guard,control_cap224_fallback_cfg_low_packet_gated,control_cap224_fallback_guarded_cfg_low_packet_gated,False,792,3154,2762,1049,1313,921,3283,1.0409004438807863,0.25110970196575777,0.28674873280231716,792,3154,2762,1049,1313,921,3283,1.0409004438807863,0.25110970196575777,0.28674873280231716,792,3154,2762,1049,1313,921,3283,1.0409004438807863,0.25110970196575777,0.28674873280231716,0,0,0.0,0.0,0.0,0.0,tie,tie
SUPPORTIVE_POST_PRIMARY_READ_ONLY,aishell5,pooled,learned,cap224_fallback_guard_minus_cap224_fallback,residual_guard_after_fallback,A5E2_018,cap224_fallback,cap224_fallback_guard,control_cap224_fallback_cfg_low_packet_gated,control_cap224_fallback_guarded_cfg_low_packet_gated,False,1465,4144,4198,1243,1436,1490,4169,1.0060328185328185,0.353523166023166,0.3489757027155789,1465,4144,4198,1243,1436,1490,4169,1.0060328185328185,0.353523166023166,0.3489757027155789,1465,4144,4198,1243,1436,1490,4169,1.0060328185328185,0.353523166023166,0.3489757027155789,0,0,0.0,0.0,0.0,0.0,tie,tie
SUPPORTIVE_POST_PRIMARY_READ_ONLY,aishell5,pooled,learned,cap224_fallback_guard_minus_raw448,full_control_stack,A5E1_001,raw448,cap224_fallback_guard,raw_cfg_low_packet_gated,control_cap224_fallback_guarded_cfg_low_packet_gated,False,311,1415,4723,1041,63,3371,4475,3.1625441696113072,0.21978798586572437,0.0658479779800974,327,1415,1003,512,576,164,1252,0.8848056537102473,0.23109540636042403,0.32602193419740777,327,1415,1003,512,576,164,1252,0.8848056537102473,0.23109540636042403,0.32602193419740777,16,16,0.011307420494699655,0.011307420494699655,0.2601739562173104,0.2601739562173104,improved,improved
SUPPORTIVE_POST_PRIMARY_READ_ONLY,aishell5,pooled,learned,cap224_fallback_guard_minus_raw448,full_control_stack,A5E1_002,raw448,cap224_fallback_guard,raw_cfg_low_packet_gated,control_cap224_fallback_guarded_cfg_low_packet_gated,False,764,3204,8625,2245,195,5616,8056,2.5143570536828963,0.23845193508114856,0.08857971014492753,839,3204,3830,1768,597,1223,3588,1.1198501872659177,0.26186017478152307,0.21906005221932115,839,3204,3830,1768,597,1223,3588,1.1198501872659177,0.26186017478152307,0.21906005221932115,75,75,0.023408239700374506,0.023408239700374506,0.13048034207439363,0.13048034207439363,improved,improved
SUPPORTIVE_POST_PRIMARY_READ_ONLY,aishell5,pooled,learned,cap224_fallback_guard_minus_raw448,full_control_stack,A5E1_003,raw448,cap224_fallback_guard,raw_cfg_low_packet_gated,control_cap224_fallback_guarded_cfg_low_packet_gated,True,473,2425,6340,1712,240,4155,6107,2.5183505154639176,0.19505154639175257,0.07460567823343849,610,2425,1927,770,1045,547,2362,0.9740206185567011,0.2515463917525773,0.31655422937208094,600,2425,1927,646,1179,681,2506,1.03340206185567,0.24742268041237114,0.3113648157758173,137,127,0.05649484536082475,0.052371134020618576,0.24194855113864244,0.23675913754237882,improved,improved
SUPPORTIVE_POST_PRIMARY_READ_ONLY,aishell5,pooled,learned,cap224_fallback_guard_minus_raw448,full_control_stack,A5E1_004,raw448,cap224_fallback_guard,raw_cfg_low_packet_gated,control_cap224_fallback_guarded_cfg_low_packet_gated,True,598,2543,6109,1796,149,3715,5660,2.2257176563114434,0.23515532835233977,0.09788836143394991,1015,2543,2819,709,819,1095,2623,1.0314589068029887,0.3991348800629178,0.36005675771550194,817,2543,2819,734,992,1268,2994,1.1773495871018482,0.321274085725521,0.28981908478183754,417,219,0.16397955171057804,0.08611875737318125,0.26216839628155203,0.19193072334788763,improved,improved
SUPPORTIVE_POST_PRIMARY_READ_ONLY,aishell5,pooled,learned,cap224_fallback_guard_minus_raw448,full_control_stack,A5E1_005,raw448,cap224_fallback_guard,raw_cfg_low_packet_gated,control_cap224_fallback_guarded_cfg_low_packet_gated,True,831,2979,7203,1880,268,4492,6640,2.2289358845250082,0.27895266868076535,0.1153685964181591,1235,2979,3410,713,1031,1462,3206,1.076200067136623,0.414568647197046,0.3621700879765396,1230,2979,3410,590,1159,1590,3339,1.1208459214501512,0.41289023162134947,0.36070381231671556,404,399,0.13561597851628066,0.13393756294058412,0.2468014915583805,0.24533521589855645,improved,improved
SUPPORTIVE_POST_PRIMARY_READ_ONLY,aishell5,pooled,learned,cap224_fallback_guard_minus_raw448,full_control_stack,A5E1_006,raw448,cap224_fallback_guard,raw_cfg_low_packet_gated,control_cap224_fallback_guarded_cfg_low_packet_gated,True,333,2142,6506,1752,57,4421,6230,2.9084967320261437,0.15546218487394958,0.05118352290193667,398,2142,2209,821,923,990,2734,1.276377217553688,0.1858076563958917,0.18017202354006337,565,2142,2209,457,1120,1187,2764,1.2903828197945846,0.2637721755368814,0.2557718424626528,65,232,0.030345471521942113,0.10830999066293184,0.1289885006381267,0.2045883195607161,improved,improved
SUPPORTIVE_POST_PRIMARY_READ_ONLY,aishell5,pooled,learned,cap224_fallback_guard_minus_raw448,full_control_stack,A5E1_007,raw448,cap224_fallback_guard,raw_cfg_low_packet_gated,control_cap224_fallback_guarded_cfg_low_packet_gated,True,582,2939,6728,2170,187,3976,6333,2.154814562776455,0.19802653963933312,0.08650416171224733,1004,2939,2746,675,1260,1067,3002,1.0214358625382782,0.3416127934671657,0.36562272396212675,766,2939,2746,739,1434,1241,3414,1.161619598502892,0.2606328683225587,0.2789512017479971,422,184,0.1435862538278326,0.0626063286832256,0.2791185622498794,0.19244704003574975,improved,improved
SUPPORTIVE_POST_PRIMARY_READ_ONLY,aishell5,pooled,learned,cap224_fallback_guard_minus_raw448,full_control_stack,A5E1_008,raw448,cap224_fallback_guard,raw_cfg_low_packet_gated,control_cap224_fallback_guarded_cfg_low_packet_gated,False,2090,4270,13386,1395,785,9901,12081,2.8292740046838407,0.4894613583138173,0.15613327356940088,2088,4270,5649,1123,1059,2438,4620,1.0819672131147542,0.4889929742388759,0.36962294211364843,2088,4270,5649,1123,1059,2438,4620,1.0819672131147542,0.4889929742388759,0.36962294211364843,-2,-2,-0.0004683840749414303,-0.0004683840749414303,0.21348966854424756,0.21348966854424756,worsened,worsened
SUPPORTIVE_POST_PRIMARY_READ_ONLY,aishell5,pooled,learned,cap224_fallback_guard_minus_raw448,full_control_stack,A5E1_009,raw448,cap224_fallback_guard,raw_cfg_low_packet_gated,control_cap224_fallback_guarded_cfg_low_packet_gated,False,257,2496,5972,2203,36,3512,5751,2.3040865384615383,0.10296474358974358,0.043034159410582716,512,2496,1990,805,1179,673,2657,1.064503205128205,0.20512820512820512,0.25728643216080405,512,2496,1990,805,1179,673,2657,1.064503205128205,0.20512820512820512,0.25728643216080405,255,255,0.10216346153846154,0.10216346153846154,0.21425227275022132,0.21425227275022132,improved,improved
SUPPORTIVE_POST_PRIMARY_READ_ONLY,aishell5,pooled,learned,cap224_fallback_guard_minus_raw448,full_control_stack,A5E1_010,raw448,cap224_fallback_guard,raw_cfg_low_packet_gated,control_cap224_fallback_guarded_cfg_low_packet_gated,True,210,1860,6517,1627,23,4680,6330,3.403225806451613,0.11290322580645161,0.0322234156820623,277,1860,1321,645,938,399,1982,1.0655913978494624,0.1489247311827957,0.20968962906888722,249,1860,1321,523,1088,549,2160,1.1612903225806452,0.1338709677419355,0.18849356548069643,67,39,0.03602150537634409,0.020967741935483883,0.17746621338682492,0.15627014979863413,improved,improved
SUPPORTIVE_POST_PRIMARY_READ_ONLY,aishell5,pooled,learned,cap224_fallback_guard_minus_raw448,full_control_stack,A5E1_011,raw448,cap224_fallback_guard,raw_cfg_low_packet_gated,control_cap224_fallback_guarded_cfg_low_packet_gated,False,678,2265,8503,1442,145,6383,7970,3.5187637969094925,0.2993377483443709,0.0797365635658003,595,2265,2065,991,679,479,2149,0.9487858719646799,0.26269315673289184,0.288135593220339,595,2265,2065,991,679,479,2149,0.9487858719646799,0.26269315673289184,0.288135593220339,-83,-83,-0.03664459161147904,-0.03664459161147904,0.2083990296545387,0.2083990296545387,worsened,worsened
SUPPORTIVE_POST_PRIMARY_READ_ONLY,aishell5,pooled,learned,cap224_fallback_guard_minus_raw448,full_control_stack,A5E1_012,raw448,cap224_fallback_guard,raw_cfg_low_packet_gated,control_cap224_fallback_guarded_cfg_low_packet_gated,False,1388,3189,6004,1125,676,3491,5292,1.6594543744120414,0.4352461586704296,0.23117921385742837,1621,3189,3635,611,957,1403,2971,0.931640012543117,0.5083098149890247,0.44594222833562586,1621,3189,3635,611,957,1403,2971,0.931640012543117,0.5083098149890247,0.44594222833562586,233,233,0.07306365631859513,0.07306365631859513,0.21476301447819748,0.21476301447819748,improved,improved
SUPPORTIVE_POST_PRIMARY_READ_ONLY,aishell5,pooled,learned,cap224_fallback_guard_minus_raw448,full_control_stack,A5E1_013,raw448,cap224_fallback_guard,raw_cfg_low_packet_gated,control_cap224_fallback_guarded_cfg_low_packet_gated,False,1199,3256,7246,1428,629,4619,6676,2.0503685503685505,0.36824324324324326,0.16547060447143253,1509,3256,3543,645,1102,1389,3136,0.9631449631449631,0.46345208845208846,0.4259102455546147,1509,3256,3543,645,1102,1389,3136,0.9631449631449631,0.46345208845208846,0.4259102455546147,310,310,0.0952088452088452,0.0952088452088452,0.2604396410831822,0.2604396410831822,improved,improved
SUPPORTIVE_POST_PRIMARY_READ_ONLY,aishell5,pooled,learned,cap224_fallback_guard_minus_raw448,full_control_stack,A5E1_014,raw448,cap224_fallback_guard,raw_cfg_low_packet_gated,control_cap224_fallback_guarded_cfg_low_packet_gated,True,957,2420,4980,1254,209,2769,4232,1.7487603305785124,0.39545454545454545,0.19216867469879517,958,2420,2553,830,632,765,2227,0.9202479338842975,0.3958677685950413,0.3752448100274187,959,2420,2553,763,698,831,2292,0.947107438016529,0.3962809917355372,0.3756365060712887,1,2,0.0004132231404958553,0.0008264462809917661,0.18307613532862355,0.1834678313724935,improved,improved
SUPPORTIVE_POST_PRIMARY_READ_ONLY,aishell5,pooled,learned,cap224_fallback_guard_minus_raw448,full_control_stack,A5E1_015,raw448,cap224_fallback_guard,raw_cfg_low_packet_gated,control_cap224_fallback_guarded_cfg_low_packet_gated,False,1961,4528,13084,1738,829,9385,11952,2.639575971731449,0.433083038869258,0.14987771323754204,2193,4528,5471,980,1355,2298,4633,1.0231890459363957,0.4843197879858657,0.4008407969292634,2193,4528,5471,980,1355,2298,4633,1.0231890459363957,0.4843197879858657,0.4008407969292634,232,232,0.05123674911660775,0.05123674911660775,0.2509630836917214,0.2509630836917214,improved,improved
SUPPORTIVE_POST_PRIMARY_READ_ONLY,aishell5,pooled,learned,cap224_fallback_guard_minus_raw448,full_control_stack,A5E1_016,raw448,cap224_fallback_guard,raw_cfg_low_packet_gated,control_cap224_fallback_guarded_cfg_low_packet_gated,False,704,2631,5399,1709,218,2986,4913,1.8673508171797795,0.2675788673508172,0.13039451750324135,932,2631,1999,628,1071,439,2138,0.8126187761307487,0.3542379323451159,0.46623311655827915,932,2631,1999,628,1071,439,2138,0.8126187761307487,0.3542379323451159,0.46623311655827915,228,228,0.0866590649942987,0.0866590649942987,0.33583859905503777,0.33583859905503777,improved,improved
SUPPORTIVE_POST_PRIMARY_READ_ONLY,aishell5,pooled,learned,cap224_fallback_guard_minus_raw448,full_control_stack,A5E1_017,raw448,cap224_fallback_guard,raw_cfg_low_packet_gated,control_cap224_fallback_guarded_cfg_low_packet_gated,False,519,2196,7918,1628,49,5771,7448,3.3916211293260474,0.23633879781420766,0.06554685526648144,502,2196,3110,1482,212,1126,2820,1.284153005464481,0.22859744990892533,0.16141479099678457,502,2196,3110,1482,212,1126,2820,1.284153005464481,0.22859744990892533,0.16141479099678457,-17,-17,-0.007741347905282331,-0.007741347905282331,0.09586793573030314,0.09586793573030314,worsened,worsened
SUPPORTIVE_POST_PRIMARY_READ_ONLY,aishell5,pooled,learned,cap224_fallback_guard_minus_raw448,full_control_stack,A5E1_018,raw448,cap224_fallback_guard,raw_cfg_low_packet_gated,control_cap224_fallback_guarded_cfg_low_packet_gated,True,216,2338,5615,2122,0,3277,5399,2.309238665526091,0.09238665526090675,0.03846838824577026,641,2338,2059,557,1140,861,2558,1.0940975192472198,0.27416595380667236,0.3113161728994658,346,2338,2059,529,1463,1184,3176,1.358426005132592,0.14798973481608213,0.1680427391937834,425,130,0.1817792985457656,0.05560307955517538,0.2728477846536955,0.12957435094801315,improved,improved
SUPPORTIVE_POST_PRIMARY_READ_ONLY,aishell5,pooled,learned,cap224_fallback_guard_minus_raw448,full_control_stack,A5E2_001,raw448,cap224_fallback_guard,raw_cfg_low_packet_gated,control_cap224_fallback_guarded_cfg_low_packet_gated,False,1237,3330,6825,1567,526,4021,6114,1.836036036036036,0.37147147147147147,0.18124542124542126,1261,3330,2954,1000,1069,693,2762,0.8294294294294294,0.37867867867867866,0.42687880839539605,1261,3330,2954,1000,1069,693,2762,0.8294294294294294,0.37867867867867866,0.42687880839539605,24,24,0.007207207207207189,0.007207207207207189,0.2456333871499748,0.2456333871499748,improved,improved
SUPPORTIVE_POST_PRIMARY_READ_ONLY,aishell5,pooled,learned,cap224_fallback_guard_minus_raw448,full_control_stack,A5E2_002,raw448,cap224_fallback_guard,raw_cfg_low_packet_gated,control_cap224_fallback_guarded_cfg_low_packet_gated,True,446,3629,6892,3119,64,3327,6510,1.793882612289887,0.12289887021217967,0.06471271038885665,758,3629,2685,1394,1477,533,3404,0.9379994488839901,0.20887296775971342,0.2823091247672253,678,3629,2685,1197,1754,810,3761,1.036373656654726,0.18682832736290989,0.25251396648044694,312,232,0.08597409754753375,0.06392945715073022,0.21759641437836866,0.1878012560915903,improved,improved
SUPPORTIVE_POST_PRIMARY_READ_ONLY,aishell5,pooled,learned,cap224_fallback_guard_minus_raw448,full_control_stack,A5E2_003,raw448,cap224_fallback_guard,raw_cfg_low_packet_gated,control_cap224_fallback_guarded_cfg_low_packet_gated,True,130,1784,3814,1650,4,2034,3688,2.0672645739910314,0.07286995515695067,0.03408495018353435,356,1784,1462,663,765,443,1871,1.0487668161434978,0.19955156950672645,0.24350205198358413,125,1784,1462,881,778,456,2115,1.1855381165919283,0.07006726457399103,0.08549931600547196,226,-5,0.12668161434977576,-0.0028026905829596493,0.20941710180004977,0.05141436582193761,improved,worsened
SUPPORTIVE_POST_PRIMARY_READ_ONLY,aishell5,pooled,learned,cap224_fallback_guard_minus_raw448,full_control_stack,A5E2_004,raw448,cap224_fallback_guard,raw_cfg_low_packet_gated,control_cap224_fallback_guarded_cfg_low_packet_gated,False,274,3263,6012,2964,25,2774,5763,1.7661661048115231,0.08397180508734294,0.04557551563539587,320,3263,1427,627,2316,480,3423,1.0490346307079375,0.09806926141587496,0.22424667133847231,320,3263,1427,627,2316,480,3423,1.0490346307079375,0.09806926141587496,0.22424667133847231,46,46,0.01409745632853203,0.01409745632853203,0.17867115570307646,0.17867115570307646,improved,improved
SUPPORTIVE_POST_PRIMARY_READ_ONLY,aishell5,pooled,learned,cap224_fallback_guard_minus_raw448,full_control_stack,A5E2_005,raw448,cap224_fallback_guard,raw_cfg_low_packet_gated,control_cap224_fallback_guarded_cfg_low_packet_gated,True,911,4472,9452,3238,323,5303,8864,1.9821109123434706,0.20371198568872986,0.09638171815488786,1218,4472,2946,1172,2082,556,3810,0.8519677996422182,0.2723613595706619,0.4134419551934827,1044,4472,2946,1105,2323,797,4225,0.9447674418604651,0.2334525939177102,0.3543788187372709,307,133,0.06864937388193201,0.029740608228980336,0.31706023703859487,0.257997100582383,improved,improved
SUPPORTIVE_POST_PRIMARY_READ_ONLY,aishell5,pooled,learned,cap224_fallback_guard_minus_raw448,full_control_stack,A5E2_006,raw448,cap224_fallback_guard,raw_cfg_low_packet_gated,control_cap224_fallback_guarded_cfg_low_packet_gated,False,668,3788,13072,2962,158,9442,12562,3.316261879619852,0.17634635691657866,0.0511015911872705,855,3788,3921,1629,1304,1437,4370,1.1536430834213305,0.2257127771911299,0.2180566182096404,855,3788,3921,1629,1304,1437,4370,1.1536430834213305,0.2257127771911299,0.2180566182096404,187,187,0.04936642027455124,0.04936642027455124,0.1669550270223699,0.1669550270223699,improved,improved
SUPPORTIVE_POST_PRIMARY_READ_ONLY,aishell5,pooled,learned,cap224_fallback_guard_minus_raw448,full_control_stack,A5E2_007,raw448,cap224_fallback_guard,raw_cfg_low_packet_gated,control_cap224_fallback_guarded_cfg_low_packet_gated,True,512,2666,7047,1972,182,4563,6717,2.5195048762190546,0.19204801200300076,0.07265503050943664,604,2666,2045,873,1189,568,2630,0.986496624156039,0.22655663915978994,0.29535452322738387,554,2666,2045,762,1350,729,2841,1.0656414103525882,0.2078019504876219,0.2709046454767726,92,42,0.03450862715678918,0.015753938484621144,0.22269949271794723,0.19824961496733598,improved,improved
SUPPORTIVE_POST_PRIMARY_READ_ONLY,aishell5,pooled,learned,cap224_fallback_guard_minus_raw448,full_control_stack,A5E2_008,raw448,cap224_fallback_guard,raw_cfg_low_packet_gated,control_cap224_fallback_guarded_cfg_low_packet_gated,True,766,4247,13300,3318,163,9216,12697,2.989639745702849,0.1803626089004003,0.05759398496240602,1378,4247,4270,628,2241,2264,5133,1.2086178478926302,0.32446432776077233,0.3227166276346604,865,4247,4270,977,2405,2428,5810,1.3680244878737933,0.20367318106898988,0.202576112412178,612,99,0.14410171886037204,0.02331057216858959,0.2651226426722544,0.14498212744977196,improved,improved
SUPPORTIVE_POST_PRIMARY_READ_ONLY,aishell5,pooled,learned,cap224_fallback_guard_minus_raw448,full_control_stack,A5E2_009,raw448,cap224_fallback_guard,raw_cfg_low_packet_gated,control_cap224_fallback_guarded_cfg_low_packet_gated,True,220,3072,6657,2845,7,3592,6444,2.09765625,0.07161458333333333,0.03304791948325071,598,3072,2133,950,1524,585,3059,0.9957682291666666,0.19466145833333334,0.2803563056727614,192,3072,2133,1240,1640,701,3581,1.1656901041666667,0.0625,0.090014064697609,378,-28,0.12304687500000001,-0.009114583333333329,0.24730838618951068,0.05696614521435829,improved,worsened
SUPPORTIVE_POST_PRIMARY_READ_ONLY,aishell5,pooled,learned,cap224_fallback_guard_minus_raw448,full_control_stack,A5E2_010,raw448,cap224_fallback_guard,raw_cfg_low_packet_gated,control_cap224_fallback_guarded_cfg_low_packet_gated,True,614,4241,9458,3430,197,5414,9041,2.131808535722707,0.1447771751945296,0.06491858743920491,1211,4241,3357,690,2340,1456,4486,1.0577693940108466,0.28554586182504127,0.3607387548406315,862,4241,3357,466,2913,2029,5408,1.2751709502475832,0.2032539495402028,0.25677688412272864,597,248,0.14076868663051167,0.058476774345673194,0.2958201674014266,0.19185829668352372,improved,improved
SUPPORTIVE_POST_PRIMARY_READ_ONLY,aishell5,pooled,learned,cap224_fallback_guard_minus_raw448,full_control_stack,A5E2_011,raw448,cap224_fallback_guard,raw_cfg_low_packet_gated,control_cap224_fallback_guarded_cfg_low_packet_gated,False,560,3330,10302,2565,205,7177,9947,2.987087087087087,0.16816816816816818,0.054358377014172,946,3330,2731,685,1699,1100,3484,1.0462462462462463,0.2840840840840841,0.3463932625411937,946,3330,2731,685,1699,1100,3484,1.0462462462462463,0.2840840840840841,0.3463932625411937,386,386,0.1159159159159159,0.1159159159159159,0.29203488552702167,0.29203488552702167,improved,improved
SUPPORTIVE_POST_PRIMARY_READ_ONLY,aishell5,pooled,learned,cap224_fallback_guard_minus_raw448,full_control_stack,A5E2_012,raw448,cap224_fallback_guard,raw_cfg_low_packet_gated,control_cap224_fallback_guarded_cfg_low_packet_gated,False,641,3770,9609,3025,104,5943,9072,2.406366047745358,0.170026525198939,0.06670829430742013,733,3770,2033,1010,2027,290,3327,0.8824933687002653,0.19442970822281166,0.3605509099852435,733,3770,2033,1010,2027,290,3327,0.8824933687002653,0.19442970822281166,0.3605509099852435,92,92,0.024403183023872677,0.024403183023872677,0.2938426156778233,0.2938426156778233,improved,improved
SUPPORTIVE_POST_PRIMARY_READ_ONLY,aishell5,pooled,learned,cap224_fallback_guard_minus_raw448,full_control_stack,A5E2_013,raw448,cap224_fallback_guard,raw_cfg_low_packet_gated,control_cap224_fallback_guarded_cfg_low_packet_gated,False,1046,3524,10329,1979,499,7304,9782,2.775822928490352,0.29682179341657206,0.10126827379223545,1481,3524,3946,786,1257,1679,3722,1.0561861520998865,0.420261066969353,0.37531677648251394,1481,3524,3946,786,1257,1679,3722,1.0561861520998865,0.420261066969353,0.37531677648251394,435,435,0.12343927355278095,0.12343927355278095,0.2740485026902785,0.2740485026902785,improved,improved
SUPPORTIVE_POST_PRIMARY_READ_ONLY,aishell5,pooled,learned,cap224_fallback_guard_minus_raw448,full_control_stack,A5E2_014,raw448,cap224_fallback_guard,raw_cfg_low_packet_gated,control_cap224_fallback_guarded_cfg_low_packet_gated,True,776,4028,11906,3042,210,8088,11340,2.8152929493545185,0.1926514399205561,0.06517722156895683,1355,4028,3514,761,1912,1398,4071,1.0106752730883812,0.33639523336643495,0.38560045532157083,1105,4028,3514,1231,1692,1178,4101,1.0181231380337636,0.2743296921549156,0.31445645987478654,579,329,0.14374379344587884,0.08167825223435948,0.320423233752614,0.2492792383058297,improved,improved
SUPPORTIVE_POST_PRIMARY_READ_ONLY,aishell5,pooled,learned,cap224_fallback_guard_minus_raw448,full_control_stack,A5E2_015,raw448,cap224_fallback_guard,raw_cfg_low_packet_gated,control_cap224_fallback_guarded_cfg_low_packet_gated,False,898,3216,9177,2006,312,6273,8591,2.6713308457711444,0.27922885572139305,0.09785332897461044,1027,3216,3090,811,1378,1252,3441,1.069962686567164,0.3193407960199005,0.33236245954692556,1027,3216,3090,811,1378,1252,3441,1.069962686567164,0.3193407960199005,0.33236245954692556,129,129,0.040111940298507454,0.040111940298507454,0.23450913057231512,0.23450913057231512,improved,improved
SUPPORTIVE_POST_PRIMARY_READ_ONLY,aishell5,pooled,learned,cap224_fallback_guard_minus_raw448,full_control_stack,A5E2_016,raw448,cap224_fallback_guard,raw_cfg_low_packet_gated,control_cap224_fallback_guarded_cfg_low_packet_gated,True,359,2629,7893,2166,104,5368,7638,2.905287181437809,0.13655382274629135,0.045483339668060306,524,2629,2380,1103,1002,753,2858,1.0871053632559908,0.199315329022442,0.22016806722689075,578,2629,2380,935,1116,867,2918,1.109927729174591,0.2198554583491822,0.24285714285714285,165,219,0.06276150627615065,0.08330163560289083,0.17468472755883044,0.19737380318908254,improved,improved
SUPPORTIVE_POST_PRIMARY_READ_ONLY,aishell5,pooled,learned,cap224_fallback_guard_minus_raw448,full_control_stack,A5E2_017,raw448,cap224_fallback_guard,raw_cfg_low_packet_gated,control_cap224_fallback_guarded_cfg_low_packet_gated,False,667,3154,10134,2287,200,7180,9667,3.064996829422955,0.21147748890298035,0.0658180382869548,792,3154,2762,1049,1313,921,3283,1.0409004438807863,0.25110970196575777,0.28674873280231716,792,3154,2762,1049,1313,921,3283,1.0409004438807863,0.25110970196575777,0.28674873280231716,125,125,0.03963221306277742,0.03963221306277742,0.22093069451536235,0.22093069451536235,improved,improved
SUPPORTIVE_POST_PRIMARY_READ_ONLY,aishell5,pooled,learned,cap224_fallback_guard_minus_raw448,full_control_stack,A5E2_018,raw448,cap224_fallback_guard,raw_cfg_low_packet_gated,control_cap224_fallback_guarded_cfg_low_packet_gated,True,1108,4144,11850,2497,539,8245,11281,2.722249034749035,0.2673745173745174,0.09350210970464135,1465,4144,4198,1243,1436,1490,4169,1.0060328185328185,0.353523166023166,0.3489757027155789,1600,4144,4198,949,1595,1649,4193,1.0118243243243243,0.3861003861003861,0.38113387327298714,357,492,0.08614864864864863,0.11872586872586871,0.2554735930109375,0.2876317635683458,improved,improved
SUPPORTIVE_POST_PRIMARY_READ_ONLY,aishell5,pooled,learned,cap224_compression_abstention_minus_raw448,deletion_anchor_not_recommended_policy,A5E1_001,raw448,cap224_compression_abstention,raw_cfg_low_packet_gated,control_cap224_cr24_abstain_cfg_low_packet_gated,False,311,1415,4723,1041,63,3371,4475,3.1625441696113072,0.21978798586572437,0.0658479779800974,258,1415,662,276,881,128,1285,0.9081272084805654,0.1823321554770318,0.38972809667673713,258,1415,662,276,881,128,1285,0.9081272084805654,0.1823321554770318,0.38972809667673713,-53,-53,-0.037455830388692574,-0.037455830388692574,0.32388011869663974,0.32388011869663974,worsened,worsened
SUPPORTIVE_POST_PRIMARY_READ_ONLY,aishell5,pooled,learned,cap224_compression_abstention_minus_raw448,deletion_anchor_not_recommended_policy,A5E1_002,raw448,cap224_compression_abstention,raw_cfg_low_packet_gated,control_cap224_cr24_abstain_cfg_low_packet_gated,False,764,3204,8625,2245,195,5616,8056,2.5143570536828963,0.23845193508114856,0.08857971014492753,1146,3204,2398,560,1498,692,2750,0.8583021223470662,0.35767790262172283,0.4778982485404504,1146,3204,2398,560,1498,692,2750,0.8583021223470662,0.35767790262172283,0.4778982485404504,382,382,0.11922596754057427,0.11922596754057427,0.38931853839552283,0.38931853839552283,improved,improved
SUPPORTIVE_POST_PRIMARY_READ_ONLY,aishell5,pooled,learned,cap224_compression_abstention_minus_raw448,deletion_anchor_not_recommended_policy,A5E1_003,raw448,cap224_compression_abstention,raw_cfg_low_packet_gated,control_cap224_cr24_abstain_cfg_low_packet_gated,True,473,2425,6340,1712,240,4155,6107,2.5183505154639176,0.19505154639175257,0.07460567823343849,556,2425,1180,440,1429,184,2053,0.8465979381443299,0.2292783505154639,0.4711864406779661,530,2425,1180,335,1560,315,2210,0.911340206185567,0.21855670103092784,0.4491525423728814,83,57,0.034226804123711346,0.02350515463917527,0.3965807624445276,0.3745468641394429,improved,improved
SUPPORTIVE_POST_PRIMARY_READ_ONLY,aishell5,pooled,learned,cap224_compression_abstention_minus_raw448,deletion_anchor_not_recommended_policy,A5E1_004,raw448,cap224_compression_abstention,raw_cfg_low_packet_gated,control_cap224_cr24_abstain_cfg_low_packet_gated,True,598,2543,6109,1796,149,3715,5660,2.2257176563114434,0.23515532835233977,0.09788836143394991,825,2543,2201,496,1222,880,2598,1.0216279984270547,0.3244199764058199,0.37482962289868244,653,2543,2201,538,1352,1010,2900,1.1403853716083365,0.2567833267793944,0.29668332576101775,227,55,0.08926464805348011,0.02162799842705465,0.2769412614647325,0.19879496432706784,improved,improved
SUPPORTIVE_POST_PRIMARY_READ_ONLY,aishell5,pooled,learned,cap224_compression_abstention_minus_raw448,deletion_anchor_not_recommended_policy,A5E1_005,raw448,cap224_compression_abstention,raw_cfg_low_packet_gated,control_cap224_cr24_abstain_cfg_low_packet_gated,True,831,2979,7203,1880,268,4492,6640,2.2289358845250082,0.27895266868076535,0.1153685964181591,1189,2979,2867,642,1148,1036,2826,0.9486404833836858,0.3991272239006378,0.41471921869550055,1046,2979,2867,481,1452,1340,3273,1.0986908358509566,0.35112453843571667,0.3648412975235438,358,215,0.12017455521987247,0.07217186975495132,0.29935062227734144,0.24947270110538466,improved,improved
SUPPORTIVE_POST_PRIMARY_READ_ONLY,aishell5,pooled,learned,cap224_compression_abstention_minus_raw448,deletion_anchor_not_recommended_policy,A5E1_006,raw448,cap224_compression_abstention,raw_cfg_low_packet_gated,control_cap224_cr24_abstain_cfg_low_packet_gated,False,333,2142,6506,1752,57,4421,6230,2.9084967320261437,0.15546218487394958,0.05118352290193667,527,2142,1560,433,1182,600,2215,1.0340802987861812,0.24603174603174602,0.33782051282051284,527,2142,1560,433,1182,600,2215,1.0340802987861812,0.24603174603174602,0.33782051282051284,194,194,0.09056956115779644,0.09056956115779644,0.28663698991857617,0.28663698991857617,improved,improved
SUPPORTIVE_POST_PRIMARY_READ_ONLY,aishell5,pooled,learned,cap224_compression_abstention_minus_raw448,deletion_anchor_not_recommended_policy,A5E1_007,raw448,cap224_compression_abstention,raw_cfg_low_packet_gated,control_cap224_cr24_abstain_cfg_low_packet_gated,True,582,2939,6728,2170,187,3976,6333,2.154814562776455,0.19802653963933312,0.08650416171224733,904,2939,2352,614,1421,834,2869,0.9761823749574685,0.3075876148349779,0.3843537414965986,668,2939,2352,608,1663,1076,3347,1.1388227288193262,0.22728819326301464,0.28401360544217685,322,86,0.10956107519564476,0.02926165362368152,0.2978495797843513,0.1975094437299295,improved,improved
SUPPORTIVE_POST_PRIMARY_READ_ONLY,aishell5,pooled,learned,cap224_compression_abstention_minus_raw448,deletion_anchor_not_recommended_policy,A5E1_008,raw448,cap224_compression_abstention,raw_cfg_low_packet_gated,control_cap224_cr24_abstain_cfg_low_packet_gated,False,2090,4270,13386,1395,785,9901,12081,2.8292740046838407,0.4894613583138173,0.15613327356940088,2011,4270,4393,977,1282,1405,3664,0.8580796252927401,0.47096018735363,0.4577737309355793,2011,4270,4393,977,1282,1405,3664,0.8580796252927401,0.47096018735363,0.4577737309355793,-79,-79,-0.01850117096018733,-0.01850117096018733,0.30164045736617845,0.30164045736617845,worsened,worsened
SUPPORTIVE_POST_PRIMARY_READ_ONLY,aishell5,pooled,learned,cap224_compression_abstention_minus_raw448,deletion_anchor_not_recommended_policy,A5E1_009,raw448,cap224_compression_abstention,raw_cfg_low_packet_gated,control_cap224_cr24_abstain_cfg_low_packet_gated,True,257,2496,5972,2203,36,3512,5751,2.3040865384615383,0.10296474358974358,0.043034159410582716,426,2496,1590,679,1391,485,2555,1.0236378205128205,0.17067307692307693,0.2679245283018868,435,2496,1590,523,1538,632,2693,1.0789262820512822,0.17427884615384615,0.27358490566037735,169,178,0.06770833333333334,0.07131410256410256,0.22489036889130407,0.23055074624979463,improved,improved
SUPPORTIVE_POST_PRIMARY_READ_ONLY,aishell5,pooled,learned,cap224_compression_abstention_minus_raw448,deletion_anchor_not_recommended_policy,A5E1_010,raw448,cap224_compression_abstention,raw_cfg_low_packet_gated,control_cap224_cr24_abstain_cfg_low_packet_gated,True,210,1860,6517,1627,23,4680,6330,3.403225806451613,0.11290322580645161,0.0322234156820623,284,1860,896,357,1219,255,1831,0.9844086021505376,0.15268817204301074,0.3169642857142857,252,1860,896,383,1225,261,1869,1.0048387096774194,0.13548387096774195,0.28125,74,42,0.039784946236559135,0.02258064516129034,0.28474087003222337,0.2490265843179377,improved,improved
SUPPORTIVE_POST_PRIMARY_READ_ONLY,aishell5,pooled,learned,cap224_compression_abstention_minus_raw448,deletion_anchor_not_recommended_policy,A5E1_011,raw448,cap224_compression_abstention,raw_cfg_low_packet_gated,control_cap224_cr24_abstain_cfg_low_packet_gated,False,678,2265,8503,1442,145,6383,7970,3.5187637969094925,0.2993377483443709,0.0797365635658003,630,2265,1785,769,866,386,2021,0.8922737306843267,0.2781456953642384,0.35294117647058826,630,2265,1785,769,866,386,2021,0.8922737306843267,0.2781456953642384,0.35294117647058826,-48,-48,-0.021192052980132492,-0.021192052980132492,0.2732046129047879,0.2732046129047879,worsened,worsened
SUPPORTIVE_POST_PRIMARY_READ_ONLY,aishell5,pooled,learned,cap224_compression_abstention_minus_raw448,deletion_anchor_not_recommended_policy,A5E1_012,raw448,cap224_compression_abstention,raw_cfg_low_packet_gated,control_cap224_cr24_abstain_cfg_low_packet_gated,False,1388,3189,6004,1125,676,3491,5292,1.6594543744120414,0.4352461586704296,0.23117921385742837,1516,3189,3323,651,1022,1156,2829,0.8871119473189087,0.47538413295703985,0.4562142642190791,1516,3189,3323,651,1022,1156,2829,0.8871119473189087,0.47538413295703985,0.4562142642190791,128,128,0.040137974286610256,0.040137974286610256,0.22503505036165075,0.22503505036165075,improved,improved
SUPPORTIVE_POST_PRIMARY_READ_ONLY,aishell5,pooled,learned,cap224_compression_abstention_minus_raw448,deletion_anchor_not_recommended_policy,A5E1_013,raw448,cap224_compression_abstention,raw_cfg_low_packet_gated,control_cap224_cr24_abstain_cfg_low_packet_gated,False,1199,3256,7246,1428,629,4619,6676,2.0503685503685505,0.36824324324324326,0.16547060447143253,1446,3256,3118,572,1238,1100,2910,0.8937346437346437,0.4441031941031941,0.463758819756254,1446,3256,3118,572,1238,1100,2910,0.8937346437346437,0.4441031941031941,0.463758819756254,247,247,0.07585995085995084,0.07585995085995084,0.29828821528482147,0.29828821528482147,improved,improved
SUPPORTIVE_POST_PRIMARY_READ_ONLY,aishell5,pooled,learned,cap224_compression_abstention_minus_raw448,deletion_anchor_not_recommended_policy,A5E1_014,raw448,cap224_compression_abstention,raw_cfg_low_packet_gated,control_cap224_cr24_abstain_cfg_low_packet_gated,True,957,2420,4980,1254,209,2769,4232,1.7487603305785124,0.39545454545454545,0.19216867469879517,862,2420,2173,744,814,567,2125,0.878099173553719,0.35619834710743803,0.3966866083755177,863,2420,2173,657,900,653,2210,0.9132231404958677,0.3566115702479339,0.3971468016566958,-95,-94,-0.03925619834710742,-0.03884297520661156,0.20451793367672255,0.20497812695790063,worsened,worsened
SUPPORTIVE_POST_PRIMARY_READ_ONLY,aishell5,pooled,learned,cap224_compression_abstention_minus_raw448,deletion_anchor_not_recommended_policy,A5E1_015,raw448,cap224_compression_abstention,raw_cfg_low_packet_gated,control_cap224_cr24_abstain_cfg_low_packet_gated,False,1961,4528,13084,1738,829,9385,11952,2.639575971731449,0.433083038869258,0.14987771323754204,2044,4528,4434,818,1666,1572,4056,0.8957597173144877,0.45141342756183744,0.4609833107803338,2044,4528,4434,818,1666,1572,4056,0.8957597173144877,0.45141342756183744,0.4609833107803338,83,83,0.01833038869257947,0.01833038869257947,0.31110559754279177,0.31110559754279177,improved,improved
SUPPORTIVE_POST_PRIMARY_READ_ONLY,aishell5,pooled,learned,cap224_compression_abstention_minus_raw448,deletion_anchor_not_recommended_policy,A5E1_016,raw448,cap224_compression_abstention,raw_cfg_low_packet_gated,control_cap224_cr24_abstain_cfg_low_packet_gated,False,704,2631,5399,1709,218,2986,4913,1.8673508171797795,0.2675788673508172,0.13039451750324135,853,2631,1793,533,1245,407,2185,0.830482706195363,0.3242113264918282,0.4757389849414389,853,2631,1793,533,1245,407,2185,0.830482706195363,0.3242113264918282,0.4757389849414389,149,149,0.056632459141011005,0.056632459141011005,0.3453444674381976,0.3453444674381976,improved,improved
SUPPORTIVE_POST_PRIMARY_READ_ONLY,aishell5,pooled,learned,cap224_compression_abstention_minus_raw448,deletion_anchor_not_recommended_policy,A5E1_017,raw448,cap224_compression_abstention,raw_cfg_low_packet_gated,control_cap224_cr24_abstain_cfg_low_packet_gated,False,519,2196,7918,1628,49,5771,7448,3.3916211293260474,0.23633879781420766,0.06554685526648144,298,2196,2126,1349,549,479,2377,1.0824225865209471,0.13570127504553733,0.14016933207902163,298,2196,2126,1349,549,479,2377,1.0824225865209471,0.13570127504553733,0.14016933207902163,-221,-221,-0.10063752276867033,-0.10063752276867033,0.0746224768125402,0.0746224768125402,worsened,worsened
SUPPORTIVE_POST_PRIMARY_READ_ONLY,aishell5,pooled,learned,cap224_compression_abstention_minus_raw448,deletion_anchor_not_recommended_policy,A5E1_018,raw448,cap224_compression_abstention,raw_cfg_low_packet_gated,control_cap224_cr24_abstain_cfg_low_packet_gated,True,216,2338,5615,2122,0,3277,5399,2.309238665526091,0.09238665526090675,0.03846838824577026,623,2338,1814,448,1267,743,2458,1.0513259195893927,0.26646706586826346,0.3434399117971334,337,2338,1814,366,1635,1111,3112,1.3310521813515825,0.14414029084687768,0.18577728776185226,407,121,0.1740804106073567,0.05175363558597093,0.30497152355136314,0.147308899516082,improved,improved
SUPPORTIVE_POST_PRIMARY_READ_ONLY,aishell5,pooled,learned,cap224_compression_abstention_minus_raw448,deletion_anchor_not_recommended_policy,A5E2_001,raw448,cap224_compression_abstention,raw_cfg_low_packet_gated,control_cap224_cr24_abstain_cfg_low_packet_gated,False,1237,3330,6825,1567,526,4021,6114,1.836036036036036,0.37147147147147147,0.18124542124542126,1206,3330,2682,806,1318,670,2794,0.8390390390390391,0.3621621621621622,0.44966442953020136,1206,3330,2682,806,1318,670,2794,0.8390390390390391,0.3621621621621622,0.44966442953020136,-31,-31,-0.009309309309309288,-0.009309309309309288,0.2684190082847801,0.2684190082847801,worsened,worsened
SUPPORTIVE_POST_PRIMARY_READ_ONLY,aishell5,pooled,learned,cap224_compression_abstention_minus_raw448,deletion_anchor_not_recommended_policy,A5E2_002,raw448,cap224_compression_abstention,raw_cfg_low_packet_gated,control_cap224_cr24_abstain_cfg_low_packet_gated,True,446,3629,6892,3119,64,3327,6510,1.793882612289887,0.12289887021217967,0.06471271038885665,728,3629,2135,1084,1817,323,3224,0.8883990079911821,0.2006062276109121,0.34098360655737703,641,3629,2135,854,2134,640,3628,0.99972444199504,0.17663268117938827,0.3002341920374707,282,195,0.07770735739873243,0.0537338109672086,0.2762708961685204,0.23552148164861406,improved,improved
SUPPORTIVE_POST_PRIMARY_READ_ONLY,aishell5,pooled,learned,cap224_compression_abstention_minus_raw448,deletion_anchor_not_recommended_policy,A5E2_003,raw448,cap224_compression_abstention,raw_cfg_low_packet_gated,control_cap224_cr24_abstain_cfg_low_packet_gated,True,130,1784,3814,1650,4,2034,3688,2.0672645739910314,0.07286995515695067,0.03408495018353435,356,1784,1314,636,792,322,1750,0.9809417040358744,0.19955156950672645,0.2709284627092846,126,1784,1314,853,805,335,1993,1.117152466367713,0.07062780269058296,0.0958904109589041,226,-4,0.12668161434977576,-0.0022421524663677195,0.23684351252575025,0.061805460775369754,improved,worsened
SUPPORTIVE_POST_PRIMARY_READ_ONLY,aishell5,pooled,learned,cap224_compression_abstention_minus_raw448,deletion_anchor_not_recommended_policy,A5E2_004,raw448,cap224_compression_abstention,raw_cfg_low_packet_gated,control_cap224_cr24_abstain_cfg_low_packet_gated,True,274,3263,6012,2964,25,2774,5763,1.7661661048115231,0.08397180508734294,0.04557551563539587,234,3263,953,392,2637,327,3356,1.0285013790989888,0.07171314741035857,0.24554039874081846,256,3263,953,273,2734,424,3431,1.0514863622433344,0.07845540913269997,0.26862539349422876,-40,-18,-0.012258657676984364,-0.005516395954642969,0.1999648831054226,0.2230498778588329,worsened,worsened
SUPPORTIVE_POST_PRIMARY_READ_ONLY,aishell5,pooled,learned,cap224_compression_abstention_minus_raw448,deletion_anchor_not_recommended_policy,A5E2_005,raw448,cap224_compression_abstention,raw_cfg_low_packet_gated,control_cap224_cr24_abstain_cfg_low_packet_gated,True,911,4472,9452,3238,323,5303,8864,1.9821109123434706,0.20371198568872986,0.09638171815488786,1074,4472,2371,924,2474,373,3771,0.8432468694096601,0.24016100178890876,0.4529734289329397,942,4472,2371,789,2741,640,4170,0.932468694096601,0.21064400715563505,0.39730071699704766,163,31,0.036449016100178894,0.006932021466905192,0.35659171077805185,0.3009189988421598,improved,improved
SUPPORTIVE_POST_PRIMARY_READ_ONLY,aishell5,pooled,learned,cap224_compression_abstention_minus_raw448,deletion_anchor_not_recommended_policy,A5E2_006,raw448,cap224_compression_abstention,raw_cfg_low_packet_gated,control_cap224_cr24_abstain_cfg_low_packet_gated,False,668,3788,13072,2962,158,9442,12562,3.316261879619852,0.17634635691657866,0.0511015911872705,721,3788,2908,1137,1930,1050,4117,1.0868532206969377,0.19033790918690602,0.24793672627235214,721,3788,2908,1137,1930,1050,4117,1.0868532206969377,0.19033790918690602,0.24793672627235214,53,53,0.013991552270327362,0.013991552270327362,0.19683513508508163,0.19683513508508163,improved,improved
SUPPORTIVE_POST_PRIMARY_READ_ONLY,aishell5,pooled,learned,cap224_compression_abstention_minus_raw448,deletion_anchor_not_recommended_policy,A5E2_007,raw448,cap224_compression_abstention,raw_cfg_low_packet_gated,control_cap224_cr24_abstain_cfg_low_packet_gated,True,512,2666,7047,1972,182,4563,6717,2.5195048762190546,0.19204801200300076,0.07265503050943664,495,2666,1534,639,1532,400,2571,0.9643660915228808,0.18567141785446362,0.3226857887874837,430,2666,1534,516,1720,588,2824,1.059264816204051,0.16129032258064516,0.2803129074315515,-17,-82,-0.00637659414853714,-0.0307576894223556,0.2500307582780471,0.20765787692211488,worsened,worsened
SUPPORTIVE_POST_PRIMARY_READ_ONLY,aishell5,pooled,learned,cap224_compression_abstention_minus_raw448,deletion_anchor_not_recommended_policy,A5E2_008,raw448,cap224_compression_abstention,raw_cfg_low_packet_gated,control_cap224_cr24_abstain_cfg_low_packet_gated,True,766,4247,13300,3318,163,9216,12697,2.989639745702849,0.1803626089004003,0.05759398496240602,1282,4247,2858,544,2421,1032,3997,0.9411349187661879,0.30186013656698846,0.44856543037088875,670,4247,2858,367,3210,1821,5398,1.271014834000471,0.15775841770661644,0.2344296710986704,516,-96,0.12149752766658817,-0.022604191193783846,0.3909714454084827,0.17683568613626438,improved,worsened
SUPPORTIVE_POST_PRIMARY_READ_ONLY,aishell5,pooled,learned,cap224_compression_abstention_minus_raw448,deletion_anchor_not_recommended_policy,A5E2_009,raw448,cap224_compression_abstention,raw_cfg_low_packet_gated,control_cap224_cr24_abstain_cfg_low_packet_gated,True,220,3072,6657,2845,7,3592,6444,2.09765625,0.07161458333333333,0.03304791948325071,555,3072,1697,738,1779,404,2921,0.9508463541666666,0.1806640625,0.3270477312905127,158,3072,1697,1058,1856,481,3395,1.1051432291666667,0.051432291666666664,0.09310548025928109,335,-62,0.10904947916666667,-0.020182291666666664,0.293999811807262,0.060057560776030375,improved,worsened
SUPPORTIVE_POST_PRIMARY_READ_ONLY,aishell5,pooled,learned,cap224_compression_abstention_minus_raw448,deletion_anchor_not_recommended_policy,A5E2_010,raw448,cap224_compression_abstention,raw_cfg_low_packet_gated,control_cap224_cr24_abstain_cfg_low_packet_gated,True,614,4241,9458,3430,197,5414,9041,2.131808535722707,0.1447771751945296,0.06491858743920491,1184,4241,2958,577,2480,1197,4254,1.003065314784249,0.279179438811601,0.4002704530087897,776,4241,2958,315,3150,1867,5332,1.2572506484319736,0.18297571327517095,0.2623394185260311,570,162,0.13440226361707142,0.03819853808064136,0.3353518655695848,0.19742083108682618,improved,improved
SUPPORTIVE_POST_PRIMARY_READ_ONLY,aishell5,pooled,learned,cap224_compression_abstention_minus_raw448,deletion_anchor_not_recommended_policy,A5E2_011,raw448,cap224_compression_abstention,raw_cfg_low_packet_gated,control_cap224_cr24_abstain_cfg_low_packet_gated,False,560,3330,10302,2565,205,7177,9947,2.987087087087087,0.16816816816816818,0.054358377014172,765,3330,2113,607,1958,741,3306,0.9927927927927928,0.22972972972972974,0.36204448651206816,765,3330,2113,607,1958,741,3306,0.9927927927927928,0.22972972972972974,0.36204448651206816,205,205,0.06156156156156156,0.06156156156156156,0.30768610949789615,0.30768610949789615,improved,improved
SUPPORTIVE_POST_PRIMARY_READ_ONLY,aishell5,pooled,learned,cap224_compression_abstention_minus_raw448,deletion_anchor_not_recommended_policy,A5E2_012,raw448,cap224_compression_abstention,raw_cfg_low_packet_gated,control_cap224_cr24_abstain_cfg_low_packet_gated,False,641,3770,9609,3025,104,5943,9072,2.406366047745358,0.170026525198939,0.06670829430742013,598,3770,1556,701,2471,257,3429,0.9095490716180371,0.15862068965517243,0.38431876606683807,598,3770,1556,701,2471,257,3429,0.9095490716180371,0.15862068965517243,0.38431876606683807,-43,-43,-0.011405835543766563,-0.011405835543766563,0.3176104717594179,0.3176104717594179,worsened,worsened
SUPPORTIVE_POST_PRIMARY_READ_ONLY,aishell5,pooled,learned,cap224_compression_abstention_minus_raw448,deletion_anchor_not_recommended_policy,A5E2_013,raw448,cap224_compression_abstention,raw_cfg_low_packet_gated,control_cap224_cr24_abstain_cfg_low_packet_gated,False,1046,3524,10329,1979,499,7304,9782,2.775822928490352,0.29682179341657206,0.10126827379223545,1337,3524,3084,655,1532,1092,3279,0.9304767309875142,0.3793984108967083,0.4335278858625162,1337,3524,3084,655,1532,1092,3279,0.9304767309875142,0.3793984108967083,0.4335278858625162,291,291,0.08257661748013623,0.08257661748013623,0.33225961207028076,0.33225961207028076,improved,improved
SUPPORTIVE_POST_PRIMARY_READ_ONLY,aishell5,pooled,learned,cap224_compression_abstention_minus_raw448,deletion_anchor_not_recommended_policy,A5E2_014,raw448,cap224_compression_abstention,raw_cfg_low_packet_gated,control_cap224_cr24_abstain_cfg_low_packet_gated,False,776,4028,11906,3042,210,8088,11340,2.8152929493545185,0.1926514399205561,0.06517722156895683,880,4028,2575,1011,2137,684,3832,0.9513406156901688,0.21847070506454816,0.341747572815534,880,4028,2575,1011,2137,684,3832,0.9513406156901688,0.21847070506454816,0.341747572815534,104,104,0.02581926514399205,0.02581926514399205,0.27657035124657714,0.27657035124657714,improved,improved
SUPPORTIVE_POST_PRIMARY_READ_ONLY,aishell5,pooled,learned,cap224_compression_abstention_minus_raw448,deletion_anchor_not_recommended_policy,A5E2_015,raw448,cap224_compression_abstention,raw_cfg_low_packet_gated,control_cap224_cr24_abstain_cfg_low_packet_gated,False,898,3216,9177,2006,312,6273,8591,2.6713308457711444,0.27922885572139305,0.09785332897461044,834,3216,2201,611,1771,756,3138,0.9757462686567164,0.2593283582089552,0.37891867333030443,834,3216,2201,611,1771,756,3138,0.9757462686567164,0.2593283582089552,0.37891867333030443,-64,-64,-0.01990049751243783,-0.01990049751243783,0.28106534435569397,0.28106534435569397,worsened,worsened
SUPPORTIVE_POST_PRIMARY_READ_ONLY,aishell5,pooled,learned,cap224_compression_abstention_minus_raw448,deletion_anchor_not_recommended_policy,A5E2_016,raw448,cap224_compression_abstention,raw_cfg_low_packet_gated,control_cap224_cr24_abstain_cfg_low_packet_gated,True,359,2629,7893,2166,104,5368,7638,2.905287181437809,0.13655382274629135,0.045483339668060306,514,2629,2049,894,1221,641,2756,1.0483073411943704,0.19551160136934195,0.25085407515861396,563,2629,2049,689,1377,797,2863,1.0890072270825408,0.21414986686953214,0.27476817959980476,155,204,0.0589577786230506,0.07759604412324078,0.20537073549055365,0.22928483993174445,improved,improved
SUPPORTIVE_POST_PRIMARY_READ_ONLY,aishell5,pooled,learned,cap224_compression_abstention_minus_raw448,deletion_anchor_not_recommended_policy,A5E2_017,raw448,cap224_compression_abstention,raw_cfg_low_packet_gated,control_cap224_cr24_abstain_cfg_low_packet_gated,False,667,3154,10134,2287,200,7180,9667,3.064996829422955,0.21147748890298035,0.0658180382869548,750,3154,2000,568,1836,682,3086,0.9784400760938491,0.23779327837666456,0.375,750,3154,2000,568,1836,682,3086,0.9784400760938491,0.23779327837666456,0.375,83,83,0.02631578947368421,0.02631578947368421,0.3091819617130452,0.3091819617130452,improved,improved
SUPPORTIVE_POST_PRIMARY_READ_ONLY,aishell5,pooled,learned,cap224_compression_abstention_minus_raw448,deletion_anchor_not_recommended_policy,A5E2_018,raw448,cap224_compression_abstention,raw_cfg_low_packet_gated,control_cap224_cr24_abstain_cfg_low_packet_gated,True,1108,4144,11850,2497,539,8245,11281,2.722249034749035,0.2673745173745174,0.09350210970464135,1310,4144,3212,1148,1686,754,3588,0.8658301158301158,0.3161196911196911,0.4078455790784558,1472,4144,3212,822,1850,918,3590,0.8663127413127413,0.3552123552123552,0.45828144458281445,202,364,0.04874517374517373,0.08783783783783783,0.31434346937381447,0.3647793348781731,improved,improved
SUPPORTIVE_POST_PRIMARY_READ_ONLY,aishell5,pooled,public,guard448_minus_raw448,original_decode_guard_effect,A5E1_001,raw448,guard448,raw_public_sortformer_v2_low_packet_gated,guarded_public_sortformer_v2_low_packet_gated,False,322,1415,4429,1032,61,3075,4168,2.945583038869258,0.2275618374558304,0.07270264167983743,355,1415,1133,567,493,211,1271,0.8982332155477032,0.2508833922261484,0.31332744924977934,355,1415,1133,567,493,211,1271,0.8982332155477032,0.2508833922261484,0.31332744924977934,33,33,0.023321554770318026,0.023321554770318026,0.24062480756994192,0.24062480756994192,improved,improved
SUPPORTIVE_POST_PRIMARY_READ_ONLY,aishell5,pooled,public,guard448_minus_raw448,original_decode_guard_effect,A5E1_002,raw448,guard448,raw_public_sortformer_v2_low_packet_gated,guarded_public_sortformer_v2_low_packet_gated,True,808,3204,11969,2199,197,8962,11358,3.544943820224719,0.25218476903870163,0.06750772829810343,988,3204,3140,881,1335,1271,3487,1.0883270911360798,0.3083645443196005,0.3146496815286624,947,3204,3140,790,1467,1403,3660,1.142322097378277,0.2955680399500624,0.3015923566878981,180,139,0.05617977528089885,0.043383270911360794,0.24714195323055899,0.23408462838979466,improved,improved
SUPPORTIVE_POST_PRIMARY_READ_ONLY,aishell5,pooled,public,guard448_minus_raw448,original_decode_guard_effect,A5E1_003,raw448,guard448,raw_public_sortformer_v2_low_packet_gated,guarded_public_sortformer_v2_low_packet_gated,False,341,2425,3864,2004,80,1519,3603,1.4857731958762888,0.14061855670103093,0.08825051759834368,680,2425,2208,920,825,608,2353,0.9703092783505155,0.2804123711340206,0.3079710144927536,680,2425,2208,920,825,608,2353,0.9703092783505155,0.2804123711340206,0.3079710144927536,339,339,0.1397938144329897,0.1397938144329897,0.21972049689440992,0.21972049689440992,improved,improved
SUPPORTIVE_POST_PRIMARY_READ_ONLY,aishell5,pooled,public,guard448_minus_raw448,original_decode_guard_effect,A5E1_004,raw448,guard448,raw_public_sortformer_v2_low_packet_gated,guarded_public_sortformer_v2_low_packet_gated,False,822,2543,7496,1514,207,5160,6881,2.7058592213920565,0.3232402674007078,0.10965848452508005,942,2543,2262,624,977,696,2297,0.9032638615808101,0.37042862760519074,0.41644562334217505,942,2543,2262,624,977,696,2297,0.9032638615808101,0.37042862760519074,0.41644562334217505,120,120,0.047188360204482915,0.047188360204482915,0.306787138817095,0.306787138817095,improved,improved
SUPPORTIVE_POST_PRIMARY_READ_ONLY,aishell5,pooled,public,guard448_minus_raw448,original_decode_guard_effect,A5E1_005,raw448,guard448,raw_public_sortformer_v2_low_packet_gated,guarded_public_sortformer_v2_low_packet_gated,False,794,2979,6922,1967,218,4161,6346,2.130245048674052,0.26653239342061097,0.11470673215833574,1221,2979,2665,597,1161,847,2605,0.8744545149378986,0.40986908358509566,0.45816135084427767,1221,2979,2665,597,1161,847,2605,0.8744545149378986,0.40986908358509566,0.45816135084427767,427,427,0.1433366901644847,0.1433366901644847,0.34345461868594196,0.34345461868594196,improved,improved
SUPPORTIVE_POST_PRIMARY_READ_ONLY,aishell5,pooled,public,guard448_minus_raw448,original_decode_guard_effect,A5E1_006,raw448,guard448,raw_public_sortformer_v2_low_packet_gated,guarded_public_sortformer_v2_low_packet_gated,False,304,2142,5698,1793,45,3601,5439,2.5392156862745097,0.1419234360410831,0.053352053352053355,536,2142,1737,475,1131,726,2332,1.0887021475256768,0.25023342670401494,0.30857800805987334,536,2142,1737,475,1131,726,2332,1.0887021475256768,0.25023342670401494,0.30857800805987334,232,232,0.10830999066293184,0.10830999066293184,0.25522595470782,0.25522595470782,improved,improved
SUPPORTIVE_POST_PRIMARY_READ_ONLY,aishell5,pooled,public,guard448_minus_raw448,original_decode_guard_effect,A5E1_007,raw448,guard448,raw_public_sortformer_v2_low_packet_gated,guarded_public_sortformer_v2_low_packet_gated,False,632,2939,9201,2152,155,6417,8724,2.9683565838720654,0.215039128955427,0.06868818606673188,949,2939,2657,680,1310,1028,3018,1.0268798911194283,0.3228989452194624,0.35716974030861875,949,2939,2657,680,1310,1028,3018,1.0268798911194283,0.3228989452194624,0.35716974030861875,317,317,0.10785981626403537,0.10785981626403537,0.2884815542418869,0.2884815542418869,improved,improved
SUPPORTIVE_POST_PRIMARY_READ_ONLY,aishell5,pooled,public,guard448_minus_raw448,original_decode_guard_effect,A5E1_008,raw448,guard448,raw_public_sortformer_v2_low_packet_gated,guarded_public_sortformer_v2_low_packet_gated,False,1799,4270,10909,1591,880,7519,9990,2.339578454332553,0.42131147540983604,0.16490970758089651,1940,4270,5515,1159,1171,2416,4746,1.1114754098360655,0.45433255269320844,0.35176790571169536,1940,4270,5515,1159,1171,2416,4746,1.1114754098360655,0.45433255269320844,0.35176790571169536,141,141,0.03302107728337239,0.03302107728337239,0.18685819813079885,0.18685819813079885,improved,improved
SUPPORTIVE_POST_PRIMARY_READ_ONLY,aishell5,pooled,public,guard448_minus_raw448,original_decode_guard_effect,A5E1_009,raw448,guard448,raw_public_sortformer_v2_low_packet_gated,guarded_public_sortformer_v2_low_packet_gated,False,313,2496,5723,2139,44,3271,5454,2.1850961538461537,0.12540064102564102,0.05469159531714136,459,2496,2092,850,1187,783,2820,1.1298076923076923,0.18389423076923078,0.21940726577437858,459,2496,2092,850,1187,783,2820,1.1298076923076923,0.18389423076923078,0.21940726577437858,146,146,0.05849358974358976,0.05849358974358976,0.16471567045723723,0.16471567045723723,improved,improved
SUPPORTIVE_POST_PRIMARY_READ_ONLY,aishell5,pooled,public,guard448_minus_raw448,original_decode_guard_effect,A5E1_010,raw448,guard448,raw_public_sortformer_v2_low_packet_gated,guarded_public_sortformer_v2_low_packet_gated,False,312,1860,6011,1490,58,4209,5757,3.0951612903225807,0.16774193548387098,0.05190484112460489,340,1860,1706,961,559,405,1925,1.0349462365591398,0.1827956989247312,0.19929660023446658,340,1860,1706,961,559,405,1925,1.0349462365591398,0.1827956989247312,0.19929660023446658,28,28,0.015053763440860207,0.015053763440860207,0.1473917591098617,0.1473917591098617,improved,improved
SUPPORTIVE_POST_PRIMARY_READ_ONLY,aishell5,pooled,public,guard448_minus_raw448,original_decode_guard_effect,A5E1_011,raw448,guard448,raw_public_sortformer_v2_low_packet_gated,guarded_public_sortformer_v2_low_packet_gated,False,741,2265,7032,1269,255,5022,6546,2.890066225165563,0.3271523178807947,0.10537542662116041,706,2265,2528,1072,487,750,2309,1.0194260485651214,0.31169977924944814,0.27927215189873417,706,2265,2528,1072,487,750,2309,1.0194260485651214,0.31169977924944814,0.27927215189873417,-35,-35,-0.015452538631346546,-0.015452538631346546,0.17389672527757377,0.17389672527757377,worsened,worsened
SUPPORTIVE_POST_PRIMARY_READ_ONLY,aishell5,pooled,public,guard448_minus_raw448,original_decode_guard_effect,A5E1_012,raw448,guard448,raw_public_sortformer_v2_low_packet_gated,guarded_public_sortformer_v2_low_packet_gated,True,635,3189,9107,2450,104,6022,8576,2.689244277202885,0.1991219818124804,0.06972658394641484,1275,3189,3544,493,1421,1776,3690,1.1571025399811854,0.39981185324553153,0.3597629796839729,694,3189,3544,1037,1458,1813,4308,1.3508936970837253,0.2176230793352148,0.19582392776523702,640,59,0.20068987143305114,0.018501097522734405,0.2900363957375581,0.12609734381882218,improved,improved
SUPPORTIVE_POST_PRIMARY_READ_ONLY,aishell5,pooled,public,guard448_minus_raw448,original_decode_guard_effect,A5E1_013,raw448,guard448,raw_public_sortformer_v2_low_packet_gated,guarded_public_sortformer_v2_low_packet_gated,False,1384,3256,11954,1490,382,9080,10952,3.3636363636363638,0.4250614250614251,0.11577714572528024,1498,3256,4236,903,855,1835,3593,1.1035012285012284,0.46007371007371006,0.35363550519357884,1498,3256,4236,903,855,1835,3593,1.1035012285012284,0.46007371007371006,0.35363550519357884,114,114,0.03501228501228498,0.03501228501228498,0.23785835946829859,0.23785835946829859,improved,improved
SUPPORTIVE_POST_PRIMARY_READ_ONLY,aishell5,pooled,public,guard448_minus_raw448,original_decode_guard_effect,A5E1_014,raw448,guard448,raw_public_sortformer_v2_low_packet_gated,guarded_public_sortformer_v2_low_packet_gated,False,566,2420,6192,1673,181,3953,5807,2.399586776859504,0.23388429752066114,0.09140826873385013,869,2420,3181,735,816,1577,3128,1.2925619834710744,0.35909090909090907,0.27318453316567115,869,2420,3181,735,816,1577,3128,1.2925619834710744,0.35909090909090907,0.27318453316567115,303,303,0.12520661157024793,0.12520661157024793,0.18177626443182102,0.18177626443182102,improved,improved
SUPPORTIVE_POST_PRIMARY_READ_ONLY,aishell5,pooled,public,guard448_minus_raw448,original_decode_guard_effect,A5E1_015,raw448,guard448,raw_public_sortformer_v2_low_packet_gated,guarded_public_sortformer_v2_low_packet_gated,False,1867,4528,10745,1773,888,7105,9766,2.1568021201413425,0.4123233215547703,0.17375523499302,2042,4528,5786,861,1625,2883,5369,1.1857332155477032,0.45097173144876324,0.35292084341514,2042,4528,5786,861,1625,2883,5369,1.1857332155477032,0.45097173144876324,0.35292084341514,175,175,0.03864840989399293,0.03864840989399293,0.17916560842212,0.17916560842212,improved,improved
SUPPORTIVE_POST_PRIMARY_READ_ONLY,aishell5,pooled,public,guard448_minus_raw448,original_decode_guard_effect,A5E1_016,raw448,guard448,raw_public_sortformer_v2_low_packet_gated,guarded_public_sortformer_v2_low_packet_gated,False,992,2631,2953,1183,456,778,2417,0.9186621056632459,0.37704294944887873,0.33592956315611244,1057,2631,2101,686,888,358,1932,0.734321550741163,0.4017483846446218,0.5030937648738696,1057,2631,2101,686,888,358,1932,0.734321550741163,0.4017483846446218,0.5030937648738696,65,65,0.024705435195743086,0.024705435195743086,0.16716420171775714,0.16716420171775714,improved,improved
SUPPORTIVE_POST_PRIMARY_READ_ONLY,aishell5,pooled,public,guard448_minus_raw448,original_decode_guard_effect,A5E1_017,raw448,guard448,raw_public_sortformer_v2_low_packet_gated,guarded_public_sortformer_v2_low_packet_gated,False,541,2196,7836,1593,62,5702,7357,3.3501821493624773,0.24635701275045538,0.06904032669729454,437,2196,3406,1694,65,1275,3034,1.3816029143897997,0.19899817850637522,0.12830299471520845,437,2196,3406,1694,65,1275,3034,1.3816029143897997,0.19899817850637522,0.12830299471520845,-104,-104,-0.04735883424408016,-0.04735883424408016,0.05926266801791391,0.05926266801791391,worsened,worsened
SUPPORTIVE_POST_PRIMARY_READ_ONLY,aishell5,pooled,public,guard448_minus_raw448,original_decode_guard_effect,A5E1_018,raw448,guard448,raw_public_sortformer_v2_low_packet_gated,guarded_public_sortformer_v2_low_packet_gated,False,555,2338,5133,1564,219,3014,4797,2.051753635585971,0.23738237810094098,0.1081239041496201,746,2338,2415,597,995,1072,2664,1.1394354148845167,0.31907613344739094,0.30890269151138716,746,2338,2415,597,995,1072,2664,1.1394354148845167,0.31907613344739094,0.30890269151138716,191,191,0.08169375534644996,0.08169375534644996,0.20077878736176707,0.20077878736176707,improved,improved
SUPPORTIVE_POST_PRIMARY_READ_ONLY,aishell5,pooled,public,guard448_minus_raw448,original_decode_guard_effect,A5E2_001,raw448,guard448,raw_public_sortformer_v2_low_packet_gated,guarded_public_sortformer_v2_low_packet_gated,False,1396,3330,7025,997,937,4632,6566,1.9717717717717718,0.41921921921921923,0.1987188612099644,1393,3330,3588,945,992,1250,3187,0.957057057057057,0.41831831831831834,0.3882385730211817,1393,3330,3588,945,992,1250,3187,0.957057057057057,0.41831831831831834,0.3882385730211817,-3,-3,-0.0009009009009008917,-0.0009009009009008917,0.1895197118112173,0.1895197118112173,worsened,worsened
SUPPORTIVE_POST_PRIMARY_READ_ONLY,aishell5,pooled,public,guard448_minus_raw448,original_decode_guard_effect,A5E2_002,raw448,guard448,raw_public_sortformer_v2_low_packet_gated,guarded_public_sortformer_v2_low_packet_gated,True,567,3629,10535,2924,138,7044,10106,2.7847891981262056,0.156241388812345,0.053820598006644516,660,3629,2876,1495,1474,721,3690,1.0168090383025628,0.1818682832736291,0.22948539638386647,689,3629,2876,1063,1877,1124,4064,1.1198677321576191,0.18985946541747037,0.23956884561891517,93,122,0.025626894461284105,0.03361807660512536,0.17566479837722196,0.18574824761227066,improved,improved
SUPPORTIVE_POST_PRIMARY_READ_ONLY,aishell5,pooled,public,guard448_minus_raw448,original_decode_guard_effect,A5E2_003,raw448,guard448,raw_public_sortformer_v2_low_packet_gated,guarded_public_sortformer_v2_low_packet_gated,True,177,1784,5324,1597,10,3550,5157,2.890695067264574,0.0992152466367713,0.033245679939894815,357,1784,1683,783,644,543,1970,1.1042600896860986,0.20011210762331838,0.21212121212121213,168,1784,1683,560,1056,955,2571,1.4411434977578474,0.09417040358744394,0.09982174688057041,180,-9,0.10089686098654709,-0.005044843049327355,0.1788755321813173,0.0665760669406756,improved,worsened
SUPPORTIVE_POST_PRIMARY_READ_ONLY,aishell5,pooled,public,guard448_minus_raw448,original_decode_guard_effect,A5E2_004,raw448,guard448,raw_public_sortformer_v2_low_packet_gated,guarded_public_sortformer_v2_low_packet_gated,True,228,3263,7644,3031,4,4385,7420,2.273980999080601,0.0698743487588109,0.029827315541601257,298,3263,1510,734,2231,478,3443,1.0551639595464297,0.09132699969353356,0.19735099337748344,221,3263,1510,645,2397,644,3686,1.1296353049341097,0.06772908366533864,0.14635761589403973,70,-7,0.02145265093472265,-0.002145265093472265,0.16752367783588218,0.11653030035243847,improved,worsened
SUPPORTIVE_POST_PRIMARY_READ_ONLY,aishell5,pooled,public,guard448_minus_raw448,original_decode_guard_effect,A5E2_005,raw448,guard448,raw_public_sortformer_v2_low_packet_gated,guarded_public_sortformer_v2_low_packet_gated,False,984,4472,11262,3143,345,7135,10623,2.375447227191413,0.22003577817531306,0.08737346830047948,1202,4472,2941,1137,2133,602,3872,0.8658318425760286,0.268783542039356,0.4087045222713363,1202,4472,2941,1137,2133,602,3872,0.8658318425760286,0.268783542039356,0.4087045222713363,218,218,0.04874776386404295,0.04874776386404295,0.3213310539708568,0.3213310539708568,improved,improved
SUPPORTIVE_POST_PRIMARY_READ_ONLY,aishell5,pooled,public,guard448_minus_raw448,original_decode_guard_effect,A5E2_006,raw448,guard448,raw_public_sortformer_v2_low_packet_gated,guarded_public_sortformer_v2_low_packet_gated,False,726,3788,15878,2767,295,12385,15447,4.077877507919746,0.19165786694825765,0.045723642776168284,796,3788,3646,1359,1633,1491,4483,1.1834741288278776,0.21013727560718057,0.21832144816236973,796,3788,3646,1359,1633,1491,4483,1.1834741288278776,0.21013727560718057,0.21832144816236973,70,70,0.01847940865892292,0.01847940865892292,0.17259780538620145,0.17259780538620145,improved,improved
SUPPORTIVE_POST_PRIMARY_READ_ONLY,aishell5,pooled,public,guard448_minus_raw448,original_decode_guard_effect,A5E2_007,raw448,guard448,raw_public_sortformer_v2_low_packet_gated,guarded_public_sortformer_v2_low_packet_gated,True,487,2666,7549,2061,118,5001,7180,2.6931732933233308,0.18267066766691673,0.06451185587495033,505,2666,2145,954,1207,686,2847,1.0678919729932483,0.18942235558889722,0.23543123543123542,525,2666,2145,835,1306,785,2926,1.0975243810952737,0.19692423105776444,0.24475524475524477,18,38,0.006751687921980498,0.014253563390847712,0.1709193795562851,0.18024338888029445,improved,improved
SUPPORTIVE_POST_PRIMARY_READ_ONLY,aishell5,pooled,public,guard448_minus_raw448,original_decode_guard_effect,A5E2_008,raw448,guard448,raw_public_sortformer_v2_low_packet_gated,guarded_public_sortformer_v2_low_packet_gated,False,1176,4247,12633,2773,298,8684,11755,2.767836119613845,0.27690134212385215,0.09308952742816433,1369,4247,3843,699,2179,1775,4653,1.095596891923711,0.32234518483635505,0.356232110330471,1369,4247,3843,699,2179,1775,4653,1.095596891923711,0.32234518483635505,0.356232110330471,193,193,0.0454438427125029,0.0454438427125029,0.26314258290230663,0.26314258290230663,improved,improved
SUPPORTIVE_POST_PRIMARY_READ_ONLY,aishell5,pooled,public,guard448_minus_raw448,original_decode_guard_effect,A5E2_009,raw448,guard448,raw_public_sortformer_v2_low_packet_gated,guarded_public_sortformer_v2_low_packet_gated,True,522,3072,5587,2210,340,2855,5405,1.7594401041666667,0.169921875,0.09343117952389475,613,3072,1793,843,1616,337,2796,0.91015625,0.19954427083333334,0.3418851087562744,556,3072,1793,737,1779,500,3016,0.9817708333333334,0.18098958333333334,0.3100948131622978,91,34,0.029622395833333343,0.011067708333333343,0.2484539292323797,0.21666363363840307,improved,improved
SUPPORTIVE_POST_PRIMARY_READ_ONLY,aishell5,pooled,public,guard448_minus_raw448,original_decode_guard_effect,A5E2_010,raw448,guard448,raw_public_sortformer_v2_low_packet_gated,guarded_public_sortformer_v2_low_packet_gated,True,724,4241,11257,3173,344,7360,10877,2.5647253006366424,0.17071445413817496,0.06431553699920049,1311,4241,3640,716,2214,1613,4543,1.0712096203725536,0.3091252063192643,0.36016483516483516,857,4241,3640,704,2680,2079,5463,1.288139589719406,0.20207498231549162,0.23543956043956044,587,133,0.13841075218108936,0.03136052817731666,0.29584929816563466,0.17112402344035993,improved,improved
SUPPORTIVE_POST_PRIMARY_READ_ONLY,aishell5,pooled,public,guard448_minus_raw448,original_decode_guard_effect,A5E2_011,raw448,guard448,raw_public_sortformer_v2_low_packet_gated,guarded_public_sortformer_v2_low_packet_gated,True,342,3330,7833,2941,47,4550,7538,2.263663663663664,0.10270270270270271,0.043661432401378784,813,3330,2357,602,1915,942,3459,1.0387387387387388,0.24414414414414415,0.34492999575731864,643,3330,2357,929,1758,785,3472,1.0426426426426427,0.19309309309309308,0.2728044123886296,471,301,0.14144144144144144,0.09039039039039037,0.3012685633559399,0.22914297998725083,improved,improved
SUPPORTIVE_POST_PRIMARY_READ_ONLY,aishell5,pooled,public,guard448_minus_raw448,original_decode_guard_effect,A5E2_012,raw448,guard448,raw_public_sortformer_v2_low_packet_gated,guarded_public_sortformer_v2_low_packet_gated,False,597,3770,8063,3001,172,4465,7638,2.0259946949602123,0.1583554376657825,0.07404191988093761,721,3770,1971,920,2129,330,3379,0.8962864721485411,0.19124668435013262,0.36580416032470825,721,3770,1971,920,2129,330,3379,0.8962864721485411,0.19124668435013262,0.36580416032470825,124,124,0.03289124668435012,0.03289124668435012,0.29176224044377064,0.29176224044377064,improved,improved
SUPPORTIVE_POST_PRIMARY_READ_ONLY,aishell5,pooled,public,guard448_minus_raw448,original_decode_guard_effect,A5E2_013,raw448,guard448,raw_public_sortformer_v2_low_packet_gated,guarded_public_sortformer_v2_low_packet_gated,False,1092,3524,6460,1513,919,3855,6287,1.7840522133938705,0.3098751418842225,0.16904024767801856,1303,3524,3119,838,1383,978,3199,0.9077752553916004,0.36975028376844493,0.4177621032382174,1303,3524,3119,838,1383,978,3199,0.9077752553916004,0.36975028376844493,0.4177621032382174,211,211,0.05987514188422244,0.05987514188422244,0.24872185556019882,0.24872185556019882,improved,improved
SUPPORTIVE_POST_PRIMARY_READ_ONLY,aishell5,pooled,public,guard448_minus_raw448,original_decode_guard_effect,A5E2_014,raw448,guard448,raw_public_sortformer_v2_low_packet_gated,guarded_public_sortformer_v2_low_packet_gated,True,837,4028,6788,2690,501,3261,6452,1.6017874875868918,0.20779543197616684,0.123305833824396,1331,4028,3114,648,2049,1135,3832,0.9513406156901688,0.3304369414101291,0.42742453436095057,1200,4028,3114,889,1939,1025,3853,0.9565541211519365,0.29791459781529295,0.3853564547206166,494,363,0.12264150943396224,0.0901191658391261,0.30411870053655454,0.26205062089622055,improved,improved
SUPPORTIVE_POST_PRIMARY_READ_ONLY,aishell5,pooled,public,guard448_minus_raw448,original_decode_guard_effect,A5E2_015,raw448,guard448,raw_public_sortformer_v2_low_packet_gated,guarded_public_sortformer_v2_low_packet_gated,False,743,3216,8001,2281,192,4977,7450,2.316542288557214,0.2310323383084577,0.0928633920759905,941,3216,2504,728,1547,835,3110,0.9670398009950248,0.29259950248756217,0.3757987220447284,941,3216,2504,728,1547,835,3110,0.9670398009950248,0.29259950248756217,0.3757987220447284,198,198,0.06156716417910446,0.06156716417910446,0.28293532996873794,0.28293532996873794,improved,improved
SUPPORTIVE_POST_PRIMARY_READ_ONLY,aishell5,pooled,public,guard448_minus_raw448,original_decode_guard_effect,A5E2_016,raw448,guard448,raw_public_sortformer_v2_low_packet_gated,guarded_public_sortformer_v2_low_packet_gated,True,344,2629,7327,2220,65,4763,7048,2.6808672499049067,0.1308482312666413,0.046949638324007094,551,2629,2656,1122,956,983,3061,1.1643210346139217,0.20958539368581208,0.20745481927710843,601,2629,2656,855,1173,1200,3228,1.2278432864206923,0.2286040319513123,0.22628012048192772,207,257,0.07873716241917078,0.09775580068467099,0.16050518095310135,0.17933048215792063,improved,improved
SUPPORTIVE_POST_PRIMARY_READ_ONLY,aishell5,pooled,public,guard448_minus_raw448,original_decode_guard_effect,A5E2_017,raw448,guard448,raw_public_sortformer_v2_low_packet_gated,guarded_public_sortformer_v2_low_packet_gated,False,621,3154,8020,2294,239,5105,7638,2.4216867469879517,0.19689283449587824,0.07743142144638404,811,3154,2466,759,1584,896,3239,1.0269499048826887,0.25713379835129996,0.3288726682887267,811,3154,2466,759,1584,896,3239,1.0269499048826887,0.25713379835129996,0.3288726682887267,190,190,0.060240963855421714,0.060240963855421714,0.25144124684234265,0.25144124684234265,improved,improved
SUPPORTIVE_POST_PRIMARY_READ_ONLY,aishell5,pooled,public,guard448_minus_raw448,original_decode_guard_effect,A5E2_018,raw448,guard448,raw_public_sortformer_v2_low_packet_gated,guarded_public_sortformer_v2_low_packet_gated,False,1392,4144,10958,1913,839,7653,10405,2.5108590733590734,0.3359073359073359,0.1270304800146012,1574,4144,4708,1131,1439,2003,4573,1.103523166023166,0.3798262548262548,0.3343245539507222,1574,4144,4708,1131,1439,2003,4573,1.103523166023166,0.3798262548262548,0.3343245539507222,182,182,0.043918918918918914,0.043918918918918914,0.20729407393612098,0.20729407393612098,improved,improved
SUPPORTIVE_POST_PRIMARY_READ_ONLY,aishell5,pooled,public,cap224_minus_raw448,decoder_cap_stage,A5E1_001,raw448,cap224,raw_public_sortformer_v2_low_packet_gated,control_cap224_public_sortformer_v2_low_packet_gated,False,322,1415,4429,1032,61,3075,4168,2.945583038869258,0.2275618374558304,0.07270264167983743,321,1415,2687,1033,61,1333,2427,1.7151943462897528,0.22685512367491167,0.11946408634164496,321,1415,2687,1033,61,1333,2427,1.7151943462897528,0.22685512367491167,0.11946408634164496,-1,-1,-0.0007067137809187163,-0.0007067137809187163,0.046761444661807525,0.046761444661807525,worsened,worsened
SUPPORTIVE_POST_PRIMARY_READ_ONLY,aishell5,pooled,public,cap224_minus_raw448,decoder_cap_stage,A5E1_002,raw448,cap224,raw_public_sortformer_v2_low_packet_gated,control_cap224_public_sortformer_v2_low_packet_gated,False,808,3204,11969,2199,197,8962,11358,3.544943820224719,0.25218476903870163,0.06750772829810343,626,3204,7425,2421,157,4378,6956,2.17103620474407,0.19538077403245943,0.0843097643097643,626,3204,7425,2421,157,4378,6956,2.17103620474407,0.19538077403245943,0.0843097643097643,-182,-182,-0.0568039950062422,-0.0568039950062422,0.016802036011660873,0.016802036011660873,worsened,worsened
SUPPORTIVE_POST_PRIMARY_READ_ONLY,aishell5,pooled,public,cap224_minus_raw448,decoder_cap_stage,A5E1_003,raw448,cap224,raw_public_sortformer_v2_low_packet_gated,control_cap224_public_sortformer_v2_low_packet_gated,False,341,2425,3864,2004,80,1519,3603,1.4857731958762888,0.14061855670103093,0.08825051759834368,554,2425,2746,1321,550,871,2742,1.130721649484536,0.22845360824742267,0.20174799708667152,554,2425,2746,1321,550,871,2742,1.130721649484536,0.22845360824742267,0.20174799708667152,213,213,0.08783505154639173,0.08783505154639173,0.11349747948832783,0.11349747948832783,improved,improved
SUPPORTIVE_POST_PRIMARY_READ_ONLY,aishell5,pooled,public,cap224_minus_raw448,decoder_cap_stage,A5E1_004,raw448,cap224,raw_public_sortformer_v2_low_packet_gated,control_cap224_public_sortformer_v2_low_packet_gated,False,822,2543,7496,1514,207,5160,6881,2.7058592213920565,0.3232402674007078,0.10965848452508005,821,2543,4773,1451,271,2501,4223,1.6606370428627606,0.3228470310656705,0.17200921852084644,821,2543,4773,1451,271,2501,4223,1.6606370428627606,0.3228470310656705,0.17200921852084644,-1,-1,-0.0003932363350373502,-0.0003932363350373502,0.06235073399576639,0.06235073399576639,worsened,worsened
SUPPORTIVE_POST_PRIMARY_READ_ONLY,aishell5,pooled,public,cap224_minus_raw448,decoder_cap_stage,A5E1_005,raw448,cap224,raw_public_sortformer_v2_low_packet_gated,control_cap224_public_sortformer_v2_low_packet_gated,False,794,2979,6922,1967,218,4161,6346,2.130245048674052,0.26653239342061097,0.11470673215833574,823,2979,4613,1810,346,1980,4136,1.3883853642161799,0.2762672037596509,0.17840884456969433,823,2979,4613,1810,346,1980,4136,1.3883853642161799,0.2762672037596509,0.17840884456969433,29,29,0.009734810339039945,0.009734810339039945,0.06370211241135859,0.06370211241135859,improved,improved
SUPPORTIVE_POST_PRIMARY_READ_ONLY,aishell5,pooled,public,cap224_minus_raw448,decoder_cap_stage,A5E1_006,raw448,cap224,raw_public_sortformer_v2_low_packet_gated,control_cap224_public_sortformer_v2_low_packet_gated,False,304,2142,5698,1793,45,3601,5439,2.5392156862745097,0.1419234360410831,0.053352053352053355,297,2142,3665,1580,265,1788,3633,1.696078431372549,0.13865546218487396,0.0810368349249659,297,2142,3665,1580,265,1788,3633,1.696078431372549,0.13865546218487396,0.0810368349249659,-7,-7,-0.0032679738562091387,-0.0032679738562091387,0.027684781572912542,0.027684781572912542,worsened,worsened
SUPPORTIVE_POST_PRIMARY_READ_ONLY,aishell5,pooled,public,cap224_minus_raw448,decoder_cap_stage,A5E1_007,raw448,cap224,raw_public_sortformer_v2_low_packet_gated,control_cap224_public_sortformer_v2_low_packet_gated,True,632,2939,9201,2152,155,6417,8724,2.9683565838720654,0.215039128955427,0.06868818606673188,544,2939,5692,2292,103,2856,5251,1.7866621299761825,0.18509697175910172,0.09557273366127898,782,2939,5692,1548,609,3362,5519,1.8778496087104457,0.2660768969037087,0.13738580463808855,-88,150,-0.029942157196325286,0.051037767948281715,0.0268845475945471,0.06869761857135667,worsened,improved
SUPPORTIVE_POST_PRIMARY_READ_ONLY,aishell5,pooled,public,cap224_minus_raw448,decoder_cap_stage,A5E1_008,raw448,cap224,raw_public_sortformer_v2_low_packet_gated,control_cap224_public_sortformer_v2_low_packet_gated,False,1799,4270,10909,1591,880,7519,9990,2.339578454332553,0.42131147540983604,0.16490970758089651,1772,4270,7995,1602,896,4621,7119,1.6672131147540983,0.41498829039812646,0.22163852407754847,1772,4270,7995,1602,896,4621,7119,1.6672131147540983,0.41498829039812646,0.22163852407754847,-27,-27,-0.006323185011709587,-0.006323185011709587,0.05672881649665196,0.05672881649665196,worsened,worsened
SUPPORTIVE_POST_PRIMARY_READ_ONLY,aishell5,pooled,public,cap224_minus_raw448,decoder_cap_stage,A5E1_009,raw448,cap224,raw_public_sortformer_v2_low_packet_gated,control_cap224_public_sortformer_v2_low_packet_gated,False,313,2496,5723,2139,44,3271,5454,2.1850961538461537,0.12540064102564102,0.05469159531714136,180,2496,3720,2268,48,1272,3588,1.4375,0.07211538461538461,0.04838709677419355,180,2496,3720,2268,48,1272,3588,1.4375,0.07211538461538461,0.04838709677419355,-133,-133,-0.053285256410256415,-0.053285256410256415,-0.00630449854294781,-0.00630449854294781,worsened,worsened
SUPPORTIVE_POST_PRIMARY_READ_ONLY,aishell5,pooled,public,cap224_minus_raw448,decoder_cap_stage,A5E1_010,raw448,cap224,raw_public_sortformer_v2_low_packet_gated,control_cap224_public_sortformer_v2_low_packet_gated,False,312,1860,6011,1490,58,4209,5757,3.0951612903225807,0.16774193548387098,0.05190484112460489,276,1860,3520,1513,71,1731,3315,1.782258064516129,0.14838709677419354,0.07840909090909091,276,1860,3520,1513,71,1731,3315,1.782258064516129,0.14838709677419354,0.07840909090909091,-36,-36,-0.01935483870967744,-0.01935483870967744,0.026504249784486025,0.026504249784486025,worsened,worsened
SUPPORTIVE_POST_PRIMARY_READ_ONLY,aishell5,pooled,public,cap224_minus_raw448,decoder_cap_stage,A5E1_011,raw448,cap224,raw_public_sortformer_v2_low_packet_gated,control_cap224_public_sortformer_v2_low_packet_gated,True,741,2265,7032,1269,255,5022,6546,2.890066225165563,0.3271523178807947,0.10537542662116041,749,2265,4502,1250,266,2503,4019,1.77439293598234,0.33068432671081677,0.16637050199911152,729,2265,4502,1281,255,2492,4028,1.7783664459161148,0.3218543046357616,0.1619280319857841,8,-12,0.003532008830022082,-0.005298013245033095,0.06099507537795111,0.056552605364623684,improved,worsened
SUPPORTIVE_POST_PRIMARY_READ_ONLY,aishell5,pooled,public,cap224_minus_raw448,decoder_cap_stage,A5E1_012,raw448,cap224,raw_public_sortformer_v2_low_packet_gated,control_cap224_public_sortformer_v2_low_packet_gated,False,635,3189,9107,2450,104,6022,8576,2.689244277202885,0.1991219818124804,0.06972658394641484,599,3189,6192,2446,144,3147,5737,1.7989965506428347,0.1878331765443713,0.09673772609819122,599,3189,6192,2446,144,3147,5737,1.7989965506428347,0.1878331765443713,0.09673772609819122,-36,-36,-0.011288805268109103,-0.011288805268109103,0.02701114215177637,0.02701114215177637,worsened,worsened
SUPPORTIVE_POST_PRIMARY_READ_ONLY,aishell5,pooled,public,cap224_minus_raw448,decoder_cap_stage,A5E1_013,raw448,cap224,raw_public_sortformer_v2_low_packet_gated,control_cap224_public_sortformer_v2_low_packet_gated,False,1384,3256,11954,1490,382,9080,10952,3.3636363636363638,0.4250614250614251,0.11577714572528024,1367,3256,7616,1488,401,4761,6650,2.0423832923832923,0.41984029484029484,0.1794905462184874,1367,3256,7616,1488,401,4761,6650,2.0423832923832923,0.41984029484029484,0.1794905462184874,-17,-17,-0.0052211302211302435,-0.0052211302211302435,0.06371340049320716,0.06371340049320716,worsened,worsened
SUPPORTIVE_POST_PRIMARY_READ_ONLY,aishell5,pooled,public,cap224_minus_raw448,decoder_cap_stage,A5E1_014,raw448,cap224,raw_public_sortformer_v2_low_packet_gated,control_cap224_public_sortformer_v2_low_packet_gated,False,566,2420,6192,1673,181,3953,5807,2.399586776859504,0.23388429752066114,0.09140826873385013,837,2420,4383,1031,552,2515,4098,1.693388429752066,0.3458677685950413,0.19096509240246407,837,2420,4383,1031,552,2515,4098,1.693388429752066,0.3458677685950413,0.19096509240246407,271,271,0.11198347107438017,0.11198347107438017,0.09955682366861393,0.09955682366861393,improved,improved
SUPPORTIVE_POST_PRIMARY_READ_ONLY,aishell5,pooled,public,cap224_minus_raw448,decoder_cap_stage,A5E1_015,raw448,cap224,raw_public_sortformer_v2_low_packet_gated,control_cap224_public_sortformer_v2_low_packet_gated,False,1867,4528,10745,1773,888,7105,9766,2.1568021201413425,0.4123233215547703,0.17375523499302,1976,4528,8116,1449,1103,4691,7243,1.5996024734982333,0.4363957597173145,0.24346968950221784,1976,4528,8116,1449,1103,4691,7243,1.5996024734982333,0.4363957597173145,0.24346968950221784,109,109,0.024072438162544174,0.024072438162544174,0.06971445450919783,0.06971445450919783,improved,improved
SUPPORTIVE_POST_PRIMARY_READ_ONLY,aishell5,pooled,public,cap224_minus_raw448,decoder_cap_stage,A5E1_016,raw448,cap224,raw_public_sortformer_v2_low_packet_gated,control_cap224_public_sortformer_v2_low_packet_gated,False,992,2631,2953,1183,456,778,2417,0.9186621056632459,0.37704294944887873,0.33592956315611244,1020,2631,2513,940,671,553,2164,0.822500950209046,0.38768529076396807,0.4058893752487067,1020,2631,2513,940,671,553,2164,0.822500950209046,0.38768529076396807,0.4058893752487067,28,28,0.010642341315089343,0.010642341315089343,0.06995981209259428,0.06995981209259428,improved,improved
SUPPORTIVE_POST_PRIMARY_READ_ONLY,aishell5,pooled,public,cap224_minus_raw448,decoder_cap_stage,A5E1_017,raw448,cap224,raw_public_sortformer_v2_low_packet_gated,control_cap224_public_sortformer_v2_low_packet_gated,True,541,2196,7836,1593,62,5702,7357,3.3501821493624773,0.24635701275045538,0.06904032669729454,494,2196,4967,1653,49,2820,4522,2.0591985428051003,0.22495446265938068,0.09945641232132071,492,2196,4967,1641,63,2834,4538,2.0664845173041893,0.22404371584699453,0.09905375478155828,-47,-49,-0.021402550091074696,-0.022313296903460844,0.030416085624026173,0.030013428084263744,worsened,worsened
SUPPORTIVE_POST_PRIMARY_READ_ONLY,aishell5,pooled,public,cap224_minus_raw448,decoder_cap_stage,A5E1_018,raw448,cap224,raw_public_sortformer_v2_low_packet_gated,control_cap224_public_sortformer_v2_low_packet_gated,False,555,2338,5133,1564,219,3014,4797,2.051753635585971,0.23738237810094098,0.1081239041496201,698,2338,3712,1151,489,1863,3503,1.498289136013687,0.2985457656116339,0.1880387931034483,698,2338,3712,1151,489,1863,3503,1.498289136013687,0.2985457656116339,0.1880387931034483,143,143,0.06116338751069289,0.06116338751069289,0.07991488895382819,0.07991488895382819,improved,improved
SUPPORTIVE_POST_PRIMARY_READ_ONLY,aishell5,pooled,public,cap224_minus_raw448,decoder_cap_stage,A5E2_001,raw448,cap224,raw_public_sortformer_v2_low_packet_gated,control_cap224_public_sortformer_v2_low_packet_gated,False,1396,3330,7025,997,937,4632,6566,1.9717717717717718,0.41921921921921923,0.1987188612099644,1394,3330,5152,984,952,2774,4710,1.4144144144144144,0.4186186186186186,0.2705745341614907,1394,3330,5152,984,952,2774,4710,1.4144144144144144,0.4186186186186186,0.2705745341614907,-2,-2,-0.0006006006006006315,-0.0006006006006006315,0.07185567295152628,0.07185567295152628,worsened,worsened
SUPPORTIVE_POST_PRIMARY_READ_ONLY,aishell5,pooled,public,cap224_minus_raw448,decoder_cap_stage,A5E2_002,raw448,cap224,raw_public_sortformer_v2_low_packet_gated,control_cap224_public_sortformer_v2_low_packet_gated,False,567,3629,10535,2924,138,7044,10106,2.7847891981262056,0.156241388812345,0.053820598006644516,507,3629,6471,2903,219,3061,6183,1.7037751446679525,0.13970790851474235,0.07834955957348169,507,3629,6471,2903,219,3061,6183,1.7037751446679525,0.13970790851474235,0.07834955957348169,-60,-60,-0.016533480297602654,-0.016533480297602654,0.024528961566837176,0.024528961566837176,worsened,worsened
SUPPORTIVE_POST_PRIMARY_READ_ONLY,aishell5,pooled,public,cap224_minus_raw448,decoder_cap_stage,A5E2_003,raw448,cap224,raw_public_sortformer_v2_low_packet_gated,control_cap224_public_sortformer_v2_low_packet_gated,True,177,1784,5324,1597,10,3550,5157,2.890695067264574,0.0992152466367713,0.033245679939894815,152,1784,3415,1621,11,1642,3274,1.8352017937219731,0.08520179372197309,0.0445095168374817,139,1784,3415,1639,6,1637,3282,1.8396860986547086,0.07791479820627803,0.04070278184480234,-25,-38,-0.014013452914798205,-0.021300448430493266,0.011263836897586886,0.007457101904907525,worsened,worsened
SUPPORTIVE_POST_PRIMARY_READ_ONLY,aishell5,pooled,public,cap224_minus_raw448,decoder_cap_stage,A5E2_004,raw448,cap224,raw_public_sortformer_v2_low_packet_gated,control_cap224_public_sortformer_v2_low_packet_gated,False,228,3263,7644,3031,4,4385,7420,2.273980999080601,0.0698743487588109,0.029827315541601257,119,3263,4425,2977,167,1329,4473,1.3708243947287773,0.0364695065890285,0.02689265536723164,119,3263,4425,2977,167,1329,4473,1.3708243947287773,0.0364695065890285,0.02689265536723164,-109,-109,-0.03340484216978241,-0.03340484216978241,-0.002934660174369618,-0.002934660174369618,worsened,worsened
SUPPORTIVE_POST_PRIMARY_READ_ONLY,aishell5,pooled,public,cap224_minus_raw448,decoder_cap_stage,A5E2_005,raw448,cap224,raw_public_sortformer_v2_low_packet_gated,control_cap224_public_sortformer_v2_low_packet_gated,False,984,4472,11262,3143,345,7135,10623,2.375447227191413,0.22003577817531306,0.08737346830047948,750,4472,6810,3455,267,2605,6327,1.414803220035778,0.1677101967799642,0.11013215859030837,750,4472,6810,3455,267,2605,6327,1.414803220035778,0.1677101967799642,0.11013215859030837,-234,-234,-0.05232558139534885,-0.05232558139534885,0.02275869028982888,0.02275869028982888,worsened,worsened
SUPPORTIVE_POST_PRIMARY_READ_ONLY,aishell5,pooled,public,cap224_minus_raw448,decoder_cap_stage,A5E2_006,raw448,cap224,raw_public_sortformer_v2_low_packet_gated,control_cap224_public_sortformer_v2_low_packet_gated,False,726,3788,15878,2767,295,12385,15447,4.077877507919746,0.19165786694825765,0.045723642776168284,718,3788,9395,2729,341,5948,9018,2.380675818373812,0.18954593453009505,0.07642362959020756,718,3788,9395,2729,341,5948,9018,2.380675818373812,0.18954593453009505,0.07642362959020756,-8,-8,-0.0021119324181625987,-0.0021119324181625987,0.030699986814039272,0.030699986814039272,worsened,worsened
SUPPORTIVE_POST_PRIMARY_READ_ONLY,aishell5,pooled,public,cap224_minus_raw448,decoder_cap_stage,A5E2_007,raw448,cap224,raw_public_sortformer_v2_low_packet_gated,control_cap224_public_sortformer_v2_low_packet_gated,False,487,2666,7549,2061,118,5001,7180,2.6931732933233308,0.18267066766691673,0.06451185587495033,459,2666,4649,2088,119,2102,4309,1.6162790697674418,0.17216804201050262,0.098730909873091,459,2666,4649,2088,119,2102,4309,1.6162790697674418,0.17216804201050262,0.098730909873091,-28,-28,-0.010502625656414105,-0.010502625656414105,0.03421905399814067,0.03421905399814067,worsened,worsened
SUPPORTIVE_POST_PRIMARY_READ_ONLY,aishell5,pooled,public,cap224_minus_raw448,decoder_cap_stage,A5E2_008,raw448,cap224,raw_public_sortformer_v2_low_packet_gated,control_cap224_public_sortformer_v2_low_packet_gated,False,1176,4247,12633,2773,298,8684,11755,2.767836119613845,0.27690134212385215,0.09308952742816433,1026,4247,7861,2496,725,4339,7560,1.780080056510478,0.24158229338356488,0.13051774583386339,1026,4247,7861,2496,725,4339,7560,1.780080056510478,0.24158229338356488,0.13051774583386339,-150,-150,-0.03531904874028727,-0.03531904874028727,0.03742821840569906,0.03742821840569906,worsened,worsened
SUPPORTIVE_POST_PRIMARY_READ_ONLY,aishell5,pooled,public,cap224_minus_raw448,decoder_cap_stage,A5E2_009,raw448,cap224,raw_public_sortformer_v2_low_packet_gated,control_cap224_public_sortformer_v2_low_packet_gated,True,522,3072,5587,2210,340,2855,5405,1.7594401041666667,0.169921875,0.09343117952389475,544,3072,3594,1824,704,1226,3754,1.2220052083333333,0.17708333333333334,0.15136338341680577,537,3072,3594,1737,798,1320,3855,1.2548828125,0.1748046875,0.14941569282136896,22,15,0.007161458333333343,0.0048828125,0.057932203892911024,0.05598451329747421,improved,improved
SUPPORTIVE_POST_PRIMARY_READ_ONLY,aishell5,pooled,public,cap224_minus_raw448,decoder_cap_stage,A5E2_010,raw448,cap224,raw_public_sortformer_v2_low_packet_gated,control_cap224_public_sortformer_v2_low_packet_gated,True,724,4241,11257,3173,344,7360,10877,2.5647253006366424,0.17071445413817496,0.06431553699920049,1184,4241,7202,1618,1439,4400,7457,1.7583117189342137,0.279179438811601,0.16439877811718967,877,4241,7202,1875,1489,4450,7814,1.84248997877859,0.20679085121433624,0.12177173007497917,460,153,0.10846498467342605,0.03607639707616128,0.10008324111798918,0.05745619307577868,improved,improved
SUPPORTIVE_POST_PRIMARY_READ_ONLY,aishell5,pooled,public,cap224_minus_raw448,decoder_cap_stage,A5E2_011,raw448,cap224,raw_public_sortformer_v2_low_packet_gated,control_cap224_public_sortformer_v2_low_packet_gated,True,342,3330,7833,2941,47,4550,7538,2.263663663663664,0.10270270270270271,0.043661432401378784,555,3330,4787,1953,822,2279,5054,1.5177177177177177,0.16666666666666666,0.11593900146229372,556,3330,4787,1950,824,2281,5055,1.518018018018018,0.16696696696696697,0.11614790056402757,213,214,0.06396396396396395,0.06426426426426426,0.07227756906091493,0.07248646816264878,improved,improved
SUPPORTIVE_POST_PRIMARY_READ_ONLY,aishell5,pooled,public,cap224_minus_raw448,decoder_cap_stage,A5E2_012,raw448,cap224,raw_public_sortformer_v2_low_packet_gated,control_cap224_public_sortformer_v2_low_packet_gated,False,597,3770,8063,3001,172,4465,7638,2.0259946949602123,0.1583554376657825,0.07404191988093761,601,3770,4961,2684,485,1676,4845,1.2851458885941645,0.15941644562334217,0.12114493045756904,601,3770,4961,2684,485,1676,4845,1.2851458885941645,0.15941644562334217,0.12114493045756904,4,4,0.0010610079575596731,0.0010610079575596731,0.047103010576631424,0.047103010576631424,improved,improved
SUPPORTIVE_POST_PRIMARY_READ_ONLY,aishell5,pooled,public,cap224_minus_raw448,decoder_cap_stage,A5E2_013,raw448,cap224,raw_public_sortformer_v2_low_packet_gated,control_cap224_public_sortformer_v2_low_packet_gated,False,1092,3524,6460,1513,919,3855,6287,1.7840522133938705,0.3098751418842225,0.16904024767801856,1215,3524,4540,1151,1158,2174,4483,1.272133938706016,0.3447786606129398,0.26762114537444937,1215,3524,4540,1151,1158,2174,4483,1.272133938706016,0.3447786606129398,0.26762114537444937,123,123,0.03490351872871733,0.03490351872871733,0.0985808976964308,0.0985808976964308,improved,improved
SUPPORTIVE_POST_PRIMARY_READ_ONLY,aishell5,pooled,public,cap224_minus_raw448,decoder_cap_stage,A5E2_014,raw448,cap224,raw_public_sortformer_v2_low_packet_gated,control_cap224_public_sortformer_v2_low_packet_gated,False,837,4028,6788,2690,501,3261,6452,1.6017874875868918,0.20779543197616684,0.123305833824396,1092,4028,4765,1667,1269,2006,4942,1.2269116186693148,0.2711022840119166,0.2291710388247639,1092,4028,4765,1667,1269,2006,4942,1.2269116186693148,0.2711022840119166,0.2291710388247639,255,255,0.06330685203574976,0.06330685203574976,0.10586520500036789,0.10586520500036789,improved,improved
SUPPORTIVE_POST_PRIMARY_READ_ONLY,aishell5,pooled,public,cap224_minus_raw448,decoder_cap_stage,A5E2_015,raw448,cap224,raw_public_sortformer_v2_low_packet_gated,control_cap224_public_sortformer_v2_low_packet_gated,False,743,3216,8001,2281,192,4977,7450,2.316542288557214,0.2310323383084577,0.0928633920759905,799,3216,5063,1955,462,2309,4726,1.4695273631840795,0.2484452736318408,0.15781157416551453,799,3216,5063,1955,462,2309,4726,1.4695273631840795,0.2484452736318408,0.15781157416551453,56,56,0.01741293532338309,0.01741293532338309,0.06494818208952403,0.06494818208952403,improved,improved
SUPPORTIVE_POST_PRIMARY_READ_ONLY,aishell5,pooled,public,cap224_minus_raw448,decoder_cap_stage,A5E2_016,raw448,cap224,raw_public_sortformer_v2_low_packet_gated,control_cap224_public_sortformer_v2_low_packet_gated,False,344,2629,7327,2220,65,4763,7048,2.6808672499049067,0.1308482312666413,0.046949638324007094,488,2629,4889,1827,314,2574,4715,1.793457588436668,0.18562190947128185,0.0998159132746983,488,2629,4889,1827,314,2574,4715,1.793457588436668,0.18562190947128185,0.0998159132746983,144,144,0.05477367820464055,0.05477367820464055,0.052866274950691204,0.052866274950691204,improved,improved
SUPPORTIVE_POST_PRIMARY_READ_ONLY,aishell5,pooled,public,cap224_minus_raw448,decoder_cap_stage,A5E2_017,raw448,cap224,raw_public_sortformer_v2_low_packet_gated,control_cap224_public_sortformer_v2_low_packet_gated,False,621,3154,8020,2294,239,5105,7638,2.4216867469879517,0.19689283449587824,0.07743142144638404,716,3154,5154,1749,689,2689,5127,1.6255548509828788,0.2270133164235891,0.13892122623205277,716,3154,5154,1749,689,2689,5127,1.6255548509828788,0.2270133164235891,0.13892122623205277,95,95,0.030120481927710857,0.030120481927710857,0.061489804785668734,0.061489804785668734,improved,improved
SUPPORTIVE_POST_PRIMARY_READ_ONLY,aishell5,pooled,public,cap224_minus_raw448,decoder_cap_stage,A5E2_018,raw448,cap224,raw_public_sortformer_v2_low_packet_gated,control_cap224_public_sortformer_v2_low_packet_gated,False,1392,4144,10958,1913,839,7653,10405,2.5108590733590734,0.3359073359073359,0.1270304800146012,1538,4144,7300,1519,1087,4243,6849,1.6527509652509653,0.37113899613899615,0.2106849315068493,1538,4144,7300,1519,1087,4243,6849,1.6527509652509653,0.37113899613899615,0.2106849315068493,146,146,0.035231660231660245,0.035231660231660245,0.0836544514922481,0.0836544514922481,improved,improved
SUPPORTIVE_POST_PRIMARY_READ_ONLY,aishell5,pooled,public,cap224_guard_minus_cap224,guard_after_cap,A5E1_001,cap224,cap224_guard,control_cap224_public_sortformer_v2_low_packet_gated,control_cap224_guarded_public_sortformer_v2_low_packet_gated,False,321,1415,2687,1033,61,1333,2427,1.7151943462897528,0.22685512367491167,0.11946408634164496,355,1415,1121,568,492,198,1258,0.8890459363957597,0.2508833922261484,0.31668153434433544,355,1415,1121,568,492,198,1258,0.8890459363957597,0.2508833922261484,0.31668153434433544,34,34,0.024028268551236742,0.024028268551236742,0.19721744800269048,0.19721744800269048,improved,improved
SUPPORTIVE_POST_PRIMARY_READ_ONLY,aishell5,pooled,public,cap224_guard_minus_cap224,guard_after_cap,A5E1_002,cap224,cap224_guard,control_cap224_public_sortformer_v2_low_packet_gated,control_cap224_guarded_public_sortformer_v2_low_packet_gated,True,626,3204,7425,2421,157,4378,6956,2.17103620474407,0.19538077403245943,0.0843097643097643,988,3204,3132,881,1335,1263,3479,1.0858302122347065,0.3083645443196005,0.31545338441890164,946,3204,3132,786,1472,1400,3658,1.1416978776529338,0.29525593008739076,0.3020434227330779,362,320,0.11298377028714104,0.09987515605493133,0.23114362010913733,0.21773365842331358,improved,improved
SUPPORTIVE_POST_PRIMARY_READ_ONLY,aishell5,pooled,public,cap224_guard_minus_cap224,guard_after_cap,A5E1_003,cap224,cap224_guard,control_cap224_public_sortformer_v2_low_packet_gated,control_cap224_guarded_public_sortformer_v2_low_packet_gated,False,554,2425,2746,1321,550,871,2742,1.130721649484536,0.22845360824742267,0.20174799708667152,687,2425,1992,698,1040,607,2345,0.9670103092783505,0.28329896907216495,0.34487951807228917,687,2425,1992,698,1040,607,2345,0.9670103092783505,0.28329896907216495,0.34487951807228917,133,133,0.054845360824742284,0.054845360824742284,0.14313152098561766,0.14313152098561766,improved,improved
SUPPORTIVE_POST_PRIMARY_READ_ONLY,aishell5,pooled,public,cap224_guard_minus_cap224,guard_after_cap,A5E1_004,cap224,cap224_guard,control_cap224_public_sortformer_v2_low_packet_gated,control_cap224_guarded_public_sortformer_v2_low_packet_gated,False,821,2543,4773,1451,271,2501,4223,1.6606370428627606,0.3228470310656705,0.17200921852084644,943,2543,2220,626,974,651,2251,0.8851749901690916,0.3708218639402281,0.42477477477477477,943,2543,2220,626,974,651,2251,0.8851749901690916,0.3708218639402281,0.42477477477477477,122,122,0.047974832874557616,0.047974832874557616,0.2527655562539283,0.2527655562539283,improved,improved
SUPPORTIVE_POST_PRIMARY_READ_ONLY,aishell5,pooled,public,cap224_guard_minus_cap224,guard_after_cap,A5E1_005,cap224,cap224_guard,control_cap224_public_sortformer_v2_low_packet_gated,control_cap224_guarded_public_sortformer_v2_low_packet_gated,False,823,2979,4613,1810,346,1980,4136,1.3883853642161799,0.2762672037596509,0.17840884456969433,1221,2979,2662,594,1164,847,2605,0.8744545149378986,0.40986908358509566,0.45867768595041325,1221,2979,2662,594,1164,847,2605,0.8744545149378986,0.40986908358509566,0.45867768595041325,398,398,0.13360187982544475,0.13360187982544475,0.28026884138071895,0.28026884138071895,improved,improved
SUPPORTIVE_POST_PRIMARY_READ_ONLY,aishell5,pooled,public,cap224_guard_minus_cap224,guard_after_cap,A5E1_006,cap224,cap224_guard,control_cap224_public_sortformer_v2_low_packet_gated,control_cap224_guarded_public_sortformer_v2_low_packet_gated,False,297,2142,3665,1580,265,1788,3633,1.696078431372549,0.13865546218487396,0.0810368349249659,536,2142,1739,478,1128,725,2331,1.088235294117647,0.25023342670401494,0.308223116733755,536,2142,1739,478,1128,725,2331,1.088235294117647,0.25023342670401494,0.308223116733755,239,239,0.11157796451914098,0.11157796451914098,0.22718628180878914,0.22718628180878914,improved,improved
SUPPORTIVE_POST_PRIMARY_READ_ONLY,aishell5,pooled,public,cap224_guard_minus_cap224,guard_after_cap,A5E1_007,cap224,cap224_guard,control_cap224_public_sortformer_v2_low_packet_gated,control_cap224_guarded_public_sortformer_v2_low_packet_gated,True,544,2939,5692,2292,103,2856,5251,1.7866621299761825,0.18509697175910172,0.09557273366127898,947,2939,2653,679,1313,1027,3019,1.0272201429057501,0.3222184416468186,0.3569543912551828,694,2939,2653,650,1595,1309,3554,1.209254848587955,0.23613473970738347,0.26159065209197135,403,150,0.1371214698877169,0.05103776794828174,0.2613816575939038,0.16601791843069236,improved,improved
SUPPORTIVE_POST_PRIMARY_READ_ONLY,aishell5,pooled,public,cap224_guard_minus_cap224,guard_after_cap,A5E1_008,cap224,cap224_guard,control_cap224_public_sortformer_v2_low_packet_gated,control_cap224_guarded_public_sortformer_v2_low_packet_gated,False,1772,4270,7995,1602,896,4621,7119,1.6672131147540983,0.41498829039812646,0.22163852407754847,1941,4270,5509,1156,1173,2412,4741,1.110304449648712,0.45456674473067915,0.3523325467416954,1941,4270,5509,1156,1173,2412,4741,1.110304449648712,0.45456674473067915,0.3523325467416954,169,169,0.03957845433255269,0.03957845433255269,0.13069402266414692,0.13069402266414692,improved,improved
SUPPORTIVE_POST_PRIMARY_READ_ONLY,aishell5,pooled,public,cap224_guard_minus_cap224,guard_after_cap,A5E1_009,cap224,cap224_guard,control_cap224_public_sortformer_v2_low_packet_gated,control_cap224_guarded_public_sortformer_v2_low_packet_gated,False,180,2496,3720,2268,48,1272,3588,1.4375,0.07211538461538461,0.04838709677419355,458,2496,2088,846,1192,784,2822,1.1306089743589745,0.18349358974358973,0.2193486590038314,458,2496,2088,846,1192,784,2822,1.1306089743589745,0.18349358974358973,0.2193486590038314,278,278,0.11137820512820512,0.11137820512820512,0.17096156222963788,0.17096156222963788,improved,improved
SUPPORTIVE_POST_PRIMARY_READ_ONLY,aishell5,pooled,public,cap224_guard_minus_cap224,guard_after_cap,A5E1_010,cap224,cap224_guard,control_cap224_public_sortformer_v2_low_packet_gated,control_cap224_guarded_public_sortformer_v2_low_packet_gated,False,276,1860,3520,1513,71,1731,3315,1.782258064516129,0.14838709677419354,0.07840909090909091,351,1860,1454,698,811,405,1914,1.0290322580645161,0.18870967741935485,0.24140302613480055,351,1860,1454,698,811,405,1914,1.0290322580645161,0.18870967741935485,0.24140302613480055,75,75,0.04032258064516131,0.04032258064516131,0.16299393522570965,0.16299393522570965,improved,improved
SUPPORTIVE_POST_PRIMARY_READ_ONLY,aishell5,pooled,public,cap224_guard_minus_cap224,guard_after_cap,A5E1_011,cap224,cap224_guard,control_cap224_public_sortformer_v2_low_packet_gated,control_cap224_guarded_public_sortformer_v2_low_packet_gated,True,749,2265,4502,1250,266,2503,4019,1.77439293598234,0.33068432671081677,0.16637050199911152,706,2265,2503,1069,490,728,2287,1.0097130242825607,0.31169977924944814,0.2820615261685977,713,2265,2503,1031,521,759,2311,1.020309050772627,0.3147902869757174,0.2848581701957651,-43,-36,-0.018984547461368628,-0.01589403973509934,0.11569102416948618,0.11848766819665357,worsened,worsened
SUPPORTIVE_POST_PRIMARY_READ_ONLY,aishell5,pooled,public,cap224_guard_minus_cap224,guard_after_cap,A5E1_012,cap224,cap224_guard,control_cap224_public_sortformer_v2_low_packet_gated,control_cap224_guarded_public_sortformer_v2_low_packet_gated,True,599,3189,6192,2446,144,3147,5737,1.7989965506428347,0.1878331765443713,0.09673772609819122,1275,3189,3553,493,1421,1785,3699,1.1599247412982125,0.39981185324553153,0.3588516746411483,697,3189,3553,1040,1452,1816,4308,1.3508936970837253,0.21856381310755724,0.19617224880382775,676,98,0.21197867670116025,0.030730636563185948,0.2621139485429571,0.09943452270563653,improved,improved
SUPPORTIVE_POST_PRIMARY_READ_ONLY,aishell5,pooled,public,cap224_guard_minus_cap224,guard_after_cap,A5E1_013,cap224,cap224_guard,control_cap224_public_sortformer_v2_low_packet_gated,control_cap224_guarded_public_sortformer_v2_low_packet_gated,False,1367,3256,7616,1488,401,4761,6650,2.0423832923832923,0.41984029484029484,0.1794905462184874,1498,3256,4036,878,880,1660,3418,1.0497542997542997,0.46007371007371006,0.3711595639246779,1498,3256,4036,878,880,1660,3418,1.0497542997542997,0.46007371007371006,0.3711595639246779,131,131,0.040233415233415226,0.040233415233415226,0.19166901770619052,0.19166901770619052,improved,improved
SUPPORTIVE_POST_PRIMARY_READ_ONLY,aishell5,pooled,public,cap224_guard_minus_cap224,guard_after_cap,A5E1_014,cap224,cap224_guard,control_cap224_public_sortformer_v2_low_packet_gated,control_cap224_guarded_public_sortformer_v2_low_packet_gated,False,837,2420,4383,1031,552,2515,4098,1.693388429752066,0.3458677685950413,0.19096509240246407,868,2420,2955,737,815,1350,2902,1.1991735537190082,0.3586776859504132,0.2937394247038917,868,2420,2955,737,815,1350,2902,1.1991735537190082,0.3586776859504132,0.2937394247038917,31,31,0.012809917355371903,0.012809917355371903,0.10277433230142763,0.10277433230142763,improved,improved
SUPPORTIVE_POST_PRIMARY_READ_ONLY,aishell5,pooled,public,cap224_guard_minus_cap224,guard_after_cap,A5E1_015,cap224,cap224_guard,control_cap224_public_sortformer_v2_low_packet_gated,control_cap224_guarded_public_sortformer_v2_low_packet_gated,False,1976,4528,8116,1449,1103,4691,7243,1.5996024734982333,0.4363957597173145,0.24346968950221784,2042,4528,5776,855,1631,2879,5365,1.1848498233215548,0.45097173144876324,0.35353185595567865,2042,4528,5776,855,1631,2879,5365,1.1848498233215548,0.45097173144876324,0.35353185595567865,66,66,0.014575971731448756,0.014575971731448756,0.11006216645346081,0.11006216645346081,improved,improved
SUPPORTIVE_POST_PRIMARY_READ_ONLY,aishell5,pooled,public,cap224_guard_minus_cap224,guard_after_cap,A5E1_016,cap224,cap224_guard,control_cap224_public_sortformer_v2_low_packet_gated,control_cap224_guarded_public_sortformer_v2_low_packet_gated,False,1020,2631,2513,940,671,553,2164,0.822500950209046,0.38768529076396807,0.4058893752487067,1057,2631,2099,685,889,357,1931,0.733941467122767,0.4017483846446218,0.5035731300619343,1057,2631,2099,685,889,357,1931,0.733941467122767,0.4017483846446218,0.5035731300619343,37,37,0.014063093880653743,0.014063093880653743,0.09768375481322755,0.09768375481322755,improved,improved
SUPPORTIVE_POST_PRIMARY_READ_ONLY,aishell5,pooled,public,cap224_guard_minus_cap224,guard_after_cap,A5E1_017,cap224,cap224_guard,control_cap224_public_sortformer_v2_low_packet_gated,control_cap224_guarded_public_sortformer_v2_low_packet_gated,False,494,2196,4967,1653,49,2820,4522,2.0591985428051003,0.22495446265938068,0.09945641232132071,471,2196,2861,1312,413,1078,2803,1.2764116575591986,0.21448087431693988,0.164627752534079,471,2196,2861,1312,413,1078,2803,1.2764116575591986,0.21448087431693988,0.164627752534079,-23,-23,-0.010473588342440804,-0.010473588342440804,0.06517134021275828,0.06517134021275828,worsened,worsened
SUPPORTIVE_POST_PRIMARY_READ_ONLY,aishell5,pooled,public,cap224_guard_minus_cap224,guard_after_cap,A5E1_018,cap224,cap224_guard,control_cap224_public_sortformer_v2_low_packet_gated,control_cap224_guarded_public_sortformer_v2_low_packet_gated,False,698,2338,3712,1151,489,1863,3503,1.498289136013687,0.2985457656116339,0.1880387931034483,745,2338,2421,597,996,1079,2672,1.1428571428571428,0.3186484174508127,0.3077240809582817,745,2338,2421,597,996,1079,2672,1.1428571428571428,0.3186484174508127,0.3077240809582817,47,47,0.02010265183917881,0.02010265183917881,0.1196852878548334,0.1196852878548334,improved,improved
SUPPORTIVE_POST_PRIMARY_READ_ONLY,aishell5,pooled,public,cap224_guard_minus_cap224,guard_after_cap,A5E2_001,cap224,cap224_guard,control_cap224_public_sortformer_v2_low_packet_gated,control_cap224_guarded_public_sortformer_v2_low_packet_gated,False,1394,3330,5152,984,952,2774,4710,1.4144144144144144,0.4186186186186186,0.2705745341614907,1390,3330,3568,928,1012,1250,3190,0.9579579579579579,0.4174174174174174,0.3895739910313901,1390,3330,3568,928,1012,1250,3190,0.9579579579579579,0.4174174174174174,0.3895739910313901,-4,-4,-0.0012012012012012074,-0.0012012012012012074,0.11899945686989943,0.11899945686989943,worsened,worsened
SUPPORTIVE_POST_PRIMARY_READ_ONLY,aishell5,pooled,public,cap224_guard_minus_cap224,guard_after_cap,A5E2_002,cap224,cap224_guard,control_cap224_public_sortformer_v2_low_packet_gated,control_cap224_guarded_public_sortformer_v2_low_packet_gated,True,507,3629,6471,2903,219,3061,6183,1.7037751446679525,0.13970790851474235,0.07834955957348169,660,3629,2881,1500,1469,721,3690,1.0168090383025628,0.1818682832736291,0.2290871225269004,689,3629,2881,1061,1879,1131,4071,1.1217966381923394,0.18985946541747037,0.23915307185005208,153,182,0.04216037475888676,0.05015155690272802,0.1507375629534187,0.1608035122765704,improved,improved
SUPPORTIVE_POST_PRIMARY_READ_ONLY,aishell5,pooled,public,cap224_guard_minus_cap224,guard_after_cap,A5E2_003,cap224,cap224_guard,control_cap224_public_sortformer_v2_low_packet_gated,control_cap224_guarded_public_sortformer_v2_low_packet_gated,True,152,1784,3415,1621,11,1642,3274,1.8352017937219731,0.08520179372197309,0.0445095168374817,357,1784,1670,778,649,535,1962,1.0997757847533631,0.20011210762331838,0.21377245508982035,163,1784,1670,900,721,607,2228,1.248878923766816,0.0913677130044843,0.09760479041916167,205,11,0.11491031390134529,0.006165919282511215,0.16926293825233865,0.05309527358167997,improved,improved
SUPPORTIVE_POST_PRIMARY_READ_ONLY,aishell5,pooled,public,cap224_guard_minus_cap224,guard_after_cap,A5E2_004,cap224,cap224_guard,control_cap224_public_sortformer_v2_low_packet_gated,control_cap224_guarded_public_sortformer_v2_low_packet_gated,True,119,3263,4425,2977,167,1329,4473,1.3708243947287773,0.0364695065890285,0.02689265536723164,300,3263,1515,737,2226,478,3441,1.0545510266625804,0.09193993257738278,0.19801980198019803,221,3263,1515,646,2396,648,3690,1.1308611707018081,0.06772908366533864,0.14587458745874587,181,102,0.055470425988354284,0.03125957707631014,0.17112714661296638,0.11898193209151424,improved,improved
SUPPORTIVE_POST_PRIMARY_READ_ONLY,aishell5,pooled,public,cap224_guard_minus_cap224,guard_after_cap,A5E2_005,cap224,cap224_guard,control_cap224_public_sortformer_v2_low_packet_gated,control_cap224_guarded_public_sortformer_v2_low_packet_gated,False,750,4472,6810,3455,267,2605,6327,1.414803220035778,0.1677101967799642,0.11013215859030837,1201,4472,2933,1134,2137,598,3869,0.8651610017889088,0.2685599284436494,0.4094783498124787,1201,4472,2933,1134,2137,598,3869,0.8651610017889088,0.2685599284436494,0.4094783498124787,451,451,0.10084973166368519,0.10084973166368519,0.2993461912221703,0.2993461912221703,improved,improved
SUPPORTIVE_POST_PRIMARY_READ_ONLY,aishell5,pooled,public,cap224_guard_minus_cap224,guard_after_cap,A5E2_006,cap224,cap224_guard,control_cap224_public_sortformer_v2_low_packet_gated,control_cap224_guarded_public_sortformer_v2_low_packet_gated,False,718,3788,9395,2729,341,5948,9018,2.380675818373812,0.18954593453009505,0.07642362959020756,795,3788,3590,1361,1632,1434,4427,1.1686906019007393,0.20987328405491024,0.2214484679665738,795,3788,3590,1361,1632,1434,4427,1.1686906019007393,0.20987328405491024,0.2214484679665738,77,77,0.020327349524815186,0.020327349524815186,0.14502483837636626,0.14502483837636626,improved,improved
SUPPORTIVE_POST_PRIMARY_READ_ONLY,aishell5,pooled,public,cap224_guard_minus_cap224,guard_after_cap,A5E2_007,cap224,cap224_guard,control_cap224_public_sortformer_v2_low_packet_gated,control_cap224_guarded_public_sortformer_v2_low_packet_gated,True,459,2666,4649,2088,119,2102,4309,1.6162790697674418,0.17216804201050262,0.098730909873091,507,2666,2153,956,1203,690,2849,1.068642160540135,0.19017254313578394,0.23548536925220623,526,2666,2153,846,1294,781,2921,1.095648912228057,0.1972993248312078,0.24431026474686485,48,67,0.01800450112528132,0.025131282820705175,0.13675445937911523,0.14557935487377385,improved,improved
SUPPORTIVE_POST_PRIMARY_READ_ONLY,aishell5,pooled,public,cap224_guard_minus_cap224,guard_after_cap,A5E2_008,cap224,cap224_guard,control_cap224_public_sortformer_v2_low_packet_gated,control_cap224_guarded_public_sortformer_v2_low_packet_gated,False,1026,4247,7861,2496,725,4339,7560,1.780080056510478,0.24158229338356488,0.13051774583386339,1395,4247,3779,620,2232,1764,4616,1.0868848599011067,0.3284671532846715,0.3691452765281821,1395,4247,3779,620,2232,1764,4616,1.0868848599011067,0.3284671532846715,0.3691452765281821,369,369,0.08688485990110664,0.08688485990110664,0.2386275306943187,0.2386275306943187,improved,improved
SUPPORTIVE_POST_PRIMARY_READ_ONLY,aishell5,pooled,public,cap224_guard_minus_cap224,guard_after_cap,A5E2_009,cap224,cap224_guard,control_cap224_public_sortformer_v2_low_packet_gated,control_cap224_guarded_public_sortformer_v2_low_packet_gated,False,544,3072,3594,1824,704,1226,3754,1.2220052083333333,0.17708333333333334,0.15136338341680577,613,3072,1799,849,1610,337,2796,0.91015625,0.19954427083333334,0.3407448582545859,613,3072,1799,849,1610,337,2796,0.91015625,0.19954427083333334,0.3407448582545859,69,69,0.0224609375,0.0224609375,0.18938147483778012,0.18938147483778012,improved,improved
SUPPORTIVE_POST_PRIMARY_READ_ONLY,aishell5,pooled,public,cap224_guard_minus_cap224,guard_after_cap,A5E2_010,cap224,cap224_guard,control_cap224_public_sortformer_v2_low_packet_gated,control_cap224_guarded_public_sortformer_v2_low_packet_gated,False,1184,4241,7202,1618,1439,4400,7457,1.7583117189342137,0.279179438811601,0.16439877811718967,1309,4241,3636,715,2217,1612,4544,1.0714454138174958,0.30865361942937986,0.36001100110011003,1309,4241,3636,715,2217,1612,4544,1.0714454138174958,0.30865361942937986,0.36001100110011003,125,125,0.029474180617778845,0.029474180617778845,0.19561222298292036,0.19561222298292036,improved,improved
SUPPORTIVE_POST_PRIMARY_READ_ONLY,aishell5,pooled,public,cap224_guard_minus_cap224,guard_after_cap,A5E2_011,cap224,cap224_guard,control_cap224_public_sortformer_v2_low_packet_gated,control_cap224_guarded_public_sortformer_v2_low_packet_gated,True,555,3330,4787,1953,822,2279,5054,1.5177177177177177,0.16666666666666666,0.11593900146229372,813,3330,2333,602,1915,918,3435,1.0315315315315314,0.24414414414414415,0.34847835405057864,621,3330,2333,754,1955,958,3667,1.1012012012012011,0.1864864864864865,0.26618088298328335,258,66,0.07747747747747749,0.01981981981981984,0.23253935258828493,0.15024188152098963,improved,improved
SUPPORTIVE_POST_PRIMARY_READ_ONLY,aishell5,pooled,public,cap224_guard_minus_cap224,guard_after_cap,A5E2_012,cap224,cap224_guard,control_cap224_public_sortformer_v2_low_packet_gated,control_cap224_guarded_public_sortformer_v2_low_packet_gated,False,601,3770,4961,2684,485,1676,4845,1.2851458885941645,0.15941644562334217,0.12114493045756904,722,3770,1975,923,2125,330,3378,0.8960212201591512,0.19151193633952254,0.3655696202531646,722,3770,1975,923,2125,330,3378,0.8960212201591512,0.19151193633952254,0.3655696202531646,121,121,0.03209549071618037,0.03209549071618037,0.24442468979559556,0.24442468979559556,improved,improved
SUPPORTIVE_POST_PRIMARY_READ_ONLY,aishell5,pooled,public,cap224_guard_minus_cap224,guard_after_cap,A5E2_013,cap224,cap224_guard,control_cap224_public_sortformer_v2_low_packet_gated,control_cap224_guarded_public_sortformer_v2_low_packet_gated,False,1215,3524,4540,1151,1158,2174,4483,1.272133938706016,0.3447786606129398,0.26762114537444937,1292,3524,2886,853,1379,741,2973,0.8436435868331441,0.36662883087400683,0.44767844767844767,1292,3524,2886,853,1379,741,2973,0.8436435868331441,0.36662883087400683,0.44767844767844767,77,77,0.021850170261067003,0.021850170261067003,0.1800573023039983,0.1800573023039983,improved,improved
SUPPORTIVE_POST_PRIMARY_READ_ONLY,aishell5,pooled,public,cap224_guard_minus_cap224,guard_after_cap,A5E2_014,cap224,cap224_guard,control_cap224_public_sortformer_v2_low_packet_gated,control_cap224_guarded_public_sortformer_v2_low_packet_gated,True,1092,4028,4765,1667,1269,2006,4942,1.2269116186693148,0.2711022840119166,0.2291710388247639,1331,4028,3119,648,2049,1140,3837,0.9525819265143992,0.3304369414101291,0.42673933953190124,1200,4028,3119,889,1939,1030,3858,0.9577954319761668,0.29791459781529295,0.3847386983007374,239,108,0.059334657398212476,0.026812313803376342,0.19756830070713735,0.15556765947597354,improved,improved
SUPPORTIVE_POST_PRIMARY_READ_ONLY,aishell5,pooled,public,cap224_guard_minus_cap224,guard_after_cap,A5E2_015,cap224,cap224_guard,control_cap224_public_sortformer_v2_low_packet_gated,control_cap224_guarded_public_sortformer_v2_low_packet_gated,False,799,3216,5063,1955,462,2309,4726,1.4695273631840795,0.2484452736318408,0.15781157416551453,933,3216,2419,721,1562,765,3048,0.9477611940298507,0.29011194029850745,0.38569656883009507,933,3216,2419,721,1562,765,3048,0.9477611940298507,0.29011194029850745,0.38569656883009507,134,134,0.04166666666666666,0.04166666666666666,0.22788499466458054,0.22788499466458054,improved,improved
SUPPORTIVE_POST_PRIMARY_READ_ONLY,aishell5,pooled,public,cap224_guard_minus_cap224,guard_after_cap,A5E2_016,cap224,cap224_guard,control_cap224_public_sortformer_v2_low_packet_gated,control_cap224_guarded_public_sortformer_v2_low_packet_gated,True,488,2629,4889,1827,314,2574,4715,1.793457588436668,0.18562190947128185,0.0998159132746983,551,2629,2651,1119,959,981,3059,1.1635602890833017,0.20958539368581208,0.20784609581290078,601,2629,2651,855,1173,1195,3223,1.2259414225941423,0.2286040319513123,0.22670690305545077,63,113,0.023963484214530234,0.042982122480030444,0.10803018253820248,0.12689098978075247,improved,improved
SUPPORTIVE_POST_PRIMARY_READ_ONLY,aishell5,pooled,public,cap224_guard_minus_cap224,guard_after_cap,A5E2_017,cap224,cap224_guard,control_cap224_public_sortformer_v2_low_packet_gated,control_cap224_guarded_public_sortformer_v2_low_packet_gated,False,716,3154,5154,1749,689,2689,5127,1.6255548509828788,0.2270133164235891,0.13892122623205277,813,3154,2452,751,1590,888,3229,1.0237793278376666,0.2577679137603044,0.3315660685154976,813,3154,2452,751,1590,888,3229,1.0237793278376666,0.2577679137603044,0.3315660685154976,97,97,0.03075459733671529,0.03075459733671529,0.1926448422834448,0.1926448422834448,improved,improved
SUPPORTIVE_POST_PRIMARY_READ_ONLY,aishell5,pooled,public,cap224_guard_minus_cap224,guard_after_cap,A5E2_018,cap224,cap224_guard,control_cap224_public_sortformer_v2_low_packet_gated,control_cap224_guarded_public_sortformer_v2_low_packet_gated,False,1538,4144,7300,1519,1087,4243,6849,1.6527509652509653,0.37113899613899615,0.2106849315068493,1574,4144,4393,1131,1439,1688,4258,1.0275096525096525,0.3798262548262548,0.3582972911450034,1574,4144,4393,1131,1439,1688,4258,1.0275096525096525,0.3798262548262548,0.3582972911450034,36,36,0.00868725868725867,0.00868725868725867,0.1476123596381541,0.1476123596381541,improved,improved
SUPPORTIVE_POST_PRIMARY_READ_ONLY,aishell5,pooled,public,cap224_fallback_minus_cap224,fallback_stage,A5E1_001,cap224,cap224_fallback,control_cap224_public_sortformer_v2_low_packet_gated,control_cap224_fallback_public_sortformer_v2_low_packet_gated,False,321,1415,2687,1033,61,1333,2427,1.7151943462897528,0.22685512367491167,0.11946408634164496,368,1415,1218,582,465,268,1315,0.9293286219081273,0.26007067137809187,0.3021346469622332,368,1415,1218,582,465,268,1315,0.9293286219081273,0.26007067137809187,0.3021346469622332,47,47,0.03321554770318019,0.03321554770318019,0.18267056062058823,0.18267056062058823,improved,improved
SUPPORTIVE_POST_PRIMARY_READ_ONLY,aishell5,pooled,public,cap224_fallback_minus_cap224,fallback_stage,A5E1_002,cap224,cap224_fallback,control_cap224_public_sortformer_v2_low_packet_gated,control_cap224_fallback_public_sortformer_v2_low_packet_gated,False,626,3204,7425,2421,157,4378,6956,2.17103620474407,0.19538077403245943,0.0843097643097643,907,3204,3564,1193,1104,1464,3761,1.173845193508115,0.28308364544319603,0.25448933782267114,907,3204,3564,1193,1104,1464,3761,1.173845193508115,0.28308364544319603,0.25448933782267114,281,281,0.0877028714107366,0.0877028714107366,0.17017957351290683,0.17017957351290683,improved,improved
SUPPORTIVE_POST_PRIMARY_READ_ONLY,aishell5,pooled,public,cap224_fallback_minus_cap224,fallback_stage,A5E1_003,cap224,cap224_fallback,control_cap224_public_sortformer_v2_low_packet_gated,control_cap224_fallback_public_sortformer_v2_low_packet_gated,True,554,2425,2746,1321,550,871,2742,1.130721649484536,0.22845360824742267,0.20174799708667152,733,2425,1856,573,1119,550,2242,0.9245360824742268,0.3022680412371134,0.3949353448275862,692,2425,1856,553,1180,611,2344,0.9665979381443299,0.28536082474226804,0.3728448275862069,179,138,0.07381443298969076,0.05690721649484537,0.19318734774091467,0.1710968304995354,improved,improved
SUPPORTIVE_POST_PRIMARY_READ_ONLY,aishell5,pooled,public,cap224_fallback_minus_cap224,fallback_stage,A5E1_004,cap224,cap224_fallback,control_cap224_public_sortformer_v2_low_packet_gated,control_cap224_fallback_public_sortformer_v2_low_packet_gated,False,821,2543,4773,1451,271,2501,4223,1.6606370428627606,0.3228470310656705,0.17200921852084644,1054,2543,2517,686,803,777,2266,0.8910735351946519,0.41447109712937474,0.4187524831148192,1054,2543,2517,686,803,777,2266,0.8910735351946519,0.41447109712937474,0.4187524831148192,233,233,0.09162406606370427,0.09162406606370427,0.24674326459397278,0.24674326459397278,improved,improved
SUPPORTIVE_POST_PRIMARY_READ_ONLY,aishell5,pooled,public,cap224_fallback_minus_cap224,fallback_stage,A5E1_005,cap224,cap224_fallback,control_cap224_public_sortformer_v2_low_packet_gated,control_cap224_fallback_public_sortformer_v2_low_packet_gated,False,823,2979,4613,1810,346,1980,4136,1.3883853642161799,0.2762672037596509,0.17840884456969433,1319,2979,2751,626,1034,806,2466,0.8277945619335347,0.4427660288687479,0.47946201381315884,1319,2979,2751,626,1034,806,2466,0.8277945619335347,0.4427660288687479,0.47946201381315884,496,496,0.16649882510909697,0.16649882510909697,0.3010531692434645,0.3010531692434645,improved,improved
SUPPORTIVE_POST_PRIMARY_READ_ONLY,aishell5,pooled,public,cap224_fallback_minus_cap224,fallback_stage,A5E1_006,cap224,cap224_fallback,control_cap224_public_sortformer_v2_low_packet_gated,control_cap224_fallback_public_sortformer_v2_low_packet_gated,False,297,2142,3665,1580,265,1788,3633,1.696078431372549,0.13865546218487396,0.0810368349249659,533,2142,1886,551,1058,802,2411,1.1255835667600373,0.2488328664799253,0.2826086956521739,533,2142,1886,551,1058,802,2411,1.1255835667600373,0.2488328664799253,0.2826086956521739,236,236,0.11017740429505135,0.11017740429505135,0.201571860727208,0.201571860727208,improved,improved
SUPPORTIVE_POST_PRIMARY_READ_ONLY,aishell5,pooled,public,cap224_fallback_minus_cap224,fallback_stage,A5E1_007,cap224,cap224_fallback,control_cap224_public_sortformer_v2_low_packet_gated,control_cap224_fallback_public_sortformer_v2_low_packet_gated,True,544,2939,5692,2292,103,2856,5251,1.7866621299761825,0.18509697175910172,0.09557273366127898,885,2939,2990,938,1116,1167,3221,1.0959510037427695,0.3011228308948622,0.2959866220735786,630,2939,2990,932,1377,1428,3737,1.2715209254848587,0.21435862538278325,0.21070234113712374,341,86,0.11602585913576047,0.02926165362368152,0.20041388841229962,0.11512960747584476,improved,improved
SUPPORTIVE_POST_PRIMARY_READ_ONLY,aishell5,pooled,public,cap224_fallback_minus_cap224,fallback_stage,A5E1_008,cap224,cap224_fallback,control_cap224_public_sortformer_v2_low_packet_gated,control_cap224_fallback_public_sortformer_v2_low_packet_gated,False,1772,4270,7995,1602,896,4621,7119,1.6672131147540983,0.41498829039812646,0.22163852407754847,1910,4270,6072,1245,1115,2917,5277,1.235831381733021,0.44730679156908665,0.31455862977602106,1910,4270,6072,1245,1115,2917,5277,1.235831381733021,0.44730679156908665,0.31455862977602106,138,138,0.03231850117096019,0.03231850117096019,0.09292010569847259,0.09292010569847259,improved,improved
SUPPORTIVE_POST_PRIMARY_READ_ONLY,aishell5,pooled,public,cap224_fallback_minus_cap224,fallback_stage,A5E1_009,cap224,cap224_fallback,control_cap224_public_sortformer_v2_low_packet_gated,control_cap224_fallback_public_sortformer_v2_low_packet_gated,False,180,2496,3720,2268,48,1272,3588,1.4375,0.07211538461538461,0.04838709677419355,490,2496,1961,720,1286,751,2757,1.1045673076923077,0.19631410256410256,0.24987251402345742,490,2496,1961,720,1286,751,2757,1.1045673076923077,0.19631410256410256,0.24987251402345742,310,310,0.12419871794871795,0.12419871794871795,0.2014854172492639,0.2014854172492639,improved,improved
SUPPORTIVE_POST_PRIMARY_READ_ONLY,aishell5,pooled,public,cap224_fallback_minus_cap224,fallback_stage,A5E1_010,cap224,cap224_fallback,control_cap224_public_sortformer_v2_low_packet_gated,control_cap224_fallback_public_sortformer_v2_low_packet_gated,True,276,1860,3520,1513,71,1731,3315,1.782258064516129,0.14838709677419354,0.07840909090909091,372,1860,1269,572,916,325,1813,0.9747311827956989,0.2,0.29314420803782504,342,1860,1269,510,1008,417,1935,1.0403225806451613,0.18387096774193548,0.2695035460992908,96,66,0.05161290322580647,0.03548387096774194,0.2147351171287341,0.19109445519019985,improved,improved
SUPPORTIVE_POST_PRIMARY_READ_ONLY,aishell5,pooled,public,cap224_fallback_minus_cap224,fallback_stage,A5E1_011,cap224,cap224_fallback,control_cap224_public_sortformer_v2_low_packet_gated,control_cap224_fallback_public_sortformer_v2_low_packet_gated,True,749,2265,4502,1250,266,2503,4019,1.77439293598234,0.33068432671081677,0.16637050199911152,678,2265,2407,1021,566,708,2295,1.0132450331125828,0.2993377483443709,0.281678437889489,740,2265,2407,848,677,819,2344,1.034878587196468,0.32671081677704195,0.30743664312422103,-71,-9,-0.03134657836644589,-0.003973509933774821,0.11530793589037747,0.1410661411251095,worsened,worsened
SUPPORTIVE_POST_PRIMARY_READ_ONLY,aishell5,pooled,public,cap224_fallback_minus_cap224,fallback_stage,A5E1_012,cap224,cap224_fallback,control_cap224_public_sortformer_v2_low_packet_gated,control_cap224_fallback_public_sortformer_v2_low_packet_gated,True,599,3189,6192,2446,144,3147,5737,1.7989965506428347,0.1878331765443713,0.09673772609819122,883,3189,3863,1317,989,1663,3969,1.244590780809031,0.2768893069927877,0.2285788247476055,643,3189,3863,1450,1096,1770,4316,1.3534023204766386,0.20163060520539355,0.1664509448615066,284,44,0.0890561304484164,0.013797428661022265,0.1318410986494143,0.06971321876331539,improved,improved
SUPPORTIVE_POST_PRIMARY_READ_ONLY,aishell5,pooled,public,cap224_fallback_minus_cap224,fallback_stage,A5E1_013,cap224,cap224_fallback,control_cap224_public_sortformer_v2_low_packet_gated,control_cap224_fallback_public_sortformer_v2_low_packet_gated,False,1367,3256,7616,1488,401,4761,6650,2.0423832923832923,0.41984029484029484,0.1794905462184874,1574,3256,4019,714,968,1731,3413,1.0482186732186731,0.4834152334152334,0.3916397113709878,1574,3256,4019,714,968,1731,3413,1.0482186732186731,0.4834152334152334,0.3916397113709878,207,207,0.06357493857493857,0.06357493857493857,0.2121491651525004,0.2121491651525004,improved,improved
SUPPORTIVE_POST_PRIMARY_READ_ONLY,aishell5,pooled,public,cap224_fallback_minus_cap224,fallback_stage,A5E1_014,cap224,cap224_fallback,control_cap224_public_sortformer_v2_low_packet_gated,control_cap224_fallback_public_sortformer_v2_low_packet_gated,False,837,2420,4383,1031,552,2515,4098,1.693388429752066,0.3458677685950413,0.19096509240246407,858,2420,2773,776,786,1139,2701,1.116115702479339,0.35454545454545455,0.3094121889650198,858,2420,2773,776,786,1139,2701,1.116115702479339,0.35454545454545455,0.3094121889650198,21,21,0.008677685950413239,0.008677685950413239,0.11844709656255575,0.11844709656255575,improved,improved
SUPPORTIVE_POST_PRIMARY_READ_ONLY,aishell5,pooled,public,cap224_fallback_minus_cap224,fallback_stage,A5E1_015,cap224,cap224_fallback,control_cap224_public_sortformer_v2_low_packet_gated,control_cap224_fallback_public_sortformer_v2_low_packet_gated,False,1976,4528,8116,1449,1103,4691,7243,1.5996024734982333,0.4363957597173145,0.24346968950221784,2192,4528,6082,880,1456,3010,5346,1.1806537102473498,0.4840989399293286,0.36040776060506413,2192,4528,6082,880,1456,3010,5346,1.1806537102473498,0.4840989399293286,0.36040776060506413,216,216,0.04770318021201414,0.04770318021201414,0.11693807110284629,0.11693807110284629,improved,improved
SUPPORTIVE_POST_PRIMARY_READ_ONLY,aishell5,pooled,public,cap224_fallback_minus_cap224,fallback_stage,A5E1_016,cap224,cap224_fallback,control_cap224_public_sortformer_v2_low_packet_gated,control_cap224_fallback_public_sortformer_v2_low_packet_gated,False,1020,2631,2513,940,671,553,2164,0.822500950209046,0.38768529076396807,0.4058893752487067,1056,2631,2147,696,879,395,1970,0.7487647282402129,0.4013683010262258,0.4918490917559385,1056,2631,2147,696,879,395,1970,0.7487647282402129,0.4013683010262258,0.4918490917559385,36,36,0.013683010262257711,0.013683010262257711,0.08595971650723178,0.08595971650723178,improved,improved
SUPPORTIVE_POST_PRIMARY_READ_ONLY,aishell5,pooled,public,cap224_fallback_minus_cap224,fallback_stage,A5E1_017,cap224,cap224_fallback,control_cap224_public_sortformer_v2_low_packet_gated,control_cap224_fallback_public_sortformer_v2_low_packet_gated,False,494,2196,4967,1653,49,2820,4522,2.0591985428051003,0.22495446265938068,0.09945641232132071,475,2196,2677,1145,576,1057,2778,1.2650273224043715,0.2163023679417122,0.17743742995890924,475,2196,2677,1145,576,1057,2778,1.2650273224043715,0.2163023679417122,0.17743742995890924,-19,-19,-0.00865209471766848,-0.00865209471766848,0.07798101763758852,0.07798101763758852,worsened,worsened
SUPPORTIVE_POST_PRIMARY_READ_ONLY,aishell5,pooled,public,cap224_fallback_minus_cap224,fallback_stage,A5E1_018,cap224,cap224_fallback,control_cap224_public_sortformer_v2_low_packet_gated,control_cap224_fallback_public_sortformer_v2_low_packet_gated,True,698,2338,3712,1151,489,1863,3503,1.498289136013687,0.2985457656116339,0.1880387931034483,575,2338,2442,950,813,917,2680,1.146278870829769,0.24593669803250642,0.23546273546273547,717,2338,2442,606,1015,1119,2740,1.1719418306244653,0.306672369546621,0.2936117936117936,-123,19,-0.05260906757912745,0.008126603934987153,0.04742394235928718,0.10557300050834534,worsened,improved
SUPPORTIVE_POST_PRIMARY_READ_ONLY,aishell5,pooled,public,cap224_fallback_minus_cap224,fallback_stage,A5E2_001,cap224,cap224_fallback,control_cap224_public_sortformer_v2_low_packet_gated,control_cap224_fallback_public_sortformer_v2_low_packet_gated,False,1394,3330,5152,984,952,2774,4710,1.4144144144144144,0.4186186186186186,0.2705745341614907,1426,3330,3944,938,966,1580,3484,1.0462462462462463,0.4282282282282282,0.36156186612576063,1426,3330,3944,938,966,1580,3484,1.0462462462462463,0.4282282282282282,0.36156186612576063,32,32,0.009609609609609604,0.009609609609609604,0.09098733196426995,0.09098733196426995,improved,improved
SUPPORTIVE_POST_PRIMARY_READ_ONLY,aishell5,pooled,public,cap224_fallback_minus_cap224,fallback_stage,A5E2_002,cap224,cap224_fallback,control_cap224_public_sortformer_v2_low_packet_gated,control_cap224_fallback_public_sortformer_v2_low_packet_gated,True,507,3629,6471,2903,219,3061,6183,1.7037751446679525,0.13970790851474235,0.07834955957348169,646,3629,3959,2056,927,1257,4240,1.1683659410305869,0.17801047120418848,0.16317251831270524,696,3629,3959,1320,1613,1943,4876,1.343620832185175,0.1917883714521907,0.17580197019449356,139,189,0.038302562689446124,0.052080462937448335,0.08482295873922355,0.09745241062101187,improved,improved
SUPPORTIVE_POST_PRIMARY_READ_ONLY,aishell5,pooled,public,cap224_fallback_minus_cap224,fallback_stage,A5E2_003,cap224,cap224_fallback,control_cap224_public_sortformer_v2_low_packet_gated,control_cap224_fallback_public_sortformer_v2_low_packet_gated,True,152,1784,3415,1621,11,1642,3274,1.8352017937219731,0.08520179372197309,0.0445095168374817,338,1784,2087,1023,423,726,2172,1.2174887892376682,0.18946188340807174,0.16195495927168185,170,1784,2087,1120,494,797,2411,1.3514573991031391,0.0952914798206278,0.08145663632007666,186,18,0.10426008968609865,0.01008968609865471,0.11744544243420016,0.03694711948259496,improved,improved
SUPPORTIVE_POST_PRIMARY_READ_ONLY,aishell5,pooled,public,cap224_fallback_minus_cap224,fallback_stage,A5E2_004,cap224,cap224_fallback,control_cap224_public_sortformer_v2_low_packet_gated,control_cap224_fallback_public_sortformer_v2_low_packet_gated,True,119,3263,4425,2977,167,1329,4473,1.3708243947287773,0.0364695065890285,0.02689265536723164,325,3263,1485,761,2177,399,3337,1.022678516702421,0.099601593625498,0.21885521885521886,201,3263,1485,514,2548,770,3832,1.1743794054551027,0.06159975482684646,0.13535353535353536,206,82,0.0631320870364695,0.02513024823781796,0.1919625634879872,0.10846087998630373,improved,improved
SUPPORTIVE_POST_PRIMARY_READ_ONLY,aishell5,pooled,public,cap224_fallback_minus_cap224,fallback_stage,A5E2_005,cap224,cap224_fallback,control_cap224_public_sortformer_v2_low_packet_gated,control_cap224_fallback_public_sortformer_v2_low_packet_gated,False,750,4472,6810,3455,267,2605,6327,1.414803220035778,0.1677101967799642,0.11013215859030837,1296,4472,3072,1287,1889,489,3665,0.8195438282647585,0.2898032200357782,0.421875,1296,4472,3072,1287,1889,489,3665,0.8195438282647585,0.2898032200357782,0.421875,546,546,0.12209302325581398,0.12209302325581398,0.31174284140969166,0.31174284140969166,improved,improved
SUPPORTIVE_POST_PRIMARY_READ_ONLY,aishell5,pooled,public,cap224_fallback_minus_cap224,fallback_stage,A5E2_006,cap224,cap224_fallback,control_cap224_public_sortformer_v2_low_packet_gated,control_cap224_fallback_public_sortformer_v2_low_packet_gated,False,718,3788,9395,2729,341,5948,9018,2.380675818373812,0.18954593453009505,0.07642362959020756,827,3788,4100,1563,1398,1710,4671,1.233104540654699,0.21832101372756071,0.20170731707317074,827,3788,4100,1563,1398,1710,4671,1.233104540654699,0.21832101372756071,0.20170731707317074,109,109,0.028775079197465664,0.028775079197465664,0.1252836874829632,0.1252836874829632,improved,improved
SUPPORTIVE_POST_PRIMARY_READ_ONLY,aishell5,pooled,public,cap224_fallback_minus_cap224,fallback_stage,A5E2_007,cap224,cap224_fallback,control_cap224_public_sortformer_v2_low_packet_gated,control_cap224_fallback_public_sortformer_v2_low_packet_gated,True,459,2666,4649,2088,119,2102,4309,1.6162790697674418,0.17216804201050262,0.098730909873091,576,2666,2495,1151,939,768,2858,1.0720180045011254,0.21605401350337583,0.2308617234468938,587,2666,2495,927,1152,981,3060,1.1477869467366841,0.22018004501125282,0.23527054108216433,117,128,0.04388597149287321,0.0480120030007502,0.1321308135738028,0.13653963120907334,improved,improved
SUPPORTIVE_POST_PRIMARY_READ_ONLY,aishell5,pooled,public,cap224_fallback_minus_cap224,fallback_stage,A5E2_008,cap224,cap224_fallback,control_cap224_public_sortformer_v2_low_packet_gated,control_cap224_fallback_public_sortformer_v2_low_packet_gated,False,1026,4247,7861,2496,725,4339,7560,1.780080056510478,0.24158229338356488,0.13051774583386339,1415,4247,4138,722,2110,2001,4833,1.1379797504120557,0.3331763597833765,0.3419526341227646,1415,4247,4138,722,2110,2001,4833,1.1379797504120557,0.3331763597833765,0.3419526341227646,389,389,0.09159406639981163,0.09159406639981163,0.21143488828890122,0.21143488828890122,improved,improved
SUPPORTIVE_POST_PRIMARY_READ_ONLY,aishell5,pooled,public,cap224_fallback_minus_cap224,fallback_stage,A5E2_009,cap224,cap224_fallback,control_cap224_public_sortformer_v2_low_packet_gated,control_cap224_fallback_public_sortformer_v2_low_packet_gated,False,544,3072,3594,1824,704,1226,3754,1.2220052083333333,0.17708333333333334,0.15136338341680577,642,3072,2100,976,1454,482,2912,0.9479166666666666,0.208984375,0.3057142857142857,642,3072,2100,976,1454,482,2912,0.9479166666666666,0.208984375,0.3057142857142857,98,98,0.03190104166666666,0.03190104166666666,0.15435090229747994,0.15435090229747994,improved,improved
SUPPORTIVE_POST_PRIMARY_READ_ONLY,aishell5,pooled,public,cap224_fallback_minus_cap224,fallback_stage,A5E2_010,cap224,cap224_fallback,control_cap224_public_sortformer_v2_low_packet_gated,control_cap224_fallback_public_sortformer_v2_low_packet_gated,False,1184,4241,7202,1618,1439,4400,7457,1.7583117189342137,0.279179438811601,0.16439877811718967,1405,4241,3909,812,2024,1692,4528,1.0676727186984203,0.33128979014383403,0.3594269634177539,1405,4241,3909,812,2024,1692,4528,1.0676727186984203,0.33128979014383403,0.3594269634177539,221,221,0.05211035133223302,0.05211035133223302,0.1950281853005642,0.1950281853005642,improved,improved
SUPPORTIVE_POST_PRIMARY_READ_ONLY,aishell5,pooled,public,cap224_fallback_minus_cap224,fallback_stage,A5E2_011,cap224,cap224_fallback,control_cap224_public_sortformer_v2_low_packet_gated,control_cap224_fallback_public_sortformer_v2_low_packet_gated,True,555,3330,4787,1953,822,2279,5054,1.5177177177177177,0.16666666666666666,0.11593900146229372,870,3330,2780,838,1622,1072,3532,1.0606606606606606,0.26126126126126126,0.3129496402877698,663,3330,2780,1246,1421,871,3538,1.0624624624624626,0.1990990990990991,0.23848920863309353,315,108,0.0945945945945946,0.032432432432432434,0.19701063882547606,0.12255020717079981,improved,improved
SUPPORTIVE_POST_PRIMARY_READ_ONLY,aishell5,pooled,public,cap224_fallback_minus_cap224,fallback_stage,A5E2_012,cap224,cap224_fallback,control_cap224_public_sortformer_v2_low_packet_gated,control_cap224_fallback_public_sortformer_v2_low_packet_gated,False,601,3770,4961,2684,485,1676,4845,1.2851458885941645,0.15941644562334217,0.12114493045756904,732,3770,2173,1130,1908,311,3349,0.8883289124668435,0.19416445623342174,0.3368614818223654,732,3770,2173,1130,1908,311,3349,0.8883289124668435,0.19416445623342174,0.3368614818223654,131,131,0.034748010610079566,0.034748010610079566,0.2157165513647964,0.2157165513647964,improved,improved
SUPPORTIVE_POST_PRIMARY_READ_ONLY,aishell5,pooled,public,cap224_fallback_minus_cap224,fallback_stage,A5E2_013,cap224,cap224_fallback,control_cap224_public_sortformer_v2_low_packet_gated,control_cap224_fallback_public_sortformer_v2_low_packet_gated,False,1215,3524,4540,1151,1158,2174,4483,1.272133938706016,0.3447786606129398,0.26762114537444937,1357,3524,2830,651,1516,822,2989,0.8481838819523269,0.38507377979568674,0.47950530035335687,1357,3524,2830,651,1516,822,2989,0.8481838819523269,0.38507377979568674,0.47950530035335687,142,142,0.04029511918274692,0.04029511918274692,0.2118841549789075,0.2118841549789075,improved,improved
SUPPORTIVE_POST_PRIMARY_READ_ONLY,aishell5,pooled,public,cap224_fallback_minus_cap224,fallback_stage,A5E2_014,cap224,cap224_fallback,control_cap224_public_sortformer_v2_low_packet_gated,control_cap224_fallback_public_sortformer_v2_low_packet_gated,False,1092,4028,4765,1667,1269,2006,4942,1.2269116186693148,0.2711022840119166,0.2291710388247639,1334,4028,3436,958,1736,1144,3838,0.9528301886792453,0.3311817279046673,0.3882421420256112,1334,4028,3436,958,1736,1144,3838,0.9528301886792453,0.3311817279046673,0.3882421420256112,242,242,0.06007944389275072,0.06007944389275072,0.1590711032008473,0.1590711032008473,improved,improved
SUPPORTIVE_POST_PRIMARY_READ_ONLY,aishell5,pooled,public,cap224_fallback_minus_cap224,fallback_stage,A5E2_015,cap224,cap224_fallback,control_cap224_public_sortformer_v2_low_packet_gated,control_cap224_fallback_public_sortformer_v2_low_packet_gated,False,799,3216,5063,1955,462,2309,4726,1.4695273631840795,0.2484452736318408,0.15781157416551453,953,3216,2613,891,1372,769,3032,0.9427860696517413,0.29633084577114427,0.3647148871029468,953,3216,2613,891,1372,769,3032,0.9427860696517413,0.29633084577114427,0.3647148871029468,154,154,0.04788557213930347,0.04788557213930347,0.20690331293743228,0.20690331293743228,improved,improved
SUPPORTIVE_POST_PRIMARY_READ_ONLY,aishell5,pooled,public,cap224_fallback_minus_cap224,fallback_stage,A5E2_016,cap224,cap224_fallback,control_cap224_public_sortformer_v2_low_packet_gated,control_cap224_fallback_public_sortformer_v2_low_packet_gated,True,488,2629,4889,1827,314,2574,4715,1.793457588436668,0.18562190947128185,0.0998159132746983,550,2629,2679,1121,958,1008,3087,1.1742107265119817,0.20920502092050208,0.20530048525569242,601,2629,2679,916,1112,1162,3190,1.213389121338912,0.2286040319513123,0.22433743934303846,62,113,0.023583111449220234,0.042982122480030444,0.10548457198099412,0.12452152606834016,improved,improved
SUPPORTIVE_POST_PRIMARY_READ_ONLY,aishell5,pooled,public,cap224_fallback_minus_cap224,fallback_stage,A5E2_017,cap224,cap224_fallback,control_cap224_public_sortformer_v2_low_packet_gated,control_cap224_fallback_public_sortformer_v2_low_packet_gated,False,716,3154,5154,1749,689,2689,5127,1.6255548509828788,0.2270133164235891,0.13892122623205277,861,3154,2728,840,1453,1027,3320,1.0526315789473684,0.2729866835764109,0.3156158357771261,861,3154,2728,840,1453,1027,3320,1.0526315789473684,0.2729866835764109,0.3156158357771261,145,145,0.045973367152821826,0.045973367152821826,0.17669460954507332,0.17669460954507332,improved,improved
SUPPORTIVE_POST_PRIMARY_READ_ONLY,aishell5,pooled,public,cap224_fallback_minus_cap224,fallback_stage,A5E2_018,cap224,cap224_fallback,control_cap224_public_sortformer_v2_low_packet_gated,control_cap224_fallback_public_sortformer_v2_low_packet_gated,False,1538,4144,7300,1519,1087,4243,6849,1.6527509652509653,0.37113899613899615,0.2106849315068493,1643,4144,4470,1150,1351,1677,4178,1.0082046332046333,0.396476833976834,0.3675615212527964,1643,4144,4470,1150,1351,1677,4178,1.0082046332046333,0.396476833976834,0.3675615212527964,105,105,0.02533783783783783,0.02533783783783783,0.1568765897459471,0.1568765897459471,improved,improved
SUPPORTIVE_POST_PRIMARY_READ_ONLY,aishell5,pooled,public,cap224_fallback_guard_minus_cap224_fallback,residual_guard_after_fallback,A5E1_001,cap224_fallback,cap224_fallback_guard,control_cap224_fallback_public_sortformer_v2_low_packet_gated,control_cap224_fallback_guarded_public_sortformer_v2_low_packet_gated,False,368,1415,1218,582,465,268,1315,0.9293286219081273,0.26007067137809187,0.3021346469622332,368,1415,1218,582,465,268,1315,0.9293286219081273,0.26007067137809187,0.3021346469622332,368,1415,1218,582,465,268,1315,0.9293286219081273,0.26007067137809187,0.3021346469622332,0,0,0.0,0.0,0.0,0.0,tie,tie
SUPPORTIVE_POST_PRIMARY_READ_ONLY,aishell5,pooled,public,cap224_fallback_guard_minus_cap224_fallback,residual_guard_after_fallback,A5E1_002,cap224_fallback,cap224_fallback_guard,control_cap224_fallback_public_sortformer_v2_low_packet_gated,control_cap224_fallback_guarded_public_sortformer_v2_low_packet_gated,False,907,3204,3564,1193,1104,1464,3761,1.173845193508115,0.28308364544319603,0.25448933782267114,907,3204,3564,1193,1104,1464,3761,1.173845193508115,0.28308364544319603,0.25448933782267114,907,3204,3564,1193,1104,1464,3761,1.173845193508115,0.28308364544319603,0.25448933782267114,0,0,0.0,0.0,0.0,0.0,tie,tie
SUPPORTIVE_POST_PRIMARY_READ_ONLY,aishell5,pooled,public,cap224_fallback_guard_minus_cap224_fallback,residual_guard_after_fallback,A5E1_003,cap224_fallback,cap224_fallback_guard,control_cap224_fallback_public_sortformer_v2_low_packet_gated,control_cap224_fallback_guarded_public_sortformer_v2_low_packet_gated,False,733,2425,1856,573,1119,550,2242,0.9245360824742268,0.3022680412371134,0.3949353448275862,733,2425,1856,573,1119,550,2242,0.9245360824742268,0.3022680412371134,0.3949353448275862,733,2425,1856,573,1119,550,2242,0.9245360824742268,0.3022680412371134,0.3949353448275862,0,0,0.0,0.0,0.0,0.0,tie,tie
SUPPORTIVE_POST_PRIMARY_READ_ONLY,aishell5,pooled,public,cap224_fallback_guard_minus_cap224_fallback,residual_guard_after_fallback,A5E1_004,cap224_fallback,cap224_fallback_guard,control_cap224_fallback_public_sortformer_v2_low_packet_gated,control_cap224_fallback_guarded_public_sortformer_v2_low_packet_gated,False,1054,2543,2517,686,803,777,2266,0.8910735351946519,0.41447109712937474,0.4187524831148192,1054,2543,2517,686,803,777,2266,0.8910735351946519,0.41447109712937474,0.4187524831148192,1054,2543,2517,686,803,777,2266,0.8910735351946519,0.41447109712937474,0.4187524831148192,0,0,0.0,0.0,0.0,0.0,tie,tie
SUPPORTIVE_POST_PRIMARY_READ_ONLY,aishell5,pooled,public,cap224_fallback_guard_minus_cap224_fallback,residual_guard_after_fallback,A5E1_005,cap224_fallback,cap224_fallback_guard,control_cap224_fallback_public_sortformer_v2_low_packet_gated,control_cap224_fallback_guarded_public_sortformer_v2_low_packet_gated,False,1319,2979,2751,626,1034,806,2466,0.8277945619335347,0.4427660288687479,0.47946201381315884,1319,2979,2751,626,1034,806,2466,0.8277945619335347,0.4427660288687479,0.47946201381315884,1319,2979,2751,626,1034,806,2466,0.8277945619335347,0.4427660288687479,0.47946201381315884,0,0,0.0,0.0,0.0,0.0,tie,tie
SUPPORTIVE_POST_PRIMARY_READ_ONLY,aishell5,pooled,public,cap224_fallback_guard_minus_cap224_fallback,residual_guard_after_fallback,A5E1_006,cap224_fallback,cap224_fallback_guard,control_cap224_fallback_public_sortformer_v2_low_packet_gated,control_cap224_fallback_guarded_public_sortformer_v2_low_packet_gated,False,533,2142,1886,551,1058,802,2411,1.1255835667600373,0.2488328664799253,0.2826086956521739,533,2142,1886,551,1058,802,2411,1.1255835667600373,0.2488328664799253,0.2826086956521739,533,2142,1886,551,1058,802,2411,1.1255835667600373,0.2488328664799253,0.2826086956521739,0,0,0.0,0.0,0.0,0.0,tie,tie
SUPPORTIVE_POST_PRIMARY_READ_ONLY,aishell5,pooled,public,cap224_fallback_guard_minus_cap224_fallback,residual_guard_after_fallback,A5E1_007,cap224_fallback,cap224_fallback_guard,control_cap224_fallback_public_sortformer_v2_low_packet_gated,control_cap224_fallback_guarded_public_sortformer_v2_low_packet_gated,False,885,2939,2990,938,1116,1167,3221,1.0959510037427695,0.3011228308948622,0.2959866220735786,885,2939,2990,938,1116,1167,3221,1.0959510037427695,0.3011228308948622,0.2959866220735786,885,2939,2990,938,1116,1167,3221,1.0959510037427695,0.3011228308948622,0.2959866220735786,0,0,0.0,0.0,0.0,0.0,tie,tie
SUPPORTIVE_POST_PRIMARY_READ_ONLY,aishell5,pooled,public,cap224_fallback_guard_minus_cap224_fallback,residual_guard_after_fallback,A5E1_008,cap224_fallback,cap224_fallback_guard,control_cap224_fallback_public_sortformer_v2_low_packet_gated,control_cap224_fallback_guarded_public_sortformer_v2_low_packet_gated,False,1910,4270,6072,1245,1115,2917,5277,1.235831381733021,0.44730679156908665,0.31455862977602106,1910,4270,5933,1245,1115,2778,5138,1.20327868852459,0.44730679156908665,0.32192819821338275,1910,4270,5933,1245,1115,2778,5138,1.20327868852459,0.44730679156908665,0.32192819821338275,0,0,0.0,0.0,0.007369568437361695,0.007369568437361695,tie,tie
SUPPORTIVE_POST_PRIMARY_READ_ONLY,aishell5,pooled,public,cap224_fallback_guard_minus_cap224_fallback,residual_guard_after_fallback,A5E1_009,cap224_fallback,cap224_fallback_guard,control_cap224_fallback_public_sortformer_v2_low_packet_gated,control_cap224_fallback_guarded_public_sortformer_v2_low_packet_gated,False,490,2496,1961,720,1286,751,2757,1.1045673076923077,0.19631410256410256,0.24987251402345742,490,2496,1961,720,1286,751,2757,1.1045673076923077,0.19631410256410256,0.24987251402345742,490,2496,1961,720,1286,751,2757,1.1045673076923077,0.19631410256410256,0.24987251402345742,0,0,0.0,0.0,0.0,0.0,tie,tie
SUPPORTIVE_POST_PRIMARY_READ_ONLY,aishell5,pooled,public,cap224_fallback_guard_minus_cap224_fallback,residual_guard_after_fallback,A5E1_010,cap224_fallback,cap224_fallback_guard,control_cap224_fallback_public_sortformer_v2_low_packet_gated,control_cap224_fallback_guarded_public_sortformer_v2_low_packet_gated,False,372,1860,1269,572,916,325,1813,0.9747311827956989,0.2,0.29314420803782504,372,1860,1269,572,916,325,1813,0.9747311827956989,0.2,0.29314420803782504,372,1860,1269,572,916,325,1813,0.9747311827956989,0.2,0.29314420803782504,0,0,0.0,0.0,0.0,0.0,tie,tie
SUPPORTIVE_POST_PRIMARY_READ_ONLY,aishell5,pooled,public,cap224_fallback_guard_minus_cap224_fallback,residual_guard_after_fallback,A5E1_011,cap224_fallback,cap224_fallback_guard,control_cap224_fallback_public_sortformer_v2_low_packet_gated,control_cap224_fallback_guarded_public_sortformer_v2_low_packet_gated,False,678,2265,2407,1021,566,708,2295,1.0132450331125828,0.2993377483443709,0.281678437889489,659,2265,2344,1036,570,649,2255,0.9955849889624724,0.29094922737306844,0.2811433447098976,659,2265,2344,1036,570,649,2255,0.9955849889624724,0.29094922737306844,0.2811433447098976,-19,-19,-0.008388520971302438,-0.008388520971302438,-0.0005350931795913838,-0.0005350931795913838,worsened,worsened
SUPPORTIVE_POST_PRIMARY_READ_ONLY,aishell5,pooled,public,cap224_fallback_guard_minus_cap224_fallback,residual_guard_after_fallback,A5E1_012,cap224_fallback,cap224_fallback_guard,control_cap224_fallback_public_sortformer_v2_low_packet_gated,control_cap224_fallback_guarded_public_sortformer_v2_low_packet_gated,True,883,3189,3863,1317,989,1663,3969,1.244590780809031,0.2768893069927877,0.2285788247476055,897,3189,3787,1264,1028,1626,3918,1.2285983066792099,0.2812793979303857,0.23686295220491155,901,3189,3787,1224,1064,1662,3950,1.2386328002508624,0.28253370962684227,0.23791919725376287,14,18,0.004390090937598012,0.005644402634054579,0.008284127457306056,0.00934037250615738,improved,improved
SUPPORTIVE_POST_PRIMARY_READ_ONLY,aishell5,pooled,public,cap224_fallback_guard_minus_cap224_fallback,residual_guard_after_fallback,A5E1_013,cap224_fallback,cap224_fallback_guard,control_cap224_fallback_public_sortformer_v2_low_packet_gated,control_cap224_fallback_guarded_public_sortformer_v2_low_packet_gated,False,1574,3256,4019,714,968,1731,3413,1.0482186732186731,0.4834152334152334,0.3916397113709878,1574,3256,4019,714,968,1731,3413,1.0482186732186731,0.4834152334152334,0.3916397113709878,1574,3256,4019,714,968,1731,3413,1.0482186732186731,0.4834152334152334,0.3916397113709878,0,0,0.0,0.0,0.0,0.0,tie,tie
SUPPORTIVE_POST_PRIMARY_READ_ONLY,aishell5,pooled,public,cap224_fallback_guard_minus_cap224_fallback,residual_guard_after_fallback,A5E1_014,cap224_fallback,cap224_fallback_guard,control_cap224_fallback_public_sortformer_v2_low_packet_gated,control_cap224_fallback_guarded_public_sortformer_v2_low_packet_gated,False,858,2420,2773,776,786,1139,2701,1.116115702479339,0.35454545454545455,0.3094121889650198,858,2420,2773,776,786,1139,2701,1.116115702479339,0.35454545454545455,0.3094121889650198,858,2420,2773,776,786,1139,2701,1.116115702479339,0.35454545454545455,0.3094121889650198,0,0,0.0,0.0,0.0,0.0,tie,tie
SUPPORTIVE_POST_PRIMARY_READ_ONLY,aishell5,pooled,public,cap224_fallback_guard_minus_cap224_fallback,residual_guard_after_fallback,A5E1_015,cap224_fallback,cap224_fallback_guard,control_cap224_fallback_public_sortformer_v2_low_packet_gated,control_cap224_fallback_guarded_public_sortformer_v2_low_packet_gated,False,2192,4528,6082,880,1456,3010,5346,1.1806537102473498,0.4840989399293286,0.36040776060506413,2192,4528,6082,880,1456,3010,5346,1.1806537102473498,0.4840989399293286,0.36040776060506413,2192,4528,6082,880,1456,3010,5346,1.1806537102473498,0.4840989399293286,0.36040776060506413,0,0,0.0,0.0,0.0,0.0,tie,tie
SUPPORTIVE_POST_PRIMARY_READ_ONLY,aishell5,pooled,public,cap224_fallback_guard_minus_cap224_fallback,residual_guard_after_fallback,A5E1_016,cap224_fallback,cap224_fallback_guard,control_cap224_fallback_public_sortformer_v2_low_packet_gated,control_cap224_fallback_guarded_public_sortformer_v2_low_packet_gated,False,1056,2631,2147,696,879,395,1970,0.7487647282402129,0.4013683010262258,0.4918490917559385,1056,2631,2147,696,879,395,1970,0.7487647282402129,0.4013683010262258,0.4918490917559385,1056,2631,2147,696,879,395,1970,0.7487647282402129,0.4013683010262258,0.4918490917559385,0,0,0.0,0.0,0.0,0.0,tie,tie
SUPPORTIVE_POST_PRIMARY_READ_ONLY,aishell5,pooled,public,cap224_fallback_guard_minus_cap224_fallback,residual_guard_after_fallback,A5E1_017,cap224_fallback,cap224_fallback_guard,control_cap224_fallback_public_sortformer_v2_low_packet_gated,control_cap224_fallback_guarded_public_sortformer_v2_low_packet_gated,False,475,2196,2677,1145,576,1057,2778,1.2650273224043715,0.2163023679417122,0.17743742995890924,475,2196,2677,1145,576,1057,2778,1.2650273224043715,0.2163023679417122,0.17743742995890924,475,2196,2677,1145,576,1057,2778,1.2650273224043715,0.2163023679417122,0.17743742995890924,0,0,0.0,0.0,0.0,0.0,tie,tie
SUPPORTIVE_POST_PRIMARY_READ_ONLY,aishell5,pooled,public,cap224_fallback_guard_minus_cap224_fallback,residual_guard_after_fallback,A5E1_018,cap224_fallback,cap224_fallback_guard,control_cap224_fallback_public_sortformer_v2_low_packet_gated,control_cap224_fallback_guarded_public_sortformer_v2_low_packet_gated,False,575,2338,2442,950,813,917,2680,1.146278870829769,0.24593669803250642,0.23546273546273547,575,2338,2442,950,813,917,2680,1.146278870829769,0.24593669803250642,0.23546273546273547,575,2338,2442,950,813,917,2680,1.146278870829769,0.24593669803250642,0.23546273546273547,0,0,0.0,0.0,0.0,0.0,tie,tie
SUPPORTIVE_POST_PRIMARY_READ_ONLY,aishell5,pooled,public,cap224_fallback_guard_minus_cap224_fallback,residual_guard_after_fallback,A5E2_001,cap224_fallback,cap224_fallback_guard,control_cap224_fallback_public_sortformer_v2_low_packet_gated,control_cap224_fallback_guarded_public_sortformer_v2_low_packet_gated,False,1426,3330,3944,938,966,1580,3484,1.0462462462462463,0.4282282282282282,0.36156186612576063,1426,3330,3904,938,966,1540,3444,1.0342342342342343,0.4282282282282282,0.36526639344262296,1426,3330,3904,938,966,1540,3444,1.0342342342342343,0.4282282282282282,0.36526639344262296,0,0,0.0,0.0,0.003704527316862327,0.003704527316862327,tie,tie
SUPPORTIVE_POST_PRIMARY_READ_ONLY,aishell5,pooled,public,cap224_fallback_guard_minus_cap224_fallback,residual_guard_after_fallback,A5E2_002,cap224_fallback,cap224_fallback_guard,control_cap224_fallback_public_sortformer_v2_low_packet_gated,control_cap224_fallback_guarded_public_sortformer_v2_low_packet_gated,False,646,3629,3959,2056,927,1257,4240,1.1683659410305869,0.17801047120418848,0.16317251831270524,669,3629,3139,1508,1452,962,3922,1.0807384954532928,0.18434830531826948,0.21312519910799618,669,3629,3139,1508,1452,962,3922,1.0807384954532928,0.18434830531826948,0.21312519910799618,23,23,0.006337834114081009,0.006337834114081009,0.049952680795290944,0.049952680795290944,improved,improved
SUPPORTIVE_POST_PRIMARY_READ_ONLY,aishell5,pooled,public,cap224_fallback_guard_minus_cap224_fallback,residual_guard_after_fallback,A5E2_003,cap224_fallback,cap224_fallback_guard,control_cap224_fallback_public_sortformer_v2_low_packet_gated,control_cap224_fallback_guarded_public_sortformer_v2_low_packet_gated,False,338,1784,2087,1023,423,726,2172,1.2174887892376682,0.18946188340807174,0.16195495927168185,338,1784,2087,1023,423,726,2172,1.2174887892376682,0.18946188340807174,0.16195495927168185,338,1784,2087,1023,423,726,2172,1.2174887892376682,0.18946188340807174,0.16195495927168185,0,0,0.0,0.0,0.0,0.0,tie,tie
SUPPORTIVE_POST_PRIMARY_READ_ONLY,aishell5,pooled,public,cap224_fallback_guard_minus_cap224_fallback,residual_guard_after_fallback,A5E2_004,cap224_fallback,cap224_fallback_guard,control_cap224_fallback_public_sortformer_v2_low_packet_gated,control_cap224_fallback_guarded_public_sortformer_v2_low_packet_gated,False,325,3263,1485,761,2177,399,3337,1.022678516702421,0.099601593625498,0.21885521885521886,325,3263,1485,761,2177,399,3337,1.022678516702421,0.099601593625498,0.21885521885521886,325,3263,1485,761,2177,399,3337,1.022678516702421,0.099601593625498,0.21885521885521886,0,0,0.0,0.0,0.0,0.0,tie,tie
SUPPORTIVE_POST_PRIMARY_READ_ONLY,aishell5,pooled,public,cap224_fallback_guard_minus_cap224_fallback,residual_guard_after_fallback,A5E2_005,cap224_fallback,cap224_fallback_guard,control_cap224_fallback_public_sortformer_v2_low_packet_gated,control_cap224_fallback_guarded_public_sortformer_v2_low_packet_gated,False,1296,4472,3072,1287,1889,489,3665,0.8195438282647585,0.2898032200357782,0.421875,1296,4472,3072,1287,1889,489,3665,0.8195438282647585,0.2898032200357782,0.421875,1296,4472,3072,1287,1889,489,3665,0.8195438282647585,0.2898032200357782,0.421875,0,0,0.0,0.0,0.0,0.0,tie,tie
SUPPORTIVE_POST_PRIMARY_READ_ONLY,aishell5,pooled,public,cap224_fallback_guard_minus_cap224_fallback,residual_guard_after_fallback,A5E2_006,cap224_fallback,cap224_fallback_guard,control_cap224_fallback_public_sortformer_v2_low_packet_gated,control_cap224_fallback_guarded_public_sortformer_v2_low_packet_gated,True,827,3788,4100,1563,1398,1710,4671,1.233104540654699,0.21832101372756071,0.20170731707317074,781,3788,4040,1612,1395,1647,4654,1.2286166842661035,0.20617740232312565,0.19331683168316832,831,3788,4040,1500,1457,1709,4666,1.2317845828933474,0.219376979936642,0.20569306930693068,-46,4,-0.012143611404435067,0.0010559662090812993,-0.008390485390002422,0.003985752233759937,worsened,improved
SUPPORTIVE_POST_PRIMARY_READ_ONLY,aishell5,pooled,public,cap224_fallback_guard_minus_cap224_fallback,residual_guard_after_fallback,A5E2_007,cap224_fallback,cap224_fallback_guard,control_cap224_fallback_public_sortformer_v2_low_packet_gated,control_cap224_fallback_guarded_public_sortformer_v2_low_packet_gated,False,576,2666,2495,1151,939,768,2858,1.0720180045011254,0.21605401350337583,0.2308617234468938,576,2666,2495,1151,939,768,2858,1.0720180045011254,0.21605401350337583,0.2308617234468938,576,2666,2495,1151,939,768,2858,1.0720180045011254,0.21605401350337583,0.2308617234468938,0,0,0.0,0.0,0.0,0.0,tie,tie
SUPPORTIVE_POST_PRIMARY_READ_ONLY,aishell5,pooled,public,cap224_fallback_guard_minus_cap224_fallback,residual_guard_after_fallback,A5E2_008,cap224_fallback,cap224_fallback_guard,control_cap224_fallback_public_sortformer_v2_low_packet_gated,control_cap224_fallback_guarded_public_sortformer_v2_low_packet_gated,False,1415,4247,4138,722,2110,2001,4833,1.1379797504120557,0.3331763597833765,0.3419526341227646,1415,4247,4116,700,2132,2001,4833,1.1379797504120557,0.3331763597833765,0.3437803692905734,1415,4247,4116,700,2132,2001,4833,1.1379797504120557,0.3331763597833765,0.3437803692905734,0,0,0.0,0.0,0.0018277351678087639,0.0018277351678087639,tie,tie
SUPPORTIVE_POST_PRIMARY_READ_ONLY,aishell5,pooled,public,cap224_fallback_guard_minus_cap224_fallback,residual_guard_after_fallback,A5E2_009,cap224_fallback,cap224_fallback_guard,control_cap224_fallback_public_sortformer_v2_low_packet_gated,control_cap224_fallback_guarded_public_sortformer_v2_low_packet_gated,False,642,3072,2100,976,1454,482,2912,0.9479166666666666,0.208984375,0.3057142857142857,642,3072,2100,976,1454,482,2912,0.9479166666666666,0.208984375,0.3057142857142857,642,3072,2100,976,1454,482,2912,0.9479166666666666,0.208984375,0.3057142857142857,0,0,0.0,0.0,0.0,0.0,tie,tie
SUPPORTIVE_POST_PRIMARY_READ_ONLY,aishell5,pooled,public,cap224_fallback_guard_minus_cap224_fallback,residual_guard_after_fallback,A5E2_010,cap224_fallback,cap224_fallback_guard,control_cap224_fallback_public_sortformer_v2_low_packet_gated,control_cap224_fallback_guarded_public_sortformer_v2_low_packet_gated,False,1405,4241,3909,812,2024,1692,4528,1.0676727186984203,0.33128979014383403,0.3594269634177539,1405,4241,3909,812,2024,1692,4528,1.0676727186984203,0.33128979014383403,0.3594269634177539,1405,4241,3909,812,2024,1692,4528,1.0676727186984203,0.33128979014383403,0.3594269634177539,0,0,0.0,0.0,0.0,0.0,tie,tie
SUPPORTIVE_POST_PRIMARY_READ_ONLY,aishell5,pooled,public,cap224_fallback_guard_minus_cap224_fallback,residual_guard_after_fallback,A5E2_011,cap224_fallback,cap224_fallback_guard,control_cap224_fallback_public_sortformer_v2_low_packet_gated,control_cap224_fallback_guarded_public_sortformer_v2_low_packet_gated,False,870,3330,2780,838,1622,1072,3532,1.0606606606606606,0.26126126126126126,0.3129496402877698,870,3330,2739,797,1663,1072,3532,1.0606606606606606,0.26126126126126126,0.3176341730558598,870,3330,2739,797,1663,1072,3532,1.0606606606606606,0.26126126126126126,0.3176341730558598,0,0,0.0,0.0,0.0046845327680899995,0.0046845327680899995,tie,tie
SUPPORTIVE_POST_PRIMARY_READ_ONLY,aishell5,pooled,public,cap224_fallback_guard_minus_cap224_fallback,residual_guard_after_fallback,A5E2_012,cap224_fallback,cap224_fallback_guard,control_cap224_fallback_public_sortformer_v2_low_packet_gated,control_cap224_fallback_guarded_public_sortformer_v2_low_packet_gated,False,732,3770,2173,1130,1908,311,3349,0.8883289124668435,0.19416445623342174,0.3368614818223654,734,3770,2100,1055,1981,311,3347,0.8877984084880637,0.1946949602122016,0.3495238095238095,734,3770,2100,1055,1981,311,3347,0.8877984084880637,0.1946949602122016,0.3495238095238095,2,2,0.0005305039787798504,0.0005305039787798504,0.012662327701444098,0.012662327701444098,improved,improved
SUPPORTIVE_POST_PRIMARY_READ_ONLY,aishell5,pooled,public,cap224_fallback_guard_minus_cap224_fallback,residual_guard_after_fallback,A5E2_013,cap224_fallback,cap224_fallback_guard,control_cap224_fallback_public_sortformer_v2_low_packet_gated,control_cap224_fallback_guarded_public_sortformer_v2_low_packet_gated,False,1357,3524,2830,651,1516,822,2989,0.8481838819523269,0.38507377979568674,0.47950530035335687,1357,3524,2830,651,1516,822,2989,0.8481838819523269,0.38507377979568674,0.47950530035335687,1357,3524,2830,651,1516,822,2989,0.8481838819523269,0.38507377979568674,0.47950530035335687,0,0,0.0,0.0,0.0,0.0,tie,tie
SUPPORTIVE_POST_PRIMARY_READ_ONLY,aishell5,pooled,public,cap224_fallback_guard_minus_cap224_fallback,residual_guard_after_fallback,A5E2_014,cap224_fallback,cap224_fallback_guard,control_cap224_fallback_public_sortformer_v2_low_packet_gated,control_cap224_fallback_guarded_public_sortformer_v2_low_packet_gated,False,1334,4028,3436,958,1736,1144,3838,0.9528301886792453,0.3311817279046673,0.3882421420256112,1334,4028,3424,952,1742,1138,3832,0.9513406156901688,0.3311817279046673,0.38960280373831774,1334,4028,3424,952,1742,1138,3832,0.9513406156901688,0.3311817279046673,0.38960280373831774,0,0,0.0,0.0,0.0013606617127065457,0.0013606617127065457,tie,tie
SUPPORTIVE_POST_PRIMARY_READ_ONLY,aishell5,pooled,public,cap224_fallback_guard_minus_cap224_fallback,residual_guard_after_fallback,A5E2_015,cap224_fallback,cap224_fallback_guard,control_cap224_fallback_public_sortformer_v2_low_packet_gated,control_cap224_fallback_guarded_public_sortformer_v2_low_packet_gated,False,953,3216,2613,891,1372,769,3032,0.9427860696517413,0.29633084577114427,0.3647148871029468,953,3216,2575,891,1372,731,2994,0.9309701492537313,0.29633084577114427,0.3700970873786408,953,3216,2575,891,1372,731,2994,0.9309701492537313,0.29633084577114427,0.3700970873786408,0,0,0.0,0.0,0.005382200275693971,0.005382200275693971,tie,tie
SUPPORTIVE_POST_PRIMARY_READ_ONLY,aishell5,pooled,public,cap224_fallback_guard_minus_cap224_fallback,residual_guard_after_fallback,A5E2_016,cap224_fallback,cap224_fallback_guard,control_cap224_fallback_public_sortformer_v2_low_packet_gated,control_cap224_fallback_guarded_public_sortformer_v2_low_packet_gated,False,550,2629,2679,1121,958,1008,3087,1.1742107265119817,0.20920502092050208,0.20530048525569242,550,2629,2679,1121,958,1008,3087,1.1742107265119817,0.20920502092050208,0.20530048525569242,550,2629,2679,1121,958,1008,3087,1.1742107265119817,0.20920502092050208,0.20530048525569242,0,0,0.0,0.0,0.0,0.0,tie,tie
SUPPORTIVE_POST_PRIMARY_READ_ONLY,aishell5,pooled,public,cap224_fallback_guard_minus_cap224_fallback,residual_guard_after_fallback,A5E2_017,cap224_fallback,cap224_fallback_guard,control_cap224_fallback_public_sortformer_v2_low_packet_gated,control_cap224_fallback_guarded_public_sortformer_v2_low_packet_gated,False,861,3154,2728,840,1453,1027,3320,1.0526315789473684,0.2729866835764109,0.3156158357771261,861,3154,2728,840,1453,1027,3320,1.0526315789473684,0.2729866835764109,0.3156158357771261,861,3154,2728,840,1453,1027,3320,1.0526315789473684,0.2729866835764109,0.3156158357771261,0,0,0.0,0.0,0.0,0.0,tie,tie
SUPPORTIVE_POST_PRIMARY_READ_ONLY,aishell5,pooled,public,cap224_fallback_guard_minus_cap224_fallback,residual_guard_after_fallback,A5E2_018,cap224_fallback,cap224_fallback_guard,control_cap224_fallback_public_sortformer_v2_low_packet_gated,control_cap224_fallback_guarded_public_sortformer_v2_low_packet_gated,False,1643,4144,4470,1150,1351,1677,4178,1.0082046332046333,0.396476833976834,0.3675615212527964,1643,4144,4440,1150,1351,1647,4148,1.000965250965251,0.396476833976834,0.37004504504504504,1643,4144,4440,1150,1351,1647,4148,1.000965250965251,0.396476833976834,0.37004504504504504,0,0,0.0,0.0,0.002483523792248643,0.002483523792248643,tie,tie
SUPPORTIVE_POST_PRIMARY_READ_ONLY,aishell5,pooled,public,cap224_fallback_guard_minus_raw448,full_control_stack,A5E1_001,raw448,cap224_fallback_guard,raw_public_sortformer_v2_low_packet_gated,control_cap224_fallback_guarded_public_sortformer_v2_low_packet_gated,False,322,1415,4429,1032,61,3075,4168,2.945583038869258,0.2275618374558304,0.07270264167983743,368,1415,1218,582,465,268,1315,0.9293286219081273,0.26007067137809187,0.3021346469622332,368,1415,1218,582,465,268,1315,0.9293286219081273,0.26007067137809187,0.3021346469622332,46,46,0.032508833922261476,0.032508833922261476,0.22943200528239577,0.22943200528239577,improved,improved
SUPPORTIVE_POST_PRIMARY_READ_ONLY,aishell5,pooled,public,cap224_fallback_guard_minus_raw448,full_control_stack,A5E1_002,raw448,cap224_fallback_guard,raw_public_sortformer_v2_low_packet_gated,control_cap224_fallback_guarded_public_sortformer_v2_low_packet_gated,False,808,3204,11969,2199,197,8962,11358,3.544943820224719,0.25218476903870163,0.06750772829810343,907,3204,3564,1193,1104,1464,3761,1.173845193508115,0.28308364544319603,0.25448933782267114,907,3204,3564,1193,1104,1464,3761,1.173845193508115,0.28308364544319603,0.25448933782267114,99,99,0.030898876404494402,0.030898876404494402,0.18698160952456772,0.18698160952456772,improved,improved
SUPPORTIVE_POST_PRIMARY_READ_ONLY,aishell5,pooled,public,cap224_fallback_guard_minus_raw448,full_control_stack,A5E1_003,raw448,cap224_fallback_guard,raw_public_sortformer_v2_low_packet_gated,control_cap224_fallback_guarded_public_sortformer_v2_low_packet_gated,True,341,2425,3864,2004,80,1519,3603,1.4857731958762888,0.14061855670103093,0.08825051759834368,733,2425,1856,573,1119,550,2242,0.9245360824742268,0.3022680412371134,0.3949353448275862,692,2425,1856,553,1180,611,2344,0.9665979381443299,0.28536082474226804,0.3728448275862069,392,351,0.1616494845360825,0.1447422680412371,0.3066848272292425,0.2845943099878632,improved,improved
SUPPORTIVE_POST_PRIMARY_READ_ONLY,aishell5,pooled,public,cap224_fallback_guard_minus_raw448,full_control_stack,A5E1_004,raw448,cap224_fallback_guard,raw_public_sortformer_v2_low_packet_gated,control_cap224_fallback_guarded_public_sortformer_v2_low_packet_gated,False,822,2543,7496,1514,207,5160,6881,2.7058592213920565,0.3232402674007078,0.10965848452508005,1054,2543,2517,686,803,777,2266,0.8910735351946519,0.41447109712937474,0.4187524831148192,1054,2543,2517,686,803,777,2266,0.8910735351946519,0.41447109712937474,0.4187524831148192,232,232,0.09123082972866692,0.09123082972866692,0.3090939985897392,0.3090939985897392,improved,improved
SUPPORTIVE_POST_PRIMARY_READ_ONLY,aishell5,pooled,public,cap224_fallback_guard_minus_raw448,full_control_stack,A5E1_005,raw448,cap224_fallback_guard,raw_public_sortformer_v2_low_packet_gated,control_cap224_fallback_guarded_public_sortformer_v2_low_packet_gated,False,794,2979,6922,1967,218,4161,6346,2.130245048674052,0.26653239342061097,0.11470673215833574,1319,2979,2751,626,1034,806,2466,0.8277945619335347,0.4427660288687479,0.47946201381315884,1319,2979,2751,626,1034,806,2466,0.8277945619335347,0.4427660288687479,0.47946201381315884,525,525,0.17623363544813692,0.17623363544813692,0.36475528165482307,0.36475528165482307,improved,improved
SUPPORTIVE_POST_PRIMARY_READ_ONLY,aishell5,pooled,public,cap224_fallback_guard_minus_raw448,full_control_stack,A5E1_006,raw448,cap224_fallback_guard,raw_public_sortformer_v2_low_packet_gated,control_cap224_fallback_guarded_public_sortformer_v2_low_packet_gated,False,304,2142,5698,1793,45,3601,5439,2.5392156862745097,0.1419234360410831,0.053352053352053355,533,2142,1886,551,1058,802,2411,1.1255835667600373,0.2488328664799253,0.2826086956521739,533,2142,1886,551,1058,802,2411,1.1255835667600373,0.2488328664799253,0.2826086956521739,229,229,0.10690943043884221,0.10690943043884221,0.22925664230012055,0.22925664230012055,improved,improved
SUPPORTIVE_POST_PRIMARY_READ_ONLY,aishell5,pooled,public,cap224_fallback_guard_minus_raw448,full_control_stack,A5E1_007,raw448,cap224_fallback_guard,raw_public_sortformer_v2_low_packet_gated,control_cap224_fallback_guarded_public_sortformer_v2_low_packet_gated,False,632,2939,9201,2152,155,6417,8724,2.9683565838720654,0.215039128955427,0.06868818606673188,885,2939,2990,938,1116,1167,3221,1.0959510037427695,0.3011228308948622,0.2959866220735786,885,2939,2990,938,1116,1167,3221,1.0959510037427695,0.3011228308948622,0.2959866220735786,253,253,0.08608370193943518,0.08608370193943518,0.22729843600684674,0.22729843600684674,improved,improved
SUPPORTIVE_POST_PRIMARY_READ_ONLY,aishell5,pooled,public,cap224_fallback_guard_minus_raw448,full_control_stack,A5E1_008,raw448,cap224_fallback_guard,raw_public_sortformer_v2_low_packet_gated,control_cap224_fallback_guarded_public_sortformer_v2_low_packet_gated,False,1799,4270,10909,1591,880,7519,9990,2.339578454332553,0.42131147540983604,0.16490970758089651,1910,4270,5933,1245,1115,2778,5138,1.20327868852459,0.44730679156908665,0.32192819821338275,1910,4270,5933,1245,1115,2778,5138,1.20327868852459,0.44730679156908665,0.32192819821338275,111,111,0.025995316159250603,0.025995316159250603,0.15701849063248624,0.15701849063248624,improved,improved
SUPPORTIVE_POST_PRIMARY_READ_ONLY,aishell5,pooled,public,cap224_fallback_guard_minus_raw448,full_control_stack,A5E1_009,raw448,cap224_fallback_guard,raw_public_sortformer_v2_low_packet_gated,control_cap224_fallback_guarded_public_sortformer_v2_low_packet_gated,False,313,2496,5723,2139,44,3271,5454,2.1850961538461537,0.12540064102564102,0.05469159531714136,490,2496,1961,720,1286,751,2757,1.1045673076923077,0.19631410256410256,0.24987251402345742,490,2496,1961,720,1286,751,2757,1.1045673076923077,0.19631410256410256,0.24987251402345742,177,177,0.07091346153846154,0.07091346153846154,0.19518091870631607,0.19518091870631607,improved,improved
SUPPORTIVE_POST_PRIMARY_READ_ONLY,aishell5,pooled,public,cap224_fallback_guard_minus_raw448,full_control_stack,A5E1_010,raw448,cap224_fallback_guard,raw_public_sortformer_v2_low_packet_gated,control_cap224_fallback_guarded_public_sortformer_v2_low_packet_gated,True,312,1860,6011,1490,58,4209,5757,3.0951612903225807,0.16774193548387098,0.05190484112460489,372,1860,1269,572,916,325,1813,0.9747311827956989,0.2,0.29314420803782504,342,1860,1269,510,1008,417,1935,1.0403225806451613,0.18387096774193548,0.2695035460992908,60,30,0.03225806451612903,0.016129032258064502,0.24123936691322015,0.2175987049746859,improved,improved
SUPPORTIVE_POST_PRIMARY_READ_ONLY,aishell5,pooled,public,cap224_fallback_guard_minus_raw448,full_control_stack,A5E1_011,raw448,cap224_fallback_guard,raw_public_sortformer_v2_low_packet_gated,control_cap224_fallback_guarded_public_sortformer_v2_low_packet_gated,False,741,2265,7032,1269,255,5022,6546,2.890066225165563,0.3271523178807947,0.10537542662116041,659,2265,2344,1036,570,649,2255,0.9955849889624724,0.29094922737306844,0.2811433447098976,659,2265,2344,1036,570,649,2255,0.9955849889624724,0.29094922737306844,0.2811433447098976,-82,-82,-0.03620309050772624,-0.03620309050772624,0.1757679180887372,0.1757679180887372,worsened,worsened
SUPPORTIVE_POST_PRIMARY_READ_ONLY,aishell5,pooled,public,cap224_fallback_guard_minus_raw448,full_control_stack,A5E1_012,raw448,cap224_fallback_guard,raw_public_sortformer_v2_low_packet_gated,control_cap224_fallback_guarded_public_sortformer_v2_low_packet_gated,True,635,3189,9107,2450,104,6022,8576,2.689244277202885,0.1991219818124804,0.06972658394641484,897,3189,3787,1264,1028,1626,3918,1.2285983066792099,0.2812793979303857,0.23686295220491155,661,3189,3787,1357,1171,1769,4297,1.3474443399184697,0.2072750078394481,0.17454449432268287,262,26,0.08215741611790531,0.008153026026967714,0.1671363682584967,0.10481791037626803,improved,improved
SUPPORTIVE_POST_PRIMARY_READ_ONLY,aishell5,pooled,public,cap224_fallback_guard_minus_raw448,full_control_stack,A5E1_013,raw448,cap224_fallback_guard,raw_public_sortformer_v2_low_packet_gated,control_cap224_fallback_guarded_public_sortformer_v2_low_packet_gated,False,1384,3256,11954,1490,382,9080,10952,3.3636363636363638,0.4250614250614251,0.11577714572528024,1574,3256,4019,714,968,1731,3413,1.0482186732186731,0.4834152334152334,0.3916397113709878,1574,3256,4019,714,968,1731,3413,1.0482186732186731,0.4834152334152334,0.3916397113709878,190,190,0.05835380835380832,0.05835380835380832,0.27586256564570755,0.27586256564570755,improved,improved
SUPPORTIVE_POST_PRIMARY_READ_ONLY,aishell5,pooled,public,cap224_fallback_guard_minus_raw448,full_control_stack,A5E1_014,raw448,cap224_fallback_guard,raw_public_sortformer_v2_low_packet_gated,control_cap224_fallback_guarded_public_sortformer_v2_low_packet_gated,False,566,2420,6192,1673,181,3953,5807,2.399586776859504,0.23388429752066114,0.09140826873385013,858,2420,2773,776,786,1139,2701,1.116115702479339,0.35454545454545455,0.3094121889650198,858,2420,2773,776,786,1139,2701,1.116115702479339,0.35454545454545455,0.3094121889650198,292,292,0.12066115702479341,0.12066115702479341,0.21800392023116968,0.21800392023116968,improved,improved
SUPPORTIVE_POST_PRIMARY_READ_ONLY,aishell5,pooled,public,cap224_fallback_guard_minus_raw448,full_control_stack,A5E1_015,raw448,cap224_fallback_guard,raw_public_sortformer_v2_low_packet_gated,control_cap224_fallback_guarded_public_sortformer_v2_low_packet_gated,False,1867,4528,10745,1773,888,7105,9766,2.1568021201413425,0.4123233215547703,0.17375523499302,2192,4528,6082,880,1456,3010,5346,1.1806537102473498,0.4840989399293286,0.36040776060506413,2192,4528,6082,880,1456,3010,5346,1.1806537102473498,0.4840989399293286,0.36040776060506413,325,325,0.07177561837455831,0.07177561837455831,0.18665252561204412,0.18665252561204412,improved,improved
SUPPORTIVE_POST_PRIMARY_READ_ONLY,aishell5,pooled,public,cap224_fallback_guard_minus_raw448,full_control_stack,A5E1_016,raw448,cap224_fallback_guard,raw_public_sortformer_v2_low_packet_gated,control_cap224_fallback_guarded_public_sortformer_v2_low_packet_gated,False,992,2631,2953,1183,456,778,2417,0.9186621056632459,0.37704294944887873,0.33592956315611244,1056,2631,2147,696,879,395,1970,0.7487647282402129,0.4013683010262258,0.4918490917559385,1056,2631,2147,696,879,395,1970,0.7487647282402129,0.4013683010262258,0.4918490917559385,64,64,0.024325351577347054,0.024325351577347054,0.15591952859982605,0.15591952859982605,improved,improved
SUPPORTIVE_POST_PRIMARY_READ_ONLY,aishell5,pooled,public,cap224_fallback_guard_minus_raw448,full_control_stack,A5E1_017,raw448,cap224_fallback_guard,raw_public_sortformer_v2_low_packet_gated,control_cap224_fallback_guarded_public_sortformer_v2_low_packet_gated,True,541,2196,7836,1593,62,5702,7357,3.3501821493624773,0.24635701275045538,0.06904032669729454,475,2196,2677,1145,576,1057,2778,1.2650273224043715,0.2163023679417122,0.17743742995890924,445,2196,2677,1010,741,1222,2973,1.3538251366120218,0.20264116575591987,0.16623085543518865,-66,-96,-0.030054644808743175,-0.04371584699453551,0.1083971032616147,0.0971905287378941,worsened,worsened
SUPPORTIVE_POST_PRIMARY_READ_ONLY,aishell5,pooled,public,cap224_fallback_guard_minus_raw448,full_control_stack,A5E1_018,raw448,cap224_fallback_guard,raw_public_sortformer_v2_low_packet_gated,control_cap224_fallback_guarded_public_sortformer_v2_low_packet_gated,True,555,2338,5133,1564,219,3014,4797,2.051753635585971,0.23738237810094098,0.1081239041496201,575,2338,2442,950,813,917,2680,1.146278870829769,0.24593669803250642,0.23546273546273547,717,2338,2442,606,1015,1119,2740,1.1719418306244653,0.306672369546621,0.2936117936117936,20,162,0.00855431993156544,0.06928999144568004,0.12733883131311535,0.18548788946217354,improved,improved
SUPPORTIVE_POST_PRIMARY_READ_ONLY,aishell5,pooled,public,cap224_fallback_guard_minus_raw448,full_control_stack,A5E2_001,raw448,cap224_fallback_guard,raw_public_sortformer_v2_low_packet_gated,control_cap224_fallback_guarded_public_sortformer_v2_low_packet_gated,False,1396,3330,7025,997,937,4632,6566,1.9717717717717718,0.41921921921921923,0.1987188612099644,1426,3330,3904,938,966,1540,3444,1.0342342342342343,0.4282282282282282,0.36526639344262296,1426,3330,3904,938,966,1540,3444,1.0342342342342343,0.4282282282282282,0.36526639344262296,30,30,0.009009009009008973,0.009009009009008973,0.16654753223265856,0.16654753223265856,improved,improved
SUPPORTIVE_POST_PRIMARY_READ_ONLY,aishell5,pooled,public,cap224_fallback_guard_minus_raw448,full_control_stack,A5E2_002,raw448,cap224_fallback_guard,raw_public_sortformer_v2_low_packet_gated,control_cap224_fallback_guarded_public_sortformer_v2_low_packet_gated,True,567,3629,10535,2924,138,7044,10106,2.7847891981262056,0.156241388812345,0.053820598006644516,669,3629,3139,1508,1452,962,3922,1.0807384954532928,0.18434830531826948,0.21312519910799618,696,3629,3139,1320,1613,1123,4056,1.1176632681179388,0.1917883714521907,0.22172666454284803,102,129,0.02810691650592448,0.03554698263984568,0.15930460110135167,0.16790606653620352,improved,improved
SUPPORTIVE_POST_PRIMARY_READ_ONLY,aishell5,pooled,public,cap224_fallback_guard_minus_raw448,full_control_stack,A5E2_003,raw448,cap224_fallback_guard,raw_public_sortformer_v2_low_packet_gated,control_cap224_fallback_guarded_public_sortformer_v2_low_packet_gated,True,177,1784,5324,1597,10,3550,5157,2.890695067264574,0.0992152466367713,0.033245679939894815,338,1784,2087,1023,423,726,2172,1.2174887892376682,0.18946188340807174,0.16195495927168185,144,1784,2087,982,658,961,2601,1.4579596412556053,0.08071748878923767,0.0689985625299473,161,-33,0.09024663677130045,-0.01849775784753363,0.12870927933178705,0.03575288259005248,improved,worsened
SUPPORTIVE_POST_PRIMARY_READ_ONLY,aishell5,pooled,public,cap224_fallback_guard_minus_raw448,full_control_stack,A5E2_004,raw448,cap224_fallback_guard,raw_public_sortformer_v2_low_packet_gated,control_cap224_fallback_guarded_public_sortformer_v2_low_packet_gated,True,228,3263,7644,3031,4,4385,7420,2.273980999080601,0.0698743487588109,0.029827315541601257,325,3263,1485,761,2177,399,3337,1.022678516702421,0.099601593625498,0.21885521885521886,201,3263,1485,514,2548,770,3832,1.1743794054551027,0.06159975482684646,0.13535353535353536,97,-27,0.029727244866687097,-0.008274593931964447,0.1890279033136176,0.10552621981193411,improved,worsened
SUPPORTIVE_POST_PRIMARY_READ_ONLY,aishell5,pooled,public,cap224_fallback_guard_minus_raw448,full_control_stack,A5E2_005,raw448,cap224_fallback_guard,raw_public_sortformer_v2_low_packet_gated,control_cap224_fallback_guarded_public_sortformer_v2_low_packet_gated,False,984,4472,11262,3143,345,7135,10623,2.375447227191413,0.22003577817531306,0.08737346830047948,1296,4472,3072,1287,1889,489,3665,0.8195438282647585,0.2898032200357782,0.421875,1296,4472,3072,1287,1889,489,3665,0.8195438282647585,0.2898032200357782,0.421875,312,312,0.06976744186046513,0.06976744186046513,0.3345015316995205,0.3345015316995205,improved,improved
SUPPORTIVE_POST_PRIMARY_READ_ONLY,aishell5,pooled,public,cap224_fallback_guard_minus_raw448,full_control_stack,A5E2_006,raw448,cap224_fallback_guard,raw_public_sortformer_v2_low_packet_gated,control_cap224_fallback_guarded_public_sortformer_v2_low_packet_gated,True,726,3788,15878,2767,295,12385,15447,4.077877507919746,0.19165786694825765,0.045723642776168284,781,3788,4040,1612,1395,1647,4654,1.2286166842661035,0.20617740232312565,0.19331683168316832,831,3788,4040,1500,1457,1709,4666,1.2317845828933474,0.219376979936642,0.20569306930693068,55,105,0.014519535374867998,0.027719112988384365,0.14759318890700004,0.1599694265307624,improved,improved
SUPPORTIVE_POST_PRIMARY_READ_ONLY,aishell5,pooled,public,cap224_fallback_guard_minus_raw448,full_control_stack,A5E2_007,raw448,cap224_fallback_guard,raw_public_sortformer_v2_low_packet_gated,control_cap224_fallback_guarded_public_sortformer_v2_low_packet_gated,True,487,2666,7549,2061,118,5001,7180,2.6931732933233308,0.18267066766691673,0.06451185587495033,576,2666,2495,1151,939,768,2858,1.0720180045011254,0.21605401350337583,0.2308617234468938,587,2666,2495,927,1152,981,3060,1.1477869467366841,0.22018004501125282,0.23527054108216433,89,100,0.033383345836459105,0.0375093773443361,0.16634986757194348,0.170758685207214,improved,improved
SUPPORTIVE_POST_PRIMARY_READ_ONLY,aishell5,pooled,public,cap224_fallback_guard_minus_raw448,full_control_stack,A5E2_008,raw448,cap224_fallback_guard,raw_public_sortformer_v2_low_packet_gated,control_cap224_fallback_guarded_public_sortformer_v2_low_packet_gated,False,1176,4247,12633,2773,298,8684,11755,2.767836119613845,0.27690134212385215,0.09308952742816433,1415,4247,4116,700,2132,2001,4833,1.1379797504120557,0.3331763597833765,0.3437803692905734,1415,4247,4116,700,2132,2001,4833,1.1379797504120557,0.3331763597833765,0.3437803692905734,239,239,0.05627501765952436,0.05627501765952436,0.25069084186240903,0.25069084186240903,improved,improved
SUPPORTIVE_POST_PRIMARY_READ_ONLY,aishell5,pooled,public,cap224_fallback_guard_minus_raw448,full_control_stack,A5E2_009,raw448,cap224_fallback_guard,raw_public_sortformer_v2_low_packet_gated,control_cap224_fallback_guarded_public_sortformer_v2_low_packet_gated,True,522,3072,5587,2210,340,2855,5405,1.7594401041666667,0.169921875,0.09343117952389475,642,3072,2100,976,1454,482,2912,0.9479166666666666,0.208984375,0.3057142857142857,587,3072,2100,1054,1431,459,2944,0.9583333333333334,0.19108072916666666,0.2795238095238095,120,65,0.0390625,0.021158854166666657,0.21228310619039098,0.18609262999991477,improved,improved
SUPPORTIVE_POST_PRIMARY_READ_ONLY,aishell5,pooled,public,cap224_fallback_guard_minus_raw448,full_control_stack,A5E2_010,raw448,cap224_fallback_guard,raw_public_sortformer_v2_low_packet_gated,control_cap224_fallback_guarded_public_sortformer_v2_low_packet_gated,True,724,4241,11257,3173,344,7360,10877,2.5647253006366424,0.17071445413817496,0.06431553699920049,1405,4241,3909,812,2024,1692,4528,1.0676727186984203,0.33128979014383403,0.3594269634177539,849,4241,3909,797,2595,2263,5655,1.3334119311483141,0.20018863475595378,0.21719109746738297,681,125,0.16057533600565907,0.029474180617778817,0.29511142641855337,0.15287556046818246,improved,improved
SUPPORTIVE_POST_PRIMARY_READ_ONLY,aishell5,pooled,public,cap224_fallback_guard_minus_raw448,full_control_stack,A5E2_011,raw448,cap224_fallback_guard,raw_public_sortformer_v2_low_packet_gated,control_cap224_fallback_guarded_public_sortformer_v2_low_packet_gated,True,342,3330,7833,2941,47,4550,7538,2.263663663663664,0.10270270270270271,0.043661432401378784,870,3330,2739,797,1663,1072,3532,1.0606606606606606,0.26126126126126126,0.3176341730558598,703,3330,2739,872,1755,1164,3791,1.1384384384384385,0.2111111111111111,0.2566630156991603,528,361,0.15855855855855855,0.1084084084084084,0.273972740654481,0.2130015832977815,improved,improved
SUPPORTIVE_POST_PRIMARY_READ_ONLY,aishell5,pooled,public,cap224_fallback_guard_minus_raw448,full_control_stack,A5E2_012,raw448,cap224_fallback_guard,raw_public_sortformer_v2_low_packet_gated,control_cap224_fallback_guarded_public_sortformer_v2_low_packet_gated,False,597,3770,8063,3001,172,4465,7638,2.0259946949602123,0.1583554376657825,0.07404191988093761,734,3770,2100,1055,1981,311,3347,0.8877984084880637,0.1946949602122016,0.3495238095238095,734,3770,2100,1055,1981,311,3347,0.8877984084880637,0.1946949602122016,0.3495238095238095,137,137,0.03633952254641909,0.03633952254641909,0.2754818896428719,0.2754818896428719,improved,improved
SUPPORTIVE_POST_PRIMARY_READ_ONLY,aishell5,pooled,public,cap224_fallback_guard_minus_raw448,full_control_stack,A5E2_013,raw448,cap224_fallback_guard,raw_public_sortformer_v2_low_packet_gated,control_cap224_fallback_guarded_public_sortformer_v2_low_packet_gated,False,1092,3524,6460,1513,919,3855,6287,1.7840522133938705,0.3098751418842225,0.16904024767801856,1357,3524,2830,651,1516,822,2989,0.8481838819523269,0.38507377979568674,0.47950530035335687,1357,3524,2830,651,1516,822,2989,0.8481838819523269,0.38507377979568674,0.47950530035335687,265,265,0.07519863791146425,0.07519863791146425,0.3104650526753383,0.3104650526753383,improved,improved
SUPPORTIVE_POST_PRIMARY_READ_ONLY,aishell5,pooled,public,cap224_fallback_guard_minus_raw448,full_control_stack,A5E2_014,raw448,cap224_fallback_guard,raw_public_sortformer_v2_low_packet_gated,control_cap224_fallback_guarded_public_sortformer_v2_low_packet_gated,False,837,4028,6788,2690,501,3261,6452,1.6017874875868918,0.20779543197616684,0.123305833824396,1334,4028,3424,952,1742,1138,3832,0.9513406156901688,0.3311817279046673,0.38960280373831774,1334,4028,3424,952,1742,1138,3832,0.9513406156901688,0.3311817279046673,0.38960280373831774,497,497,0.12338629592850048,0.12338629592850048,0.2662969699139217,0.2662969699139217,improved,improved
SUPPORTIVE_POST_PRIMARY_READ_ONLY,aishell5,pooled,public,cap224_fallback_guard_minus_raw448,full_control_stack,A5E2_015,raw448,cap224_fallback_guard,raw_public_sortformer_v2_low_packet_gated,control_cap224_fallback_guarded_public_sortformer_v2_low_packet_gated,False,743,3216,8001,2281,192,4977,7450,2.316542288557214,0.2310323383084577,0.0928633920759905,953,3216,2575,891,1372,731,2994,0.9309701492537313,0.29633084577114427,0.3700970873786408,953,3216,2575,891,1372,731,2994,0.9309701492537313,0.29633084577114427,0.3700970873786408,210,210,0.06529850746268656,0.06529850746268656,0.2772336953026503,0.2772336953026503,improved,improved
SUPPORTIVE_POST_PRIMARY_READ_ONLY,aishell5,pooled,public,cap224_fallback_guard_minus_raw448,full_control_stack,A5E2_016,raw448,cap224_fallback_guard,raw_public_sortformer_v2_low_packet_gated,control_cap224_fallback_guarded_public_sortformer_v2_low_packet_gated,True,344,2629,7327,2220,65,4763,7048,2.6808672499049067,0.1308482312666413,0.046949638324007094,550,2629,2679,1121,958,1008,3087,1.1742107265119817,0.20920502092050208,0.20530048525569242,601,2629,2679,916,1112,1162,3190,1.213389121338912,0.2286040319513123,0.22433743934303846,206,257,0.07835678965386078,0.09775580068467099,0.15835084693168533,0.17738780101903137,improved,improved
SUPPORTIVE_POST_PRIMARY_READ_ONLY,aishell5,pooled,public,cap224_fallback_guard_minus_raw448,full_control_stack,A5E2_017,raw448,cap224_fallback_guard,raw_public_sortformer_v2_low_packet_gated,control_cap224_fallback_guarded_public_sortformer_v2_low_packet_gated,False,621,3154,8020,2294,239,5105,7638,2.4216867469879517,0.19689283449587824,0.07743142144638404,861,3154,2728,840,1453,1027,3320,1.0526315789473684,0.2729866835764109,0.3156158357771261,861,3154,2728,840,1453,1027,3320,1.0526315789473684,0.2729866835764109,0.3156158357771261,240,240,0.07609384908053268,0.07609384908053268,0.23818441433074206,0.23818441433074206,improved,improved
SUPPORTIVE_POST_PRIMARY_READ_ONLY,aishell5,pooled,public,cap224_fallback_guard_minus_raw448,full_control_stack,A5E2_018,raw448,cap224_fallback_guard,raw_public_sortformer_v2_low_packet_gated,control_cap224_fallback_guarded_public_sortformer_v2_low_packet_gated,False,1392,4144,10958,1913,839,7653,10405,2.5108590733590734,0.3359073359073359,0.1270304800146012,1643,4144,4440,1150,1351,1647,4148,1.000965250965251,0.396476833976834,0.37004504504504504,1643,4144,4440,1150,1351,1647,4148,1.000965250965251,0.396476833976834,0.37004504504504504,251,251,0.06056949806949807,0.06056949806949807,0.24301456503044383,0.24301456503044383,improved,improved
SUPPORTIVE_POST_PRIMARY_READ_ONLY,aishell5,pooled,public,cap224_compression_abstention_minus_raw448,deletion_anchor_not_recommended_policy,A5E1_001,raw448,cap224_compression_abstention,raw_public_sortformer_v2_low_packet_gated,control_cap224_cr24_abstain_public_sortformer_v2_low_packet_gated,False,322,1415,4429,1032,61,3075,4168,2.945583038869258,0.2275618374558304,0.07270264167983743,328,1415,882,433,654,121,1208,0.8537102473498234,0.23180212014134274,0.37188208616780044,328,1415,882,433,654,121,1208,0.8537102473498234,0.23180212014134274,0.37188208616780044,6,6,0.004240282685512353,0.004240282685512353,0.299179444487963,0.299179444487963,improved,improved
SUPPORTIVE_POST_PRIMARY_READ_ONLY,aishell5,pooled,public,cap224_compression_abstention_minus_raw448,deletion_anchor_not_recommended_policy,A5E1_002,raw448,cap224_compression_abstention,raw_public_sortformer_v2_low_packet_gated,control_cap224_cr24_abstain_public_sortformer_v2_low_packet_gated,True,808,3204,11969,2199,197,8962,11358,3.544943820224719,0.25218476903870163,0.06750772829810343,947,3204,2759,816,1441,996,3253,1.0152933832709115,0.2955680399500624,0.343240304458137,902,3204,2759,672,1630,1185,3487,1.0883270911360798,0.2815230961298377,0.3269300471185212,139,94,0.043383270911360794,0.029338327091136096,0.2757325761600336,0.2594223188204178,improved,improved
SUPPORTIVE_POST_PRIMARY_READ_ONLY,aishell5,pooled,public,cap224_compression_abstention_minus_raw448,deletion_anchor_not_recommended_policy,A5E1_003,raw448,cap224_compression_abstention,raw_public_sortformer_v2_low_packet_gated,control_cap224_cr24_abstain_public_sortformer_v2_low_packet_gated,True,341,2425,3864,2004,80,1519,3603,1.4857731958762888,0.14061855670103093,0.08825051759834368,658,2425,1614,531,1236,425,2192,0.9039175257731958,0.27134020618556703,0.4076827757125155,615,2425,1614,421,1389,578,2388,0.9847422680412371,0.2536082474226804,0.38104089219330856,317,274,0.1307216494845361,0.11298969072164947,0.3194322581141718,0.2927903745949649,improved,improved
SUPPORTIVE_POST_PRIMARY_READ_ONLY,aishell5,pooled,public,cap224_compression_abstention_minus_raw448,deletion_anchor_not_recommended_policy,A5E1_004,raw448,cap224_compression_abstention,raw_public_sortformer_v2_low_packet_gated,control_cap224_cr24_abstain_public_sortformer_v2_low_packet_gated,False,822,2543,7496,1514,207,5160,6881,2.7058592213920565,0.3232402674007078,0.10965848452508005,883,2543,1967,565,1095,519,2179,0.8568619740464019,0.34722768383798663,0.4489069649211998,883,2543,1967,565,1095,519,2179,0.8568619740464019,0.34722768383798663,0.4489069649211998,61,61,0.023987416437278808,0.023987416437278808,0.33924848039611977,0.33924848039611977,improved,improved
SUPPORTIVE_POST_PRIMARY_READ_ONLY,aishell5,pooled,public,cap224_compression_abstention_minus_raw448,deletion_anchor_not_recommended_policy,A5E1_005,raw448,cap224_compression_abstention,raw_public_sortformer_v2_low_packet_gated,control_cap224_cr24_abstain_public_sortformer_v2_low_packet_gated,False,794,2979,6922,1967,218,4161,6346,2.130245048674052,0.26653239342061097,0.11470673215833574,1155,2979,2274,537,1287,582,2406,0.8076535750251762,0.3877139979859013,0.5079155672823219,1155,2979,2274,537,1287,582,2406,0.8076535750251762,0.3877139979859013,0.5079155672823219,361,361,0.12118160456529031,0.12118160456529031,0.3932088351239862,0.3932088351239862,improved,improved
SUPPORTIVE_POST_PRIMARY_READ_ONLY,aishell5,pooled,public,cap224_compression_abstention_minus_raw448,deletion_anchor_not_recommended_policy,A5E1_006,raw448,cap224_compression_abstention,raw_public_sortformer_v2_low_packet_gated,control_cap224_cr24_abstain_public_sortformer_v2_low_packet_gated,False,304,2142,5698,1793,45,3601,5439,2.5392156862745097,0.1419234360410831,0.053352053352053355,506,2142,1579,424,1212,649,2285,1.0667600373482726,0.23622782446311857,0.32045598480050663,506,2142,1579,424,1212,649,2285,1.0667600373482726,0.23622782446311857,0.32045598480050663,202,202,0.09430438842203548,0.09430438842203548,0.2671039314484533,0.2671039314484533,improved,improved
SUPPORTIVE_POST_PRIMARY_READ_ONLY,aishell5,pooled,public,cap224_compression_abstention_minus_raw448,deletion_anchor_not_recommended_policy,A5E1_007,raw448,cap224_compression_abstention,raw_public_sortformer_v2_low_packet_gated,control_cap224_cr24_abstain_public_sortformer_v2_low_packet_gated,False,632,2939,9201,2152,155,6417,8724,2.9683565838720654,0.215039128955427,0.06868818606673188,867,2939,2091,577,1495,647,2719,0.9251446070091868,0.29499829874106837,0.4146341463414634,867,2939,2091,577,1495,647,2719,0.9251446070091868,0.29499829874106837,0.4146341463414634,235,235,0.07995916978564135,0.07995916978564135,0.3459459602747315,0.3459459602747315,improved,improved
SUPPORTIVE_POST_PRIMARY_READ_ONLY,aishell5,pooled,public,cap224_compression_abstention_minus_raw448,deletion_anchor_not_recommended_policy,A5E1_008,raw448,cap224_compression_abstention,raw_public_sortformer_v2_low_packet_gated,control_cap224_cr24_abstain_public_sortformer_v2_low_packet_gated,False,1799,4270,10909,1591,880,7519,9990,2.339578454332553,0.42131147540983604,0.16490970758089651,1937,4270,4980,1107,1226,1936,4269,0.9997658079625292,0.45362997658079623,0.3889558232931727,1937,4270,4980,1107,1226,1936,4269,0.9997658079625292,0.45362997658079623,0.3889558232931727,138,138,0.03231850117096019,0.03231850117096019,0.22404611571227617,0.22404611571227617,improved,improved
SUPPORTIVE_POST_PRIMARY_READ_ONLY,aishell5,pooled,public,cap224_compression_abstention_minus_raw448,deletion_anchor_not_recommended_policy,A5E1_009,raw448,cap224_compression_abstention,raw_public_sortformer_v2_low_packet_gated,control_cap224_cr24_abstain_public_sortformer_v2_low_packet_gated,False,313,2496,5723,2139,44,3271,5454,2.1850961538461537,0.12540064102564102,0.05469159531714136,398,2496,1688,598,1500,692,2790,1.1177884615384615,0.1594551282051282,0.235781990521327,398,2496,1688,598,1500,692,2790,1.1177884615384615,0.1594551282051282,0.235781990521327,85,85,0.03405448717948717,0.03405448717948717,0.18109039520418566,0.18109039520418566,improved,improved
SUPPORTIVE_POST_PRIMARY_READ_ONLY,aishell5,pooled,public,cap224_compression_abstention_minus_raw448,deletion_anchor_not_recommended_policy,A5E1_010,raw448,cap224_compression_abstention,raw_public_sortformer_v2_low_packet_gated,control_cap224_cr24_abstain_public_sortformer_v2_low_packet_gated,True,312,1860,6011,1490,58,4209,5757,3.0951612903225807,0.16774193548387098,0.05190484112460489,343,1860,973,416,1101,214,1731,0.9306451612903226,0.18440860215053764,0.35251798561151076,311,1860,973,357,1192,305,1854,0.9967741935483871,0.16720430107526882,0.31963001027749227,31,-1,0.016666666666666663,-0.0005376344086021612,0.3006131444869059,0.26772516915288735,improved,worsened
SUPPORTIVE_POST_PRIMARY_READ_ONLY,aishell5,pooled,public,cap224_compression_abstention_minus_raw448,deletion_anchor_not_recommended_policy,A5E1_011,raw448,cap224_compression_abstention,raw_public_sortformer_v2_low_packet_gated,control_cap224_cr24_abstain_public_sortformer_v2_low_packet_gated,False,741,2265,7032,1269,255,5022,6546,2.890066225165563,0.3271523178807947,0.10537542662116041,669,2265,2048,978,618,401,1997,0.8816777041942605,0.295364238410596,0.32666015625,669,2265,2048,978,618,401,1997,0.8816777041942605,0.295364238410596,0.32666015625,-72,-72,-0.03178807947019868,-0.03178807947019868,0.2212847296288396,0.2212847296288396,worsened,worsened
SUPPORTIVE_POST_PRIMARY_READ_ONLY,aishell5,pooled,public,cap224_compression_abstention_minus_raw448,deletion_anchor_not_recommended_policy,A5E1_012,raw448,cap224_compression_abstention,raw_public_sortformer_v2_low_packet_gated,control_cap224_cr24_abstain_public_sortformer_v2_low_packet_gated,True,635,3189,9107,2450,104,6022,8576,2.689244277202885,0.1991219818124804,0.06972658394641484,1246,3189,3305,473,1470,1586,3529,1.1066164941988084,0.3907180934462214,0.3770045385779123,618,3189,3305,932,1639,1755,4326,1.3565380997177798,0.19379115710253997,0.1869894099848714,611,-17,0.191596111633741,-0.005330824709940424,0.30727795463149743,0.11726282603845656,improved,worsened
SUPPORTIVE_POST_PRIMARY_READ_ONLY,aishell5,pooled,public,cap224_compression_abstention_minus_raw448,deletion_anchor_not_recommended_policy,A5E1_013,raw448,cap224_compression_abstention,raw_public_sortformer_v2_low_packet_gated,control_cap224_cr24_abstain_public_sortformer_v2_low_packet_gated,False,1384,3256,11954,1490,382,9080,10952,3.3636363636363638,0.4250614250614251,0.11577714572528024,1335,3256,3245,604,1317,1306,3227,0.9910933660933661,0.41001228501228504,0.41140215716486905,1335,3256,3245,604,1317,1306,3227,0.9910933660933661,0.41001228501228504,0.41140215716486905,-49,-49,-0.015049140049140042,-0.015049140049140042,0.2956250114395888,0.2956250114395888,worsened,worsened
SUPPORTIVE_POST_PRIMARY_READ_ONLY,aishell5,pooled,public,cap224_compression_abstention_minus_raw448,deletion_anchor_not_recommended_policy,A5E1_014,raw448,cap224_compression_abstention,raw_public_sortformer_v2_low_packet_gated,control_cap224_cr24_abstain_public_sortformer_v2_low_packet_gated,False,566,2420,6192,1673,181,3953,5807,2.399586776859504,0.23388429752066114,0.09140826873385013,836,2420,2522,703,881,983,2567,1.0607438016528925,0.34545454545454546,0.33148295003965106,836,2420,2522,703,881,983,2567,1.0607438016528925,0.34545454545454546,0.33148295003965106,270,270,0.11157024793388431,0.11157024793388431,0.24007468130580092,0.24007468130580092,improved,improved
SUPPORTIVE_POST_PRIMARY_READ_ONLY,aishell5,pooled,public,cap224_compression_abstention_minus_raw448,deletion_anchor_not_recommended_policy,A5E1_015,raw448,cap224_compression_abstention,raw_public_sortformer_v2_low_packet_gated,control_cap224_cr24_abstain_public_sortformer_v2_low_packet_gated,False,1867,4528,10745,1773,888,7105,9766,2.1568021201413425,0.4123233215547703,0.17375523499302,1982,4528,5420,742,1804,2696,5242,1.1576855123674912,0.4377208480565371,0.36568265682656825,1982,4528,5420,742,1804,2696,5242,1.1576855123674912,0.4377208480565371,0.36568265682656825,115,115,0.0253975265017668,0.0253975265017668,0.19192742183354825,0.19192742183354825,improved,improved
SUPPORTIVE_POST_PRIMARY_READ_ONLY,aishell5,pooled,public,cap224_compression_abstention_minus_raw448,deletion_anchor_not_recommended_policy,A5E1_016,raw448,cap224_compression_abstention,raw_public_sortformer_v2_low_packet_gated,control_cap224_cr24_abstain_public_sortformer_v2_low_packet_gated,False,992,2631,2953,1183,456,778,2417,0.9186621056632459,0.37704294944887873,0.33592956315611244,1056,2631,2062,678,897,328,1903,0.7232991258076776,0.4013683010262258,0.5121241513094084,1056,2631,2062,678,897,328,1903,0.7232991258076776,0.4013683010262258,0.5121241513094084,64,64,0.024325351577347054,0.024325351577347054,0.17619458815329592,0.17619458815329592,improved,improved
SUPPORTIVE_POST_PRIMARY_READ_ONLY,aishell5,pooled,public,cap224_compression_abstention_minus_raw448,deletion_anchor_not_recommended_policy,A5E1_017,raw448,cap224_compression_abstention,raw_public_sortformer_v2_low_packet_gated,control_cap224_cr24_abstain_public_sortformer_v2_low_packet_gated,True,541,2196,7836,1593,62,5702,7357,3.3501821493624773,0.24635701275045538,0.06904032669729454,391,2196,2035,978,827,666,2471,1.1252276867030966,0.17805100182149364,0.19213759213759213,359,2196,2035,625,1212,1051,2888,1.3151183970856102,0.16347905282331512,0.17641277641277642,-150,-182,-0.06830601092896174,-0.08287795992714025,0.12309726544029759,0.10737244971548188,worsened,worsened
SUPPORTIVE_POST_PRIMARY_READ_ONLY,aishell5,pooled,public,cap224_compression_abstention_minus_raw448,deletion_anchor_not_recommended_policy,A5E1_018,raw448,cap224_compression_abstention,raw_public_sortformer_v2_low_packet_gated,control_cap224_cr24_abstain_public_sortformer_v2_low_packet_gated,False,555,2338,5133,1564,219,3014,4797,2.051753635585971,0.23738237810094098,0.1081239041496201,711,2338,2254,554,1073,989,2616,1.1189050470487596,0.3041060735671514,0.31543921916592726,711,2338,2254,554,1073,989,2616,1.1189050470487596,0.3041060735671514,0.31543921916592726,156,156,0.06672369546621043,0.06672369546621043,0.20731531501630718,0.20731531501630718,improved,improved
SUPPORTIVE_POST_PRIMARY_READ_ONLY,aishell5,pooled,public,cap224_compression_abstention_minus_raw448,deletion_anchor_not_recommended_policy,A5E2_001,raw448,cap224_compression_abstention,raw_public_sortformer_v2_low_packet_gated,control_cap224_cr24_abstain_public_sortformer_v2_low_packet_gated,False,1396,3330,7025,997,937,4632,6566,1.9717717717717718,0.41921921921921923,0.1987188612099644,1339,3330,3141,851,1140,951,2942,0.8834834834834835,0.4021021021021021,0.4262973575294492,1339,3330,3141,851,1140,951,2942,0.8834834834834835,0.4021021021021021,0.4262973575294492,-57,-57,-0.01711711711711711,-0.01711711711711711,0.2275784963194848,0.2275784963194848,worsened,worsened
SUPPORTIVE_POST_PRIMARY_READ_ONLY,aishell5,pooled,public,cap224_compression_abstention_minus_raw448,deletion_anchor_not_recommended_policy,A5E2_002,raw448,cap224_compression_abstention,raw_public_sortformer_v2_low_packet_gated,control_cap224_cr24_abstain_public_sortformer_v2_low_packet_gated,True,567,3629,10535,2924,138,7044,10106,2.7847891981262056,0.156241388812345,0.053820598006644516,604,3629,2297,1230,1795,463,3488,0.9611463213006338,0.16643703499586662,0.2629516760992599,602,3629,2297,816,2211,879,3906,1.0763295673739322,0.16588591898594654,0.26208097518502393,37,35,0.010195646183521617,0.009644530173601534,0.20913107809261539,0.20826037717837942,improved,improved
SUPPORTIVE_POST_PRIMARY_READ_ONLY,aishell5,pooled,public,cap224_compression_abstention_minus_raw448,deletion_anchor_not_recommended_policy,A5E2_003,raw448,cap224_compression_abstention,raw_public_sortformer_v2_low_packet_gated,control_cap224_cr24_abstain_public_sortformer_v2_low_packet_gated,True,177,1784,5324,1597,10,3550,5157,2.890695067264574,0.0992152466367713,0.033245679939894815,352,1784,1456,691,741,413,1845,1.0341928251121075,0.19730941704035873,0.24175824175824176,146,1784,1456,355,1283,955,2593,1.4534753363228698,0.08183856502242152,0.10027472527472528,175,-31,0.09809417040358744,-0.01737668161434977,0.20851256181834693,0.06702904533483046,improved,worsened
SUPPORTIVE_POST_PRIMARY_READ_ONLY,aishell5,pooled,public,cap224_compression_abstention_minus_raw448,deletion_anchor_not_recommended_policy,A5E2_004,raw448,cap224_compression_abstention,raw_public_sortformer_v2_low_packet_gated,control_cap224_cr24_abstain_public_sortformer_v2_low_packet_gated,True,228,3263,7644,3031,4,4385,7420,2.273980999080601,0.0698743487588109,0.029827315541601257,242,3263,1133,517,2504,374,3395,1.0404535703340485,0.07416487894575544,0.21359223300970873,164,3263,1133,355,2744,614,3713,1.137909898866074,0.05026049647563592,0.14474845542806708,14,-64,0.00429053018694453,-0.019613852283174985,0.18376491746810747,0.11492113988646582,improved,worsened
SUPPORTIVE_POST_PRIMARY_READ_ONLY,aishell5,pooled,public,cap224_compression_abstention_minus_raw448,deletion_anchor_not_recommended_policy,A5E2_005,raw448,cap224_compression_abstention,raw_public_sortformer_v2_low_packet_gated,control_cap224_cr24_abstain_public_sortformer_v2_low_packet_gated,False,984,4472,11262,3143,345,7135,10623,2.375447227191413,0.22003577817531306,0.08737346830047948,1023,4472,2252,900,2549,329,3778,0.8448121645796064,0.2287567084078712,0.45426287744227356,1023,4472,2252,900,2549,329,3778,0.8448121645796064,0.2287567084078712,0.45426287744227356,39,39,0.008720930232558155,0.008720930232558155,0.3668894091417941,0.3668894091417941,improved,improved
SUPPORTIVE_POST_PRIMARY_READ_ONLY,aishell5,pooled,public,cap224_compression_abstention_minus_raw448,deletion_anchor_not_recommended_policy,A5E2_006,raw448,cap224_compression_abstention,raw_public_sortformer_v2_low_packet_gated,control_cap224_cr24_abstain_public_sortformer_v2_low_packet_gated,True,726,3788,15878,2767,295,12385,15447,4.077877507919746,0.19165786694825765,0.045723642776168284,739,3788,2835,1106,1943,990,4039,1.0662618796198522,0.1950897571277719,0.2606701940035273,751,3788,2835,1009,2028,1075,4112,1.085533262935586,0.19825765575501583,0.26490299823633157,13,25,0.0034318901795142576,0.006599788806758183,0.21494655122735903,0.2191793554601633,improved,improved
SUPPORTIVE_POST_PRIMARY_READ_ONLY,aishell5,pooled,public,cap224_compression_abstention_minus_raw448,deletion_anchor_not_recommended_policy,A5E2_007,raw448,cap224_compression_abstention,raw_public_sortformer_v2_low_packet_gated,control_cap224_cr24_abstain_public_sortformer_v2_low_packet_gated,True,487,2666,7549,2061,118,5001,7180,2.6931732933233308,0.18267066766691673,0.06451185587495033,429,2666,1691,789,1448,473,2710,1.016504126031508,0.1609152288072018,0.25369603784742756,432,2666,1691,574,1660,685,2919,1.0948987246811703,0.16204051012753187,0.2554701360141928,-58,-55,-0.021755438859714926,-0.020630157539384852,0.18918418197247722,0.19095828013924243,worsened,worsened
SUPPORTIVE_POST_PRIMARY_READ_ONLY,aishell5,pooled,public,cap224_compression_abstention_minus_raw448,deletion_anchor_not_recommended_policy,A5E2_008,raw448,cap224_compression_abstention,raw_public_sortformer_v2_low_packet_gated,control_cap224_cr24_abstain_public_sortformer_v2_low_packet_gated,False,1176,4247,12633,2773,298,8684,11755,2.767836119613845,0.27690134212385215,0.09308952742816433,1209,4247,2911,509,2529,1193,4231,0.9962326348010361,0.2846715328467153,0.4153211954654758,1209,4247,2911,509,2529,1193,4231,0.9962326348010361,0.2846715328467153,0.4153211954654758,33,33,0.007770190722863168,0.007770190722863168,0.32223166803731146,0.32223166803731146,improved,improved
SUPPORTIVE_POST_PRIMARY_READ_ONLY,aishell5,pooled,public,cap224_compression_abstention_minus_raw448,deletion_anchor_not_recommended_policy,A5E2_009,raw448,cap224_compression_abstention,raw_public_sortformer_v2_low_packet_gated,control_cap224_cr24_abstain_public_sortformer_v2_low_packet_gated,True,522,3072,5587,2210,340,2855,5405,1.7594401041666667,0.169921875,0.09343117952389475,599,3072,1530,795,1678,136,2609,0.8492838541666666,0.19498697916666666,0.3915032679738562,525,3072,1530,622,1925,383,2930,0.9537760416666666,0.1708984375,0.3431372549019608,77,3,0.025065104166666657,0.0009765625,0.29807208844996147,0.24970607537806605,improved,improved
SUPPORTIVE_POST_PRIMARY_READ_ONLY,aishell5,pooled,public,cap224_compression_abstention_minus_raw448,deletion_anchor_not_recommended_policy,A5E2_010,raw448,cap224_compression_abstention,raw_public_sortformer_v2_low_packet_gated,control_cap224_cr24_abstain_public_sortformer_v2_low_packet_gated,True,724,4241,11257,3173,344,7360,10877,2.5647253006366424,0.17071445413817496,0.06431553699920049,1204,4241,3032,560,2477,1268,4305,1.0150907804763027,0.28389530771044563,0.3970976253298153,760,4241,3032,555,2926,1717,5198,1.2256543268097146,0.17920301815609527,0.25065963060686014,480,36,0.11318085357227067,0.008488564017920308,0.3327820883306148,0.18634409360765963,improved,improved
SUPPORTIVE_POST_PRIMARY_READ_ONLY,aishell5,pooled,public,cap224_compression_abstention_minus_raw448,deletion_anchor_not_recommended_policy,A5E2_011,raw448,cap224_compression_abstention,raw_public_sortformer_v2_low_packet_gated,control_cap224_cr24_abstain_public_sortformer_v2_low_packet_gated,True,342,3330,7833,2941,47,4550,7538,2.263663663663664,0.10270270270270271,0.043661432401378784,707,3330,1737,510,2113,520,3143,0.9438438438438439,0.21231231231231232,0.40702360391479564,529,3330,1737,539,2262,669,3470,1.042042042042042,0.15885885885885886,0.3045480713874496,365,187,0.10960960960960961,0.056156156156156156,0.3633621715134169,0.26088663898607084,improved,improved
SUPPORTIVE_POST_PRIMARY_READ_ONLY,aishell5,pooled,public,cap224_compression_abstention_minus_raw448,deletion_anchor_not_recommended_policy,A5E2_012,raw448,cap224_compression_abstention,raw_public_sortformer_v2_low_packet_gated,control_cap224_cr24_abstain_public_sortformer_v2_low_packet_gated,False,597,3770,8063,3001,172,4465,7638,2.0259946949602123,0.1583554376657825,0.07404191988093761,680,3770,1801,822,2268,299,3389,0.8989389920424403,0.18037135278514588,0.3775680177679067,680,3770,1801,822,2268,299,3389,0.8989389920424403,0.18037135278514588,0.3775680177679067,83,83,0.022015915119363377,0.022015915119363377,0.3035260978869691,0.3035260978869691,improved,improved
SUPPORTIVE_POST_PRIMARY_READ_ONLY,aishell5,pooled,public,cap224_compression_abstention_minus_raw448,deletion_anchor_not_recommended_policy,A5E2_013,raw448,cap224_compression_abstention,raw_public_sortformer_v2_low_packet_gated,control_cap224_cr24_abstain_public_sortformer_v2_low_packet_gated,False,1092,3524,6460,1513,919,3855,6287,1.7840522133938705,0.3098751418842225,0.16904024767801856,1338,3524,2417,631,1555,448,2634,0.7474460839954598,0.3796821793416572,0.5535788167149359,1338,3524,2417,631,1555,448,2634,0.7474460839954598,0.3796821793416572,0.5535788167149359,246,246,0.06980703745743472,0.06980703745743472,0.38453856903691735,0.38453856903691735,improved,improved
SUPPORTIVE_POST_PRIMARY_READ_ONLY,aishell5,pooled,public,cap224_compression_abstention_minus_raw448,deletion_anchor_not_recommended_policy,A5E2_014,raw448,cap224_compression_abstention,raw_public_sortformer_v2_low_packet_gated,control_cap224_cr24_abstain_public_sortformer_v2_low_packet_gated,True,837,4028,6788,2690,501,3261,6452,1.6017874875868918,0.20779543197616684,0.123305833824396,1263,4028,2662,566,2199,833,3598,0.8932472691161867,0.31355511420059584,0.47445529676934634,1131,4028,2662,771,2126,760,3657,0.9078947368421053,0.2807845084409136,0.4248685199098422,426,294,0.105759682224429,0.07298907646474678,0.3511494629449503,0.30156268608544623,improved,improved
SUPPORTIVE_POST_PRIMARY_READ_ONLY,aishell5,pooled,public,cap224_compression_abstention_minus_raw448,deletion_anchor_not_recommended_policy,A5E2_015,raw448,cap224_compression_abstention,raw_public_sortformer_v2_low_packet_gated,control_cap224_cr24_abstain_public_sortformer_v2_low_packet_gated,False,743,3216,8001,2281,192,4977,7450,2.316542288557214,0.2310323383084577,0.0928633920759905,811,3216,2091,620,1785,660,3065,0.9530472636815921,0.25217661691542287,0.38785270205643235,811,3216,2091,620,1785,660,3065,0.9530472636815921,0.25217661691542287,0.38785270205643235,68,68,0.02114427860696516,0.02114427860696516,0.29498930998044187,0.29498930998044187,improved,improved
SUPPORTIVE_POST_PRIMARY_READ_ONLY,aishell5,pooled,public,cap224_compression_abstention_minus_raw448,deletion_anchor_not_recommended_policy,A5E2_016,raw448,cap224_compression_abstention,raw_public_sortformer_v2_low_packet_gated,control_cap224_cr24_abstain_public_sortformer_v2_low_packet_gated,True,344,2629,7327,2220,65,4763,7048,2.6808672499049067,0.1308482312666413,0.046949638324007094,534,2629,2367,1075,1020,758,2853,1.0852034994294408,0.20311905667554203,0.2256020278833967,577,2629,2367,748,1304,1042,3094,1.1768733358691517,0.2194750855838722,0.24376848331220954,190,233,0.07227082540890073,0.08862685431723089,0.1786523895593896,0.19681884498820246,improved,improved
SUPPORTIVE_POST_PRIMARY_READ_ONLY,aishell5,pooled,public,cap224_compression_abstention_minus_raw448,deletion_anchor_not_recommended_policy,A5E2_017,raw448,cap224_compression_abstention,raw_public_sortformer_v2_low_packet_gated,control_cap224_cr24_abstain_public_sortformer_v2_low_packet_gated,False,621,3154,8020,2294,239,5105,7638,2.4216867469879517,0.19689283449587824,0.07743142144638404,754,3154,2207,607,1793,846,3246,1.0291693088142042,0.23906150919467342,0.3416402356139556,754,3154,2207,607,1793,846,3246,1.0291693088142042,0.23906150919467342,0.3416402356139556,133,133,0.04216867469879518,0.04216867469879518,0.2642088141675716,0.2642088141675716,improved,improved
SUPPORTIVE_POST_PRIMARY_READ_ONLY,aishell5,pooled,public,cap224_compression_abstention_minus_raw448,deletion_anchor_not_recommended_policy,A5E2_018,raw448,cap224_compression_abstention,raw_public_sortformer_v2_low_packet_gated,control_cap224_cr24_abstain_public_sortformer_v2_low_packet_gated,False,1392,4144,10958,1913,839,7653,10405,2.5108590733590734,0.3359073359073359,0.1270304800146012,1486,4144,3466,1114,1544,866,3524,0.8503861003861004,0.35859073359073357,0.42873629544143105,1486,4144,3466,1114,1544,866,3524,0.8503861003861004,0.35859073359073357,0.42873629544143105,94,94,0.022683397683397666,0.022683397683397666,0.30170581542682984,0.30170581542682984,improved,improved
SUPPORTIVE_POST_PRIMARY_READ_ONLY,misp2022,pooled,learned,guard448_minus_raw448,original_decode_guard_effect,R01_S016017_C02_I1,raw448,guard448,raw_cfg_low_packet_gated,guarded_cfg_low_packet_gated,False,1337,6710,22676,5153,220,16186,21559,3.2129657228017883,0.1992548435171386,0.058961016052213794,1497,6710,6963,2392,2821,3074,8287,1.2350223546944858,0.22309985096870344,0.21499353726841877,1497,6710,6963,2392,2821,3074,8287,1.2350223546944858,0.22309985096870344,0.21499353726841877,160,160,0.023845007451564842,0.023845007451564842,0.15603252121620498,0.15603252121620498,improved,improved
SUPPORTIVE_POST_PRIMARY_READ_ONLY,misp2022,pooled,learned,guard448_minus_raw448,original_decode_guard_effect,R02_S055056_C09_I1,raw448,guard448,raw_cfg_low_packet_gated,guarded_cfg_low_packet_gated,True,1110,7708,28924,6534,64,21280,27878,3.6167618059159317,0.14400622729631551,0.038376434794634214,718,7708,6650,4019,2971,1913,8903,1.1550337311883758,0.09314997405293202,0.10796992481203008,560,7708,6650,4200,2948,1890,9038,1.1725480020757655,0.07265179034769072,0.08421052631578947,-392,-550,-0.0508562532433835,-0.0713544369486248,0.06959349001739587,0.04583409152115526,worsened,worsened
SUPPORTIVE_POST_PRIMARY_READ_ONLY,misp2022,pooled,learned,guard448_minus_raw448,original_decode_guard_effect,R11_S189190191192_C10_I2,raw448,guard448,raw_cfg_low_packet_gated,guarded_cfg_low_packet_gated,False,782,6990,19104,6198,10,12124,18332,2.622603719599428,0.11187410586552217,0.04093383584589615,675,6990,2745,2053,4262,17,6332,0.9058655221745351,0.09656652360515021,0.2459016393442623,675,6990,2745,2053,4262,17,6332,0.9058655221745351,0.09656652360515021,0.2459016393442623,-107,-107,-0.01530758226037196,-0.01530758226037196,0.20496780349836613,0.20496780349836613,worsened,worsened
SUPPORTIVE_POST_PRIMARY_READ_ONLY,misp2022,pooled,learned,guard448_minus_raw448,original_decode_guard_effect,R14_S223224_C02_I2,raw448,guard448,raw_cfg_low_packet_gated,guarded_cfg_low_packet_gated,True,297,2167,8579,1858,12,6424,8294,3.8274111675126905,0.13705583756345177,0.034619419512763726,306,2167,2112,947,914,859,2720,1.2551915089986156,0.14120904476234425,0.14488636363636365,274,2167,2112,1006,887,832,2725,1.2574988463313337,0.12644208583294878,0.12973484848484848,9,-23,0.004153207198892478,-0.010613751730502996,0.11026694412359991,0.09511542897208475,improved,worsened
SUPPORTIVE_POST_PRIMARY_READ_ONLY,misp2022,pooled,learned,guard448_minus_raw448,original_decode_guard_effect,R15_S230231232_C09_I1,raw448,guard448,raw_cfg_low_packet_gated,guarded_cfg_low_packet_gated,True,317,4984,8712,4563,104,3832,8499,1.7052568218298556,0.06360353130016051,0.036386593204775025,807,4984,3568,1357,2820,1404,5581,1.1197833065810594,0.16191813804173355,0.22617713004484305,504,4984,3568,1708,2772,1356,5836,1.1709470304975922,0.10112359550561797,0.1412556053811659,490,187,0.09831460674157304,0.03752006420545746,0.18979053684006802,0.10486901217639089,improved,improved
SUPPORTIVE_POST_PRIMARY_READ_ONLY,misp2022,pooled,learned,guard448_minus_raw448,original_decode_guard_effect,R52_S280281282_C03_I0,raw448,guard448,raw_cfg_low_packet_gated,guarded_cfg_low_packet_gated,False,2346,7811,16985,4814,651,9825,15290,1.9574958392011266,0.30034566636794263,0.13812187224021194,2709,7811,7123,2858,2244,1556,6658,0.8523876584304186,0.34681858916912045,0.38031728204408255,2709,7811,7123,2858,2244,1556,6658,0.8523876584304186,0.34681858916912045,0.38031728204408255,363,363,0.04647292280117782,0.04647292280117782,0.2421954098038706,0.2421954098038706,improved,improved
SUPPORTIVE_POST_PRIMARY_READ_ONLY,misp2022,pooled,learned,guard448_minus_raw448,original_decode_guard_effect,R61_S357358359_C07_I0,raw448,guard448,raw_cfg_low_packet_gated,guarded_cfg_low_packet_gated,True,2291,5904,14068,2829,784,8948,12561,2.127540650406504,0.3880420054200542,0.16285186238271254,2517,5904,6731,1532,1855,2682,6069,1.0279471544715446,0.4263211382113821,0.3739414648640618,2458,5904,6731,1579,1867,2694,6140,1.0399728997289972,0.41632791327913277,0.3651760511068192,226,167,0.03827913279132794,0.028285907859078585,0.21108960248134928,0.20232418872410668,improved,improved
SUPPORTIVE_POST_PRIMARY_READ_ONLY,misp2022,pooled,learned,guard448_minus_raw448,original_decode_guard_effect,R69_S405406_C07_I1,raw448,guard448,raw_cfg_low_packet_gated,guarded_cfg_low_packet_gated,False,2126,4317,6375,1406,785,2843,5034,1.1660875608061154,0.492471623812833,0.3334901960784314,2138,4317,3712,1110,1069,464,2643,0.6122307157748437,0.49525133194347926,0.5759698275862069,2138,4317,3712,1110,1069,464,2643,0.6122307157748437,0.49525133194347926,0.5759698275862069,12,12,0.0027797081306462634,0.0027797081306462634,0.24247963150777546,0.24247963150777546,improved,improved
SUPPORTIVE_POST_PRIMARY_READ_ONLY,misp2022,pooled,learned,cap224_minus_raw448,decoder_cap_stage,R01_S016017_C02_I1,raw448,cap224,raw_cfg_low_packet_gated,control_cap224_cfg_low_packet_gated,True,1337,6710,22676,5153,220,16186,21559,3.2129657228017883,0.1992548435171386,0.058961016052213794,1025,6710,14204,5403,282,7776,13461,2.0061102831594635,0.1527570789865872,0.07216277105040833,995,6710,14204,5430,285,7779,13494,2.0110283159463487,0.1482861400894188,0.07005068994649395,-312,-342,-0.046497764530551405,-0.05096870342771981,0.013201754998194537,0.011089673894280158,worsened,worsened
SUPPORTIVE_POST_PRIMARY_READ_ONLY,misp2022,pooled,learned,cap224_minus_raw448,decoder_cap_stage,R02_S055056_C09_I1,raw448,cap224,raw_cfg_low_packet_gated,control_cap224_cfg_low_packet_gated,True,1110,7708,28924,6534,64,21280,27878,3.6167618059159317,0.14400622729631551,0.038376434794634214,955,7708,16480,6678,75,8847,15600,2.0238713025428128,0.12389724961079399,0.057949029126213594,926,7708,16480,6719,63,8835,15617,2.026076803321225,0.12013492475350285,0.05618932038834951,-155,-184,-0.02010897768552153,-0.023871302542812667,0.01957259433157938,0.0178128855937153,worsened,worsened
SUPPORTIVE_POST_PRIMARY_READ_ONLY,misp2022,pooled,learned,cap224_minus_raw448,decoder_cap_stage,R11_S189190191192_C10_I2,raw448,cap224,raw_cfg_low_packet_gated,control_cap224_cfg_low_packet_gated,False,782,6990,19104,6198,10,12124,18332,2.622603719599428,0.11187410586552217,0.04093383584589615,630,6990,10397,6350,10,3417,9777,1.3987124463519314,0.09012875536480687,0.06059440223141291,630,6990,10397,6350,10,3417,9777,1.3987124463519314,0.09012875536480687,0.06059440223141291,-152,-152,-0.0217453505007153,-0.0217453505007153,0.01966056638551676,0.01966056638551676,worsened,worsened
SUPPORTIVE_POST_PRIMARY_READ_ONLY,misp2022,pooled,learned,cap224_minus_raw448,decoder_cap_stage,R14_S223224_C02_I2,raw448,cap224,raw_cfg_low_packet_gated,control_cap224_cfg_low_packet_gated,False,297,2167,8579,1858,12,6424,8294,3.8274111675126905,0.13705583756345177,0.034619419512763726,217,2167,5118,1945,5,2956,4906,2.263959390862944,0.10013844023996309,0.04239937475576397,217,2167,5118,1945,5,2956,4906,2.263959390862944,0.10013844023996309,0.04239937475576397,-80,-80,-0.036917397323488685,-0.036917397323488685,0.007779955243000243,0.007779955243000243,worsened,worsened
SUPPORTIVE_POST_PRIMARY_READ_ONLY,misp2022,pooled,learned,cap224_minus_raw448,decoder_cap_stage,R15_S230231232_C09_I1,raw448,cap224,raw_cfg_low_packet_gated,control_cap224_cfg_low_packet_gated,True,317,4984,8712,4563,104,3832,8499,1.7052568218298556,0.06360353130016051,0.036386593204775025,679,4984,5862,2733,1572,2450,6755,1.3553370786516854,0.13623595505617977,0.11583077447969976,436,4984,5862,3029,1519,2397,6945,1.3934590690208668,0.08747993579454254,0.07437734561583077,362,119,0.07263242375601926,0.023876404494382025,0.07944418127492474,0.03799075241105575,improved,improved
SUPPORTIVE_POST_PRIMARY_READ_ONLY,misp2022,pooled,learned,cap224_minus_raw448,decoder_cap_stage,R52_S280281282_C03_I0,raw448,cap224,raw_cfg_low_packet_gated,control_cap224_cfg_low_packet_gated,True,2346,7811,16985,4814,651,9825,15290,1.9574958392011266,0.30034566636794263,0.13812187224021194,2374,7811,11642,4583,854,4685,10122,1.2958648060427602,0.3039303546280886,0.20391685277443738,2358,7811,11642,4601,852,4683,10136,1.2976571501728331,0.30188196133657663,0.20254251846761726,28,12,0.003584688260145963,0.001536294968634,0.06579498053422544,0.06442064622740531,improved,improved
SUPPORTIVE_POST_PRIMARY_READ_ONLY,misp2022,pooled,learned,cap224_minus_raw448,decoder_cap_stage,R61_S357358359_C07_I0,raw448,cap224,raw_cfg_low_packet_gated,control_cap224_cfg_low_packet_gated,True,2291,5904,14068,2829,784,8948,12561,2.127540650406504,0.3880420054200542,0.16285186238271254,2404,5904,9548,2287,1213,4857,8357,1.415481029810298,0.4071815718157182,0.2517804775869292,2408,5904,9548,2278,1218,4862,8358,1.4156504065040652,0.4078590785907859,0.25219941348973607,113,117,0.019139566395664,0.019817073170731725,0.08892861520421663,0.08934755110702353,improved,improved
SUPPORTIVE_POST_PRIMARY_READ_ONLY,misp2022,pooled,learned,cap224_minus_raw448,decoder_cap_stage,R69_S405406_C07_I1,raw448,cap224,raw_cfg_low_packet_gated,control_cap224_cfg_low_packet_gated,False,2126,4317,6375,1406,785,2843,5034,1.1660875608061154,0.492471623812833,0.3334901960784314,2126,4317,4995,1406,785,1463,3654,0.846421125781793,0.492471623812833,0.4256256256256256,2126,4317,4995,1406,785,1463,3654,0.846421125781793,0.492471623812833,0.4256256256256256,0,0,0.0,0.0,0.09213542954719423,0.09213542954719423,tie,tie
SUPPORTIVE_POST_PRIMARY_READ_ONLY,misp2022,pooled,learned,cap224_guard_minus_cap224,guard_after_cap,R01_S016017_C02_I1,cap224,cap224_guard,control_cap224_cfg_low_packet_gated,control_cap224_guarded_cfg_low_packet_gated,True,1025,6710,14204,5403,282,7776,13461,2.0061102831594635,0.1527570789865872,0.07216277105040833,1500,6710,6976,2400,2810,3076,8286,1.2348733233979137,0.22354694485842028,0.21502293577981652,1267,6710,6976,2688,2755,3021,8464,1.2614008941877795,0.188822652757079,0.18162270642201836,475,242,0.07078986587183309,0.0360655737704918,0.14286016472940818,0.10945993537161003,improved,improved
SUPPORTIVE_POST_PRIMARY_READ_ONLY,misp2022,pooled,learned,cap224_guard_minus_cap224,guard_after_cap,R02_S055056_C09_I1,cap224,cap224_guard,control_cap224_cfg_low_packet_gated,control_cap224_guarded_cfg_low_packet_gated,False,955,7708,16480,6678,75,8847,15600,2.0238713025428128,0.12389724961079399,0.057949029126213594,769,7708,5978,3522,3417,1687,8626,1.11909704203425,0.09976647638816814,0.1286383405821345,769,7708,5978,3522,3417,1687,8626,1.11909704203425,0.09976647638816814,0.1286383405821345,-186,-186,-0.024130773222625843,-0.024130773222625843,0.0706893114559209,0.0706893114559209,worsened,worsened
SUPPORTIVE_POST_PRIMARY_READ_ONLY,misp2022,pooled,learned,cap224_guard_minus_cap224,guard_after_cap,R11_S189190191192_C10_I2,cap224,cap224_guard,control_cap224_cfg_low_packet_gated,control_cap224_guarded_cfg_low_packet_gated,False,630,6990,10397,6350,10,3417,9777,1.3987124463519314,0.09012875536480687,0.06059440223141291,675,6990,2603,1909,4406,19,6334,0.9061516452074392,0.09656652360515021,0.2593161736457933,675,6990,2603,1909,4406,19,6334,0.9061516452074392,0.09656652360515021,0.2593161736457933,45,45,0.006437768240343339,0.006437768240343339,0.19872177141438038,0.19872177141438038,improved,improved
SUPPORTIVE_POST_PRIMARY_READ_ONLY,misp2022,pooled,learned,cap224_guard_minus_cap224,guard_after_cap,R14_S223224_C02_I2,cap224,cap224_guard,control_cap224_cfg_low_packet_gated,control_cap224_guarded_cfg_low_packet_gated,True,217,2167,5118,1945,5,2956,4906,2.263959390862944,0.10013844023996309,0.04239937475576397,302,2167,2123,960,905,861,2726,1.2579603137978772,0.1393631748961698,0.14225153085256712,252,2167,2123,1053,862,818,2733,1.2611905860636825,0.11628980156898938,0.11869995289684408,85,35,0.039224734656206725,0.016151361329026295,0.09985215609680315,0.07630057814108011,improved,improved
SUPPORTIVE_POST_PRIMARY_READ_ONLY,misp2022,pooled,learned,cap224_guard_minus_cap224,guard_after_cap,R15_S230231232_C09_I1,cap224,cap224_guard,control_cap224_cfg_low_packet_gated,control_cap224_guarded_cfg_low_packet_gated,False,679,4984,5862,2733,1572,2450,6755,1.3553370786516854,0.13623595505617977,0.11583077447969976,807,4984,3568,1353,2824,1408,5585,1.120585874799358,0.16191813804173355,0.22617713004484305,807,4984,3568,1353,2824,1408,5585,1.120585874799358,0.16191813804173355,0.22617713004484305,128,128,0.025682182985553775,0.025682182985553775,0.11034635556514329,0.11034635556514329,improved,improved
SUPPORTIVE_POST_PRIMARY_READ_ONLY,misp2022,pooled,learned,cap224_guard_minus_cap224,guard_after_cap,R52_S280281282_C03_I0,cap224,cap224_guard,control_cap224_cfg_low_packet_gated,control_cap224_guarded_cfg_low_packet_gated,True,2374,7811,11642,4583,854,4685,10122,1.2958648060427602,0.3039303546280886,0.20391685277443738,2713,7811,7134,2862,2236,1559,6657,0.8522596338496992,0.34733068749199847,0.380291561536305,2757,7811,7134,2661,2393,1716,6770,0.8667264114710024,0.3529637690436564,0.3864592094196804,339,383,0.043400332863909874,0.0490334144155678,0.17637470876186762,0.18254235664524304,improved,improved
SUPPORTIVE_POST_PRIMARY_READ_ONLY,misp2022,pooled,learned,cap224_guard_minus_cap224,guard_after_cap,R61_S357358359_C07_I0,cap224,cap224_guard,control_cap224_cfg_low_packet_gated,control_cap224_guarded_cfg_low_packet_gated,False,2404,5904,9548,2287,1213,4857,8357,1.415481029810298,0.4071815718157182,0.2517804775869292,2515,5904,6178,1530,1859,2133,5522,0.9352981029810298,0.42598238482384826,0.40708967303334415,2515,5904,6178,1530,1859,2133,5522,0.9352981029810298,0.42598238482384826,0.40708967303334415,111,111,0.01880081300813008,0.01880081300813008,0.15530919544641497,0.15530919544641497,improved,improved
SUPPORTIVE_POST_PRIMARY_READ_ONLY,misp2022,pooled,learned,cap224_guard_minus_cap224,guard_after_cap,R69_S405406_C07_I1,cap224,cap224_guard,control_cap224_cfg_low_packet_gated,control_cap224_guarded_cfg_low_packet_gated,False,2126,4317,4995,1406,785,1463,3654,0.846421125781793,0.492471623812833,0.4256256256256256,2139,4317,3707,1112,1066,456,2634,0.610145934676859,0.4954829742876998,0.5770164553547343,2139,4317,3707,1112,1066,456,2634,0.610145934676859,0.4954829742876998,0.5770164553547343,13,13,0.0030113504748667808,0.0030113504748667808,0.15139082972910872,0.15139082972910872,improved,improved
SUPPORTIVE_POST_PRIMARY_READ_ONLY,misp2022,pooled,learned,cap224_fallback_minus_cap224,fallback_stage,R01_S016017_C02_I1,cap224,cap224_fallback,control_cap224_cfg_low_packet_gated,control_cap224_fallback_cfg_low_packet_gated,True,1025,6710,14204,5403,282,7776,13461,2.0061102831594635,0.1527570789865872,0.07216277105040833,1533,6710,7235,2649,2528,3053,8230,1.226527570789866,0.22846497764530552,0.21188666205943332,1259,6710,7235,2753,2698,3223,8674,1.2926974664679582,0.18763040238450074,0.17401520387007602,508,234,0.07570789865871833,0.03487332339791355,0.139723891009025,0.10185243281966769,improved,improved
SUPPORTIVE_POST_PRIMARY_READ_ONLY,misp2022,pooled,learned,cap224_fallback_minus_cap224,fallback_stage,R02_S055056_C09_I1,cap224,cap224_fallback,control_cap224_cfg_low_packet_gated,control_cap224_fallback_cfg_low_packet_gated,False,955,7708,16480,6678,75,8847,15600,2.0238713025428128,0.12389724961079399,0.057949029126213594,604,7708,7064,4700,2404,1760,8864,1.1499740529320186,0.0783601453035807,0.0855039637599094,604,7708,7064,4700,2404,1760,8864,1.1499740529320186,0.0783601453035807,0.0855039637599094,-351,-351,-0.04553710430721329,-0.04553710430721329,0.027554934633695807,0.027554934633695807,worsened,worsened
SUPPORTIVE_POST_PRIMARY_READ_ONLY,misp2022,pooled,learned,cap224_fallback_minus_cap224,fallback_stage,R11_S189190191192_C10_I2,cap224,cap224_fallback,control_cap224_cfg_low_packet_gated,control_cap224_fallback_cfg_low_packet_gated,False,630,6990,10397,6350,10,3417,9777,1.3987124463519314,0.09012875536480687,0.06059440223141291,528,6990,3060,2523,3939,9,6471,0.9257510729613734,0.07553648068669527,0.17254901960784313,528,6990,3060,2523,3939,9,6471,0.9257510729613734,0.07553648068669527,0.17254901960784313,-102,-102,-0.014592274678111597,-0.014592274678111597,0.11195461737643023,0.11195461737643023,worsened,worsened
SUPPORTIVE_POST_PRIMARY_READ_ONLY,misp2022,pooled,learned,cap224_fallback_minus_cap224,fallback_stage,R14_S223224_C02_I2,cap224,cap224_fallback,control_cap224_cfg_low_packet_gated,control_cap224_fallback_cfg_low_packet_gated,True,217,2167,5118,1945,5,2956,4906,2.263959390862944,0.10013844023996309,0.04239937475576397,315,2167,1904,900,952,689,2541,1.1725888324873097,0.14536225196123673,0.16544117647058823,238,2167,1904,899,1030,767,2696,1.244116289801569,0.10982925703737886,0.125,98,21,0.04522381172127364,0.009690816797415777,0.12304180171482426,0.08260062524423603,improved,improved
SUPPORTIVE_POST_PRIMARY_READ_ONLY,misp2022,pooled,learned,cap224_fallback_minus_cap224,fallback_stage,R15_S230231232_C09_I1,cap224,cap224_fallback,control_cap224_cfg_low_packet_gated,control_cap224_fallback_cfg_low_packet_gated,False,679,4984,5862,2733,1572,2450,6755,1.3553370786516854,0.13623595505617977,0.11583077447969976,788,4984,3547,1424,2772,1335,5531,1.1097512038523274,0.1581059390048154,0.2221595714688469,788,4984,3547,1424,2772,1335,5531,1.1097512038523274,0.1581059390048154,0.2221595714688469,109,109,0.021869983948635624,0.021869983948635624,0.10632879698914714,0.10632879698914714,improved,improved
SUPPORTIVE_POST_PRIMARY_READ_ONLY,misp2022,pooled,learned,cap224_fallback_minus_cap224,fallback_stage,R52_S280281282_C03_I0,cap224,cap224_fallback,control_cap224_cfg_low_packet_gated,control_cap224_fallback_cfg_low_packet_gated,True,2374,7811,11642,4583,854,4685,10122,1.2958648060427602,0.3039303546280886,0.20391685277443738,2737,7811,7706,3262,1812,1707,6781,0.868134681858917,0.3504032774292664,0.3551777835452894,2816,7811,7706,2541,2454,2349,7344,0.9402125208039943,0.36051721930610675,0.36542953542694007,363,442,0.04647292280117782,0.056586864678018156,0.151260930770852,0.16151268265250268,improved,improved
SUPPORTIVE_POST_PRIMARY_READ_ONLY,misp2022,pooled,learned,cap224_fallback_minus_cap224,fallback_stage,R61_S357358359_C07_I0,cap224,cap224_fallback,control_cap224_cfg_low_packet_gated,control_cap224_fallback_cfg_low_packet_gated,True,2404,5904,9548,2287,1213,4857,8357,1.415481029810298,0.4071815718157182,0.2517804775869292,2595,5904,5839,1613,1696,1631,4940,0.8367208672086721,0.43953252032520324,0.4444254153108409,2591,5904,5839,1617,1696,1631,4944,0.8373983739837398,0.4388550135501355,0.4437403665011132,191,187,0.032350948509485056,0.03167344173441733,0.19264493772391172,0.19195988891418403,improved,improved
SUPPORTIVE_POST_PRIMARY_READ_ONLY,misp2022,pooled,learned,cap224_fallback_minus_cap224,fallback_stage,R69_S405406_C07_I1,cap224,cap224_fallback,control_cap224_cfg_low_packet_gated,control_cap224_fallback_cfg_low_packet_gated,False,2126,4317,4995,1406,785,1463,3654,0.846421125781793,0.492471623812833,0.4256256256256256,2194,4317,3778,1126,997,458,2581,0.5978688904331712,0.5082233032198286,0.5807305452620434,2194,4317,3778,1126,997,458,2581,0.5978688904331712,0.5082233032198286,0.5807305452620434,68,68,0.015751679406995567,0.015751679406995567,0.15510491963641776,0.15510491963641776,improved,improved
SUPPORTIVE_POST_PRIMARY_READ_ONLY,misp2022,pooled,learned,cap224_fallback_guard_minus_cap224_fallback,residual_guard_after_fallback,R01_S016017_C02_I1,cap224_fallback,cap224_fallback_guard,control_cap224_fallback_cfg_low_packet_gated,control_cap224_fallback_guarded_cfg_low_packet_gated,False,1533,6710,7235,2649,2528,3053,8230,1.226527570789866,0.22846497764530552,0.21188666205943332,1533,6710,7235,2649,2528,3053,8230,1.226527570789866,0.22846497764530552,0.21188666205943332,1533,6710,7235,2649,2528,3053,8230,1.226527570789866,0.22846497764530552,0.21188666205943332,0,0,0.0,0.0,0.0,0.0,tie,tie
SUPPORTIVE_POST_PRIMARY_READ_ONLY,misp2022,pooled,learned,cap224_fallback_guard_minus_cap224_fallback,residual_guard_after_fallback,R02_S055056_C09_I1,cap224_fallback,cap224_fallback_guard,control_cap224_fallback_cfg_low_packet_gated,control_cap224_fallback_guarded_cfg_low_packet_gated,False,604,7708,7064,4700,2404,1760,8864,1.1499740529320186,0.0783601453035807,0.0855039637599094,591,7708,6592,4393,2724,1608,8725,1.1319408406850027,0.07667358588479502,0.08965412621359223,591,7708,6592,4393,2724,1608,8725,1.1319408406850027,0.07667358588479502,0.08965412621359223,-13,-13,-0.001686559418785677,-0.001686559418785677,0.004150162453682826,0.004150162453682826,worsened,worsened
SUPPORTIVE_POST_PRIMARY_READ_ONLY,misp2022,pooled,learned,cap224_fallback_guard_minus_cap224_fallback,residual_guard_after_fallback,R11_S189190191192_C10_I2,cap224_fallback,cap224_fallback_guard,control_cap224_fallback_cfg_low_packet_gated,control_cap224_fallback_guarded_cfg_low_packet_gated,False,528,6990,3060,2523,3939,9,6471,0.9257510729613734,0.07553648068669527,0.17254901960784313,534,6990,2878,2335,4121,9,6465,0.924892703862661,0.07639484978540773,0.18554551772063932,534,6990,2878,2335,4121,9,6465,0.924892703862661,0.07639484978540773,0.18554551772063932,6,6,0.0008583690987124526,0.0008583690987124526,0.012996498112796184,0.012996498112796184,improved,improved
SUPPORTIVE_POST_PRIMARY_READ_ONLY,misp2022,pooled,learned,cap224_fallback_guard_minus_cap224_fallback,residual_guard_after_fallback,R14_S223224_C02_I2,cap224_fallback,cap224_fallback_guard,control_cap224_fallback_cfg_low_packet_gated,control_cap224_fallback_guarded_cfg_low_packet_gated,False,315,2167,1904,900,952,689,2541,1.1725888324873097,0.14536225196123673,0.16544117647058823,315,2167,1904,900,952,689,2541,1.1725888324873097,0.14536225196123673,0.16544117647058823,315,2167,1904,900,952,689,2541,1.1725888324873097,0.14536225196123673,0.16544117647058823,0,0,0.0,0.0,0.0,0.0,tie,tie
SUPPORTIVE_POST_PRIMARY_READ_ONLY,misp2022,pooled,learned,cap224_fallback_guard_minus_cap224_fallback,residual_guard_after_fallback,R15_S230231232_C09_I1,cap224_fallback,cap224_fallback_guard,control_cap224_fallback_cfg_low_packet_gated,control_cap224_fallback_guarded_cfg_low_packet_gated,False,788,4984,3547,1424,2772,1335,5531,1.1097512038523274,0.1581059390048154,0.2221595714688469,788,4984,3547,1424,2772,1335,5531,1.1097512038523274,0.1581059390048154,0.2221595714688469,788,4984,3547,1424,2772,1335,5531,1.1097512038523274,0.1581059390048154,0.2221595714688469,0,0,0.0,0.0,0.0,0.0,tie,tie
SUPPORTIVE_POST_PRIMARY_READ_ONLY,misp2022,pooled,learned,cap224_fallback_guard_minus_cap224_fallback,residual_guard_after_fallback,R52_S280281282_C03_I0,cap224_fallback,cap224_fallback_guard,control_cap224_fallback_cfg_low_packet_gated,control_cap224_fallback_guarded_cfg_low_packet_gated,False,2737,7811,7706,3262,1812,1707,6781,0.868134681858917,0.3504032774292664,0.3551777835452894,2723,7811,7651,3275,1813,1653,6741,0.863013698630137,0.34861093329919346,0.3559011893870082,2723,7811,7651,3275,1813,1653,6741,0.863013698630137,0.34861093329919346,0.3559011893870082,-14,-14,-0.0017923441300729537,-0.0017923441300729537,0.0007234058417188161,0.0007234058417188161,worsened,worsened
SUPPORTIVE_POST_PRIMARY_READ_ONLY,misp2022,pooled,learned,cap224_fallback_guard_minus_cap224_fallback,residual_guard_after_fallback,R61_S357358359_C07_I0,cap224_fallback,cap224_fallback_guard,control_cap224_fallback_cfg_low_packet_gated,control_cap224_fallback_guarded_cfg_low_packet_gated,False,2595,5904,5839,1613,1696,1631,4940,0.8367208672086721,0.43953252032520324,0.4444254153108409,2595,5904,5839,1613,1696,1631,4940,0.8367208672086721,0.43953252032520324,0.4444254153108409,2595,5904,5839,1613,1696,1631,4940,0.8367208672086721,0.43953252032520324,0.4444254153108409,0,0,0.0,0.0,0.0,0.0,tie,tie
SUPPORTIVE_POST_PRIMARY_READ_ONLY,misp2022,pooled,learned,cap224_fallback_guard_minus_cap224_fallback,residual_guard_after_fallback,R69_S405406_C07_I1,cap224_fallback,cap224_fallback_guard,control_cap224_fallback_cfg_low_packet_gated,control_cap224_fallback_guarded_cfg_low_packet_gated,False,2194,4317,3778,1126,997,458,2581,0.5978688904331712,0.5082233032198286,0.5807305452620434,2194,4317,3778,1126,997,458,2581,0.5978688904331712,0.5082233032198286,0.5807305452620434,2194,4317,3778,1126,997,458,2581,0.5978688904331712,0.5082233032198286,0.5807305452620434,0,0,0.0,0.0,0.0,0.0,tie,tie
SUPPORTIVE_POST_PRIMARY_READ_ONLY,misp2022,pooled,learned,cap224_fallback_guard_minus_raw448,full_control_stack,R01_S016017_C02_I1,raw448,cap224_fallback_guard,raw_cfg_low_packet_gated,control_cap224_fallback_guarded_cfg_low_packet_gated,False,1337,6710,22676,5153,220,16186,21559,3.2129657228017883,0.1992548435171386,0.058961016052213794,1533,6710,7235,2649,2528,3053,8230,1.226527570789866,0.22846497764530552,0.21188666205943332,1533,6710,7235,2649,2528,3053,8230,1.226527570789866,0.22846497764530552,0.21188666205943332,196,196,0.02921013412816692,0.02921013412816692,0.15292564600721953,0.15292564600721953,improved,improved
SUPPORTIVE_POST_PRIMARY_READ_ONLY,misp2022,pooled,learned,cap224_fallback_guard_minus_raw448,full_control_stack,R02_S055056_C09_I1,raw448,cap224_fallback_guard,raw_cfg_low_packet_gated,control_cap224_fallback_guarded_cfg_low_packet_gated,True,1110,7708,28924,6534,64,21280,27878,3.6167618059159317,0.14400622729631551,0.038376434794634214,591,7708,6592,4393,2724,1608,8725,1.1319408406850027,0.07667358588479502,0.08965412621359223,640,7708,6592,4097,2971,1855,8923,1.1576284379865076,0.08303061754021795,0.0970873786407767,-519,-470,-0.0673326414115205,-0.06097560975609756,0.051277691418958014,0.058710943846142484,worsened,worsened
SUPPORTIVE_POST_PRIMARY_READ_ONLY,misp2022,pooled,learned,cap224_fallback_guard_minus_raw448,full_control_stack,R11_S189190191192_C10_I2,raw448,cap224_fallback_guard,raw_cfg_low_packet_gated,control_cap224_fallback_guarded_cfg_low_packet_gated,False,782,6990,19104,6198,10,12124,18332,2.622603719599428,0.11187410586552217,0.04093383584589615,534,6990,2878,2335,4121,9,6465,0.924892703862661,0.07639484978540773,0.18554551772063932,534,6990,2878,2335,4121,9,6465,0.924892703862661,0.07639484978540773,0.18554551772063932,-248,-248,-0.035479256080114444,-0.035479256080114444,0.14461168187474316,0.14461168187474316,worsened,worsened
SUPPORTIVE_POST_PRIMARY_READ_ONLY,misp2022,pooled,learned,cap224_fallback_guard_minus_raw448,full_control_stack,R14_S223224_C02_I2,raw448,cap224_fallback_guard,raw_cfg_low_packet_gated,control_cap224_fallback_guarded_cfg_low_packet_gated,True,297,2167,8579,1858,12,6424,8294,3.8274111675126905,0.13705583756345177,0.034619419512763726,315,2167,1904,900,952,689,2541,1.1725888324873097,0.14536225196123673,0.16544117647058823,238,2167,1904,899,1030,767,2696,1.244116289801569,0.10982925703737886,0.125,18,-59,0.008306414397784956,-0.027226580526072908,0.1308217569578245,0.09038058048723627,improved,worsened
SUPPORTIVE_POST_PRIMARY_READ_ONLY,misp2022,pooled,learned,cap224_fallback_guard_minus_raw448,full_control_stack,R15_S230231232_C09_I1,raw448,cap224_fallback_guard,raw_cfg_low_packet_gated,control_cap224_fallback_guarded_cfg_low_packet_gated,True,317,4984,8712,4563,104,3832,8499,1.7052568218298556,0.06360353130016051,0.036386593204775025,788,4984,3547,1424,2772,1335,5531,1.1097512038523274,0.1581059390048154,0.2221595714688469,475,4984,3547,1769,2740,1303,5812,1.166131621187801,0.09530497592295345,0.1339159853397237,471,158,0.09450240770465489,0.03170144462279294,0.18577297826407188,0.09752939213494868,improved,improved
SUPPORTIVE_POST_PRIMARY_READ_ONLY,misp2022,pooled,learned,cap224_fallback_guard_minus_raw448,full_control_stack,R52_S280281282_C03_I0,raw448,cap224_fallback_guard,raw_cfg_low_packet_gated,control_cap224_fallback_guarded_cfg_low_packet_gated,False,2346,7811,16985,4814,651,9825,15290,1.9574958392011266,0.30034566636794263,0.13812187224021194,2723,7811,7651,3275,1813,1653,6741,0.863013698630137,0.34861093329919346,0.3559011893870082,2723,7811,7651,3275,1813,1653,6741,0.863013698630137,0.34861093329919346,0.3559011893870082,377,377,0.04826526693125083,0.04826526693125083,0.21777931714679627,0.21777931714679627,improved,improved
SUPPORTIVE_POST_PRIMARY_READ_ONLY,misp2022,pooled,learned,cap224_fallback_guard_minus_raw448,full_control_stack,R61_S357358359_C07_I0,raw448,cap224_fallback_guard,raw_cfg_low_packet_gated,control_cap224_fallback_guarded_cfg_low_packet_gated,True,2291,5904,14068,2829,784,8948,12561,2.127540650406504,0.3880420054200542,0.16285186238271254,2595,5904,5839,1613,1696,1631,4940,0.8367208672086721,0.43953252032520324,0.4444254153108409,2543,5904,5839,1618,1743,1678,5039,0.8534891598915989,0.4307249322493225,0.43551978078438086,304,252,0.051490514905149054,0.04268292682926833,0.28157355292812836,0.2726679184016683,improved,improved
SUPPORTIVE_POST_PRIMARY_READ_ONLY,misp2022,pooled,learned,cap224_fallback_guard_minus_raw448,full_control_stack,R69_S405406_C07_I1,raw448,cap224_fallback_guard,raw_cfg_low_packet_gated,control_cap224_fallback_guarded_cfg_low_packet_gated,False,2126,4317,6375,1406,785,2843,5034,1.1660875608061154,0.492471623812833,0.3334901960784314,2194,4317,3778,1126,997,458,2581,0.5978688904331712,0.5082233032198286,0.5807305452620434,2194,4317,3778,1126,997,458,2581,0.5978688904331712,0.5082233032198286,0.5807305452620434,68,68,0.015751679406995567,0.015751679406995567,0.24724034918361198,0.24724034918361198,improved,improved
SUPPORTIVE_POST_PRIMARY_READ_ONLY,misp2022,pooled,learned,cap224_compression_abstention_minus_raw448,deletion_anchor_not_recommended_policy,R01_S016017_C02_I1,raw448,cap224_compression_abstention,raw_cfg_low_packet_gated,control_cap224_cr24_abstain_cfg_low_packet_gated,False,1337,6710,22676,5153,220,16186,21559,3.2129657228017883,0.1992548435171386,0.058961016052213794,1380,6710,5588,1938,3392,2270,7600,1.1326378539493294,0.20566318926974664,0.24695776664280603,1380,6710,5588,1938,3392,2270,7600,1.1326378539493294,0.20566318926974664,0.24695776664280603,43,43,0.006408345752608041,0.006408345752608041,0.18799675059059223,0.18799675059059223,improved,improved
SUPPORTIVE_POST_PRIMARY_READ_ONLY,misp2022,pooled,learned,cap224_compression_abstention_minus_raw448,deletion_anchor_not_recommended_policy,R02_S055056_C09_I1,raw448,cap224_compression_abstention,raw_cfg_low_packet_gated,control_cap224_cr24_abstain_cfg_low_packet_gated,True,1110,7708,28924,6534,64,21280,27878,3.6167618059159317,0.14400622729631551,0.038376434794634214,643,7708,3641,2119,4946,879,7944,1.0306175402179554,0.08341982355993773,0.1765998352101071,618,7708,3641,2141,4949,882,7972,1.03425012973534,0.08017644006227297,0.1697335896731667,-467,-492,-0.06058640373637779,-0.06382978723404255,0.1382234004154729,0.1313571548785325,worsened,worsened
SUPPORTIVE_POST_PRIMARY_READ_ONLY,misp2022,pooled,learned,cap224_compression_abstention_minus_raw448,deletion_anchor_not_recommended_policy,R11_S189190191192_C10_I2,raw448,cap224_compression_abstention,raw_cfg_low_packet_gated,control_cap224_cr24_abstain_cfg_low_packet_gated,False,782,6990,19104,6198,10,12124,18332,2.622603719599428,0.11187410586552217,0.04093383584589615,492,6990,1678,1183,5315,3,6501,0.9300429184549356,0.0703862660944206,0.2932061978545888,492,6990,1678,1183,5315,3,6501,0.9300429184549356,0.0703862660944206,0.2932061978545888,-290,-290,-0.04148783977110157,-0.04148783977110157,0.25227236200869263,0.25227236200869263,worsened,worsened
SUPPORTIVE_POST_PRIMARY_READ_ONLY,misp2022,pooled,learned,cap224_compression_abstention_minus_raw448,deletion_anchor_not_recommended_policy,R14_S223224_C02_I2,raw448,cap224_compression_abstention,raw_cfg_low_packet_gated,control_cap224_cr24_abstain_cfg_low_packet_gated,True,297,2167,8579,1858,12,6424,8294,3.8274111675126905,0.13705583756345177,0.034619419512763726,320,2167,1543,795,1052,428,2275,1.0498384863867098,0.14766958929395477,0.20738820479585224,239,2167,1543,645,1283,659,2587,1.1938163359483156,0.11029072450392248,0.15489306545690215,23,-58,0.010613751730502996,-0.02676511305952929,0.1727687852830885,0.12027364594413842,improved,worsened
SUPPORTIVE_POST_PRIMARY_READ_ONLY,misp2022,pooled,learned,cap224_compression_abstention_minus_raw448,deletion_anchor_not_recommended_policy,R15_S230231232_C09_I1,raw448,cap224_compression_abstention,raw_cfg_low_packet_gated,control_cap224_cr24_abstain_cfg_low_packet_gated,True,317,4984,8712,4563,104,3832,8499,1.7052568218298556,0.06360353130016051,0.036386593204775025,721,4984,2874,1005,3258,1148,5411,1.0856741573033708,0.1446629213483146,0.2508698677800974,460,4984,2874,1285,3239,1129,5653,1.1342295345104334,0.09229534510433386,0.16005567153792624,404,143,0.08105939004815409,0.02869181380417335,0.21448327457532237,0.12366907833315122,improved,improved
SUPPORTIVE_POST_PRIMARY_READ_ONLY,misp2022,pooled,learned,cap224_compression_abstention_minus_raw448,deletion_anchor_not_recommended_policy,R52_S280281282_C03_I0,raw448,cap224_compression_abstention,raw_cfg_low_packet_gated,control_cap224_cr24_abstain_cfg_low_packet_gated,False,2346,7811,16985,4814,651,9825,15290,1.9574958392011266,0.30034566636794263,0.13812187224021194,2518,7811,6207,2617,2676,1072,6365,0.8148764562796057,0.3223658942516963,0.4056710165941679,2518,7811,6207,2617,2676,1072,6365,0.8148764562796057,0.3223658942516963,0.4056710165941679,172,172,0.022020227883753685,0.022020227883753685,0.26754914435395594,0.26754914435395594,improved,improved
SUPPORTIVE_POST_PRIMARY_READ_ONLY,misp2022,pooled,learned,cap224_compression_abstention_minus_raw448,deletion_anchor_not_recommended_policy,R61_S357358359_C07_I0,raw448,cap224_compression_abstention,raw_cfg_low_packet_gated,control_cap224_cr24_abstain_cfg_low_packet_gated,True,2291,5904,14068,2829,784,8948,12561,2.127540650406504,0.3880420054200542,0.16285186238271254,2302,5904,4921,1507,2095,1112,4714,0.7984417344173442,0.38990514905149054,0.46779109937004676,2280,5904,4921,1368,2256,1273,4897,0.8294376693766937,0.3861788617886179,0.46332046332046334,11,-11,0.0018631436314363592,-0.0018631436314363037,0.3049392369873342,0.3004686009377508,improved,worsened
SUPPORTIVE_POST_PRIMARY_READ_ONLY,misp2022,pooled,learned,cap224_compression_abstention_minus_raw448,deletion_anchor_not_recommended_policy,R69_S405406_C07_I1,raw448,cap224_compression_abstention,raw_cfg_low_packet_gated,control_cap224_cr24_abstain_cfg_low_packet_gated,False,2126,4317,6375,1406,785,2843,5034,1.1660875608061154,0.492471623812833,0.3334901960784314,2134,4317,3522,991,1192,397,2580,0.5976372480889507,0.4943247625665972,0.6059057353776264,2134,4317,3522,991,1192,397,2580,0.5976372480889507,0.4943247625665972,0.6059057353776264,8,8,0.0018531387537641941,0.0018531387537641941,0.272415539299195,0.272415539299195,improved,improved
SUPPORTIVE_POST_PRIMARY_READ_ONLY,misp2022,pooled,public,guard448_minus_raw448,original_decode_guard_effect,R01_S016017_C02_I1,raw448,guard448,raw_public_sortformer_v2_low_packet_gated,guarded_public_sortformer_v2_low_packet_gated,False,1306,6710,18095,5274,130,11515,16919,2.521460506706408,0.1946348733233979,0.07217463387676154,1178,6710,7501,3366,2166,2957,8489,1.2651266766020863,0.17555886736214604,0.15704572723636848,1178,6710,7501,3366,2166,2957,8489,1.2651266766020863,0.17555886736214604,0.15704572723636848,-128,-128,-0.019076005961251863,-0.019076005961251863,0.08487109335960694,0.08487109335960694,worsened,worsened
SUPPORTIVE_POST_PRIMARY_READ_ONLY,misp2022,pooled,public,guard448_minus_raw448,original_decode_guard_effect,R02_S055056_C09_I1,raw448,guard448,raw_public_sortformer_v2_low_packet_gated,guarded_public_sortformer_v2_low_packet_gated,True,1159,7708,33834,6498,51,26177,32726,4.245718733783082,0.15036325895173847,0.034255482650588163,710,7708,6859,3823,3175,2326,9324,1.2096523092890503,0.0921120913336793,0.10351363172474122,766,7708,6859,3675,3267,2418,9360,1.2143227815256876,0.09937727036844836,0.1116780871847208,-449,-393,-0.058251167618059166,-0.05098598858329011,0.06925814907415306,0.07742260453413263,worsened,worsened
SUPPORTIVE_POST_PRIMARY_READ_ONLY,misp2022,pooled,public,guard448_minus_raw448,original_decode_guard_effect,R11_S189190191192_C10_I2,raw448,guard448,raw_public_sortformer_v2_low_packet_gated,guarded_public_sortformer_v2_low_packet_gated,False,775,6990,18439,6204,11,11460,17675,2.528612303290415,0.11087267525035766,0.04203047887629481,623,6990,3081,2449,3918,9,6376,0.9121602288984263,0.08912732474964234,0.20220707562479714,623,6990,3081,2449,3918,9,6376,0.9121602288984263,0.08912732474964234,0.20220707562479714,-152,-152,-0.021745350500715313,-0.021745350500715313,0.16017659674850232,0.16017659674850232,worsened,worsened
SUPPORTIVE_POST_PRIMARY_READ_ONLY,misp2022,pooled,public,guard448_minus_raw448,original_decode_guard_effect,R14_S223224_C02_I2,raw448,guard448,raw_public_sortformer_v2_low_packet_gated,guarded_public_sortformer_v2_low_packet_gated,False,284,2167,7155,1837,46,5034,6917,3.1919704660821413,0.13105676049838486,0.039692522711390635,328,2167,1802,951,888,523,2362,1.0899861559760038,0.15136132902630364,0.18201997780244172,328,2167,1802,951,888,523,2362,1.0899861559760038,0.15136132902630364,0.18201997780244172,44,44,0.020304568527918787,0.020304568527918787,0.1423274550910511,0.1423274550910511,improved,improved
SUPPORTIVE_POST_PRIMARY_READ_ONLY,misp2022,pooled,public,guard448_minus_raw448,original_decode_guard_effect,R15_S230231232_C09_I1,raw448,guard448,raw_public_sortformer_v2_low_packet_gated,guarded_public_sortformer_v2_low_packet_gated,False,528,4984,10043,4436,20,5079,9535,1.9131219903691814,0.10593900481540931,0.05257393209200438,700,4984,3795,1749,2535,1346,5630,1.1296147672552166,0.1404494382022472,0.1844532279314888,700,4984,3795,1749,2535,1346,5630,1.1296147672552166,0.1404494382022472,0.1844532279314888,172,172,0.03451043338683789,0.03451043338683789,0.13187929583948443,0.13187929583948443,improved,improved
SUPPORTIVE_POST_PRIMARY_READ_ONLY,misp2022,pooled,public,guard448_minus_raw448,original_decode_guard_effect,R52_S280281282_C03_I0,raw448,guard448,raw_public_sortformer_v2_low_packet_gated,guarded_public_sortformer_v2_low_packet_gated,False,2416,7811,14100,4727,668,6957,12352,1.5813596210472411,0.3093073870183075,0.17134751773049645,2843,7811,6213,2469,2499,901,5869,0.7513762642427346,0.36397388298553324,0.45758892644455174,2843,7811,6213,2469,2499,901,5869,0.7513762642427346,0.36397388298553324,0.45758892644455174,427,427,0.054666495967225726,0.054666495967225726,0.2862414087140553,0.2862414087140553,improved,improved
SUPPORTIVE_POST_PRIMARY_READ_ONLY,misp2022,pooled,public,guard448_minus_raw448,original_decode_guard_effect,R61_S357358359_C07_I0,raw448,guard448,raw_public_sortformer_v2_low_packet_gated,guarded_public_sortformer_v2_low_packet_gated,False,2407,5904,14921,2409,1088,10105,13602,2.303861788617886,0.407689701897019,0.1613162656658401,2614,5904,7599,1485,1805,3500,6790,1.1500677506775068,0.44275067750677505,0.3439926306092907,2614,5904,7599,1485,1805,3500,6790,1.1500677506775068,0.44275067750677505,0.3439926306092907,207,207,0.03506097560975607,0.03506097560975607,0.1826763649434506,0.1826763649434506,improved,improved
SUPPORTIVE_POST_PRIMARY_READ_ONLY,misp2022,pooled,public,guard448_minus_raw448,original_decode_guard_effect,R69_S405406_C07_I1,raw448,guard448,raw_public_sortformer_v2_low_packet_gated,guarded_public_sortformer_v2_low_packet_gated,False,2282,4317,6219,1267,768,2670,4705,1.0898772295575632,0.5286078295112346,0.3669400225116578,2311,4317,3853,1042,964,500,2506,0.580495714616632,0.5353254574936298,0.5997923695821438,2311,4317,3853,1042,964,500,2506,0.580495714616632,0.5353254574936298,0.5997923695821438,29,29,0.006717627982395169,0.006717627982395169,0.23285234707048597,0.23285234707048597,improved,improved
SUPPORTIVE_POST_PRIMARY_READ_ONLY,misp2022,pooled,public,cap224_minus_raw448,decoder_cap_stage,R01_S016017_C02_I1,raw448,cap224,raw_public_sortformer_v2_low_packet_gated,control_cap224_public_sortformer_v2_low_packet_gated,False,1306,6710,18095,5274,130,11515,16919,2.521460506706408,0.1946348733233979,0.07217463387676154,1166,6710,12348,5308,236,5874,11418,1.701639344262295,0.1737704918032787,0.09442824748947198,1166,6710,12348,5308,236,5874,11418,1.701639344262295,0.1737704918032787,0.09442824748947198,-140,-140,-0.020864381520119213,-0.020864381520119213,0.022253613612710443,0.022253613612710443,worsened,worsened
SUPPORTIVE_POST_PRIMARY_READ_ONLY,misp2022,pooled,public,cap224_minus_raw448,decoder_cap_stage,R02_S055056_C09_I1,raw448,cap224,raw_public_sortformer_v2_low_packet_gated,control_cap224_public_sortformer_v2_low_packet_gated,False,1159,7708,33834,6498,51,26177,32726,4.245718733783082,0.15036325895173847,0.034255482650588163,960,7708,18703,6698,50,11045,17793,2.308380902957966,0.12454592631032693,0.05132866385071914,960,7708,18703,6698,50,11045,17793,2.308380902957966,0.12454592631032693,0.05132866385071914,-199,-199,-0.025817332641411533,-0.025817332641411533,0.017073181200130974,0.017073181200130974,worsened,worsened
SUPPORTIVE_POST_PRIMARY_READ_ONLY,misp2022,pooled,public,cap224_minus_raw448,decoder_cap_stage,R11_S189190191192_C10_I2,raw448,cap224,raw_public_sortformer_v2_low_packet_gated,control_cap224_public_sortformer_v2_low_packet_gated,False,775,6990,18439,6204,11,11460,17675,2.528612303290415,0.11087267525035766,0.04203047887629481,600,6990,10003,6378,12,3025,9415,1.3469241773962803,0.08583690987124463,0.059982005398380486,600,6990,10003,6378,12,3025,9415,1.3469241773962803,0.08583690987124463,0.059982005398380486,-175,-175,-0.02503576537911302,-0.02503576537911302,0.017951526522085676,0.017951526522085676,worsened,worsened
SUPPORTIVE_POST_PRIMARY_READ_ONLY,misp2022,pooled,public,cap224_minus_raw448,decoder_cap_stage,R14_S223224_C02_I2,raw448,cap224,raw_public_sortformer_v2_low_packet_gated,control_cap224_public_sortformer_v2_low_packet_gated,False,284,2167,7155,1837,46,5034,6917,3.1919704660821413,0.13105676049838486,0.039692522711390635,245,2167,4268,1876,46,2147,4069,1.8777111213659436,0.11305952930318412,0.05740393626991565,245,2167,4268,1876,46,2147,4069,1.8777111213659436,0.11305952930318412,0.05740393626991565,-39,-39,-0.017997231195200733,-0.017997231195200733,0.017711413558525013,0.017711413558525013,worsened,worsened
SUPPORTIVE_POST_PRIMARY_READ_ONLY,misp2022,pooled,public,cap224_minus_raw448,decoder_cap_stage,R15_S230231232_C09_I1,raw448,cap224,raw_public_sortformer_v2_low_packet_gated,control_cap224_public_sortformer_v2_low_packet_gated,True,528,4984,10043,4436,20,5079,9535,1.9131219903691814,0.10593900481540931,0.05257393209200438,297,4984,6423,4578,109,1548,6235,1.2510032102728732,0.05959069020866774,0.04624007473143391,508,4984,6423,3982,494,1933,6409,1.2859149277688604,0.10192616372391654,0.07909076755410245,-231,-20,-0.046348314606741575,-0.004012841091492775,-0.006333857360570468,0.02651683546209807,worsened,worsened
SUPPORTIVE_POST_PRIMARY_READ_ONLY,misp2022,pooled,public,cap224_minus_raw448,decoder_cap_stage,R52_S280281282_C03_I0,raw448,cap224,raw_public_sortformer_v2_low_packet_gated,control_cap224_public_sortformer_v2_low_packet_gated,False,2416,7811,14100,4727,668,6957,12352,1.5813596210472411,0.3093073870183075,0.17134751773049645,2670,7811,9860,4080,1061,3110,8251,1.0563308155165791,0.34182563052106,0.27079107505070993,2670,7811,9860,4080,1061,3110,8251,1.0563308155165791,0.34182563052106,0.27079107505070993,254,254,0.03251824350275251,0.03251824350275251,0.09944355732021348,0.09944355732021348,improved,improved
SUPPORTIVE_POST_PRIMARY_READ_ONLY,misp2022,pooled,public,cap224_minus_raw448,decoder_cap_stage,R61_S357358359_C07_I0,raw448,cap224,raw_public_sortformer_v2_low_packet_gated,control_cap224_public_sortformer_v2_low_packet_gated,False,2407,5904,14921,2409,1088,10105,13602,2.303861788617886,0.407689701897019,0.1613162656658401,2556,5904,10497,1882,1466,6059,9407,1.5933265582655827,0.4329268292682927,0.24349814232637895,2556,5904,10497,1882,1466,6059,9407,1.5933265582655827,0.4329268292682927,0.24349814232637895,149,149,0.025237127371273704,0.025237127371273704,0.08218187666053886,0.08218187666053886,improved,improved
SUPPORTIVE_POST_PRIMARY_READ_ONLY,misp2022,pooled,public,cap224_minus_raw448,decoder_cap_stage,R69_S405406_C07_I1,raw448,cap224,raw_public_sortformer_v2_low_packet_gated,control_cap224_public_sortformer_v2_low_packet_gated,False,2282,4317,6219,1267,768,2670,4705,1.0898772295575632,0.5286078295112346,0.3669400225116578,2316,4317,5009,1198,803,1495,3496,0.8098216353949502,0.5364836692147325,0.46236773807147136,2316,4317,5009,1198,803,1495,3496,0.8098216353949502,0.5364836692147325,0.46236773807147136,34,34,0.007875839703497811,0.007875839703497811,0.09542771555981355,0.09542771555981355,improved,improved
SUPPORTIVE_POST_PRIMARY_READ_ONLY,misp2022,pooled,public,cap224_guard_minus_cap224,guard_after_cap,R01_S016017_C02_I1,cap224,cap224_guard,control_cap224_public_sortformer_v2_low_packet_gated,control_cap224_guarded_public_sortformer_v2_low_packet_gated,False,1166,6710,12348,5308,236,5874,11418,1.701639344262295,0.1737704918032787,0.09442824748947198,1183,6710,7460,3331,2196,2946,8473,1.26274217585693,0.17630402384500746,0.15857908847184987,1183,6710,7460,3331,2196,2946,8473,1.26274217585693,0.17630402384500746,0.15857908847184987,17,17,0.0025335320417287643,0.0025335320417287643,0.06415084098237789,0.06415084098237789,improved,improved
SUPPORTIVE_POST_PRIMARY_READ_ONLY,misp2022,pooled,public,cap224_guard_minus_cap224,guard_after_cap,R02_S055056_C09_I1,cap224,cap224_guard,control_cap224_public_sortformer_v2_low_packet_gated,control_cap224_guarded_public_sortformer_v2_low_packet_gated,True,960,7708,18703,6698,50,11045,17793,2.308380902957966,0.12454592631032693,0.05132866385071914,909,7708,6173,2924,3875,2340,9139,1.185651271406331,0.11792942397509082,0.14725417139154381,782,7708,6173,3152,3774,2239,9165,1.1890243902439024,0.10145303580695382,0.12668070630163616,-51,-178,-0.006616502335236113,-0.023092890503373112,0.09592550754082468,0.07535204245091703,worsened,worsened
SUPPORTIVE_POST_PRIMARY_READ_ONLY,misp2022,pooled,public,cap224_guard_minus_cap224,guard_after_cap,R11_S189190191192_C10_I2,cap224,cap224_guard,control_cap224_public_sortformer_v2_low_packet_gated,control_cap224_guarded_public_sortformer_v2_low_packet_gated,False,600,6990,10003,6378,12,3025,9415,1.3469241773962803,0.08583690987124463,0.059982005398380486,648,6990,2767,2111,4231,8,6350,0.9084406294706724,0.0927038626609442,0.23418865196964223,648,6990,2767,2111,4231,8,6350,0.9084406294706724,0.0927038626609442,0.23418865196964223,48,48,0.006866952789699565,0.006866952789699565,0.17420664657126173,0.17420664657126173,improved,improved
SUPPORTIVE_POST_PRIMARY_READ_ONLY,misp2022,pooled,public,cap224_guard_minus_cap224,guard_after_cap,R14_S223224_C02_I2,cap224,cap224_guard,control_cap224_public_sortformer_v2_low_packet_gated,control_cap224_guarded_public_sortformer_v2_low_packet_gated,False,245,2167,4268,1876,46,2147,4069,1.8777111213659436,0.11305952930318412,0.05740393626991565,330,2167,1756,898,939,528,2365,1.0913705583756346,0.15228426395939088,0.18792710706150342,330,2167,1756,898,939,528,2365,1.0913705583756346,0.15228426395939088,0.18792710706150342,85,85,0.03922473465620675,0.03922473465620675,0.13052317079158776,0.13052317079158776,improved,improved
SUPPORTIVE_POST_PRIMARY_READ_ONLY,misp2022,pooled,public,cap224_guard_minus_cap224,guard_after_cap,R15_S230231232_C09_I1,cap224,cap224_guard,control_cap224_public_sortformer_v2_low_packet_gated,control_cap224_guarded_public_sortformer_v2_low_packet_gated,True,297,4984,6423,4578,109,1548,6235,1.2510032102728732,0.05959069020866774,0.04624007473143391,700,4984,3705,1699,2585,1306,5590,1.1215890850722312,0.1404494382022472,0.18893387314439947,556,4984,3705,1876,2552,1273,5701,1.143860353130016,0.1115569823434992,0.15006747638326587,403,259,0.08085874799357946,0.05196629213483146,0.14269379841296556,0.10382740165183196,improved,improved
SUPPORTIVE_POST_PRIMARY_READ_ONLY,misp2022,pooled,public,cap224_guard_minus_cap224,guard_after_cap,R52_S280281282_C03_I0,cap224,cap224_guard,control_cap224_public_sortformer_v2_low_packet_gated,control_cap224_guarded_public_sortformer_v2_low_packet_gated,False,2670,7811,9860,4080,1061,3110,8251,1.0563308155165791,0.34182563052106,0.27079107505070993,2843,7811,6213,2468,2500,902,5870,0.7515042888234541,0.36397388298553324,0.45758892644455174,2843,7811,6213,2468,2500,902,5870,0.7515042888234541,0.36397388298553324,0.45758892644455174,173,173,0.022148252464473217,0.022148252464473217,0.1867978513938418,0.1867978513938418,improved,improved
SUPPORTIVE_POST_PRIMARY_READ_ONLY,misp2022,pooled,public,cap224_guard_minus_cap224,guard_after_cap,R61_S357358359_C07_I0,cap224,cap224_guard,control_cap224_public_sortformer_v2_low_packet_gated,control_cap224_guarded_public_sortformer_v2_low_packet_gated,False,2556,5904,10497,1882,1466,6059,9407,1.5933265582655827,0.4329268292682927,0.24349814232637895,2607,5904,7139,1492,1805,3040,6337,1.073340108401084,0.4415650406504065,0.36517719568567025,2607,5904,7139,1492,1805,3040,6337,1.073340108401084,0.4415650406504065,0.36517719568567025,51,51,0.008638211382113847,0.008638211382113847,0.1216790533592913,0.1216790533592913,improved,improved
SUPPORTIVE_POST_PRIMARY_READ_ONLY,misp2022,pooled,public,cap224_guard_minus_cap224,guard_after_cap,R69_S405406_C07_I1,cap224,cap224_guard,control_cap224_public_sortformer_v2_low_packet_gated,control_cap224_guarded_public_sortformer_v2_low_packet_gated,False,2316,4317,5009,1198,803,1495,3496,0.8098216353949502,0.5364836692147325,0.46236773807147136,2311,4317,3853,1042,964,500,2506,0.580495714616632,0.5353254574936298,0.5997923695821438,2311,4317,3853,1042,964,500,2506,0.580495714616632,0.5353254574936298,0.5997923695821438,-5,-5,-0.0011582117211026421,-0.0011582117211026421,0.1374246315106724,0.1374246315106724,worsened,worsened
SUPPORTIVE_POST_PRIMARY_READ_ONLY,misp2022,pooled,public,cap224_fallback_minus_cap224,fallback_stage,R01_S016017_C02_I1,cap224,cap224_fallback,control_cap224_public_sortformer_v2_low_packet_gated,control_cap224_fallback_public_sortformer_v2_low_packet_gated,False,1166,6710,12348,5308,236,5874,11418,1.701639344262295,0.1737704918032787,0.09442824748947198,1422,6710,7713,3227,2061,3064,8352,1.244709388971684,0.21192250372578242,0.18436406067677946,1422,6710,7713,3227,2061,3064,8352,1.244709388971684,0.21192250372578242,0.18436406067677946,256,256,0.038152011922503726,0.038152011922503726,0.08993581318730748,0.08993581318730748,improved,improved
SUPPORTIVE_POST_PRIMARY_READ_ONLY,misp2022,pooled,public,cap224_fallback_minus_cap224,fallback_stage,R02_S055056_C09_I1,cap224,cap224_fallback,control_cap224_public_sortformer_v2_low_packet_gated,control_cap224_fallback_public_sortformer_v2_low_packet_gated,True,960,7708,18703,6698,50,11045,17793,2.308380902957966,0.12454592631032693,0.05132866385071914,644,7708,6456,3706,3358,2106,9170,1.1896730669434354,0.08354955889984432,0.09975216852540272,549,7708,6456,3813,3346,2094,9253,1.2004411001556825,0.07122470160871822,0.08503717472118959,-316,-411,-0.04099636741048261,-0.053321224701608716,0.048423504674683586,0.03370851087047045,worsened,worsened
SUPPORTIVE_POST_PRIMARY_READ_ONLY,misp2022,pooled,public,cap224_fallback_minus_cap224,fallback_stage,R11_S189190191192_C10_I2,cap224,cap224_fallback,control_cap224_public_sortformer_v2_low_packet_gated,control_cap224_fallback_public_sortformer_v2_low_packet_gated,False,600,6990,10003,6378,12,3025,9415,1.3469241773962803,0.08583690987124463,0.059982005398380486,548,6990,2665,2109,4333,8,6450,0.9227467811158798,0.07839771101573677,0.20562851782363978,548,6990,2665,2109,4333,8,6450,0.9227467811158798,0.07839771101573677,0.20562851782363978,-52,-52,-0.007439198855507867,-0.007439198855507867,0.14564651242525928,0.14564651242525928,worsened,worsened
SUPPORTIVE_POST_PRIMARY_READ_ONLY,misp2022,pooled,public,cap224_fallback_minus_cap224,fallback_stage,R14_S223224_C02_I2,cap224,cap224_fallback,control_cap224_public_sortformer_v2_low_packet_gated,control_cap224_fallback_public_sortformer_v2_low_packet_gated,False,245,2167,4268,1876,46,2147,4069,1.8777111213659436,0.11305952930318412,0.05740393626991565,332,2167,1999,971,864,696,2531,1.1679741578218736,0.15320719889247808,0.1660830415207604,332,2167,1999,971,864,696,2531,1.1679741578218736,0.15320719889247808,0.1660830415207604,87,87,0.04014766958929396,0.04014766958929396,0.10867910525084475,0.10867910525084475,improved,improved
SUPPORTIVE_POST_PRIMARY_READ_ONLY,misp2022,pooled,public,cap224_fallback_minus_cap224,fallback_stage,R15_S230231232_C09_I1,cap224,cap224_fallback,control_cap224_public_sortformer_v2_low_packet_gated,control_cap224_fallback_public_sortformer_v2_low_packet_gated,True,297,4984,6423,4578,109,1548,6235,1.2510032102728732,0.05959069020866774,0.04624007473143391,622,4984,3405,1741,2621,1042,5404,1.0842696629213484,0.12479935794542536,0.18267254038179148,466,4984,3405,1911,2607,1028,5546,1.112760834670947,0.0934991974317817,0.1368575624082232,325,169,0.06520866773675763,0.03390850722311396,0.13643246565035758,0.09061748767678929,improved,improved
SUPPORTIVE_POST_PRIMARY_READ_ONLY,misp2022,pooled,public,cap224_fallback_minus_cap224,fallback_stage,R52_S280281282_C03_I0,cap224,cap224_fallback,control_cap224_public_sortformer_v2_low_packet_gated,control_cap224_fallback_public_sortformer_v2_low_packet_gated,False,2670,7811,9860,4080,1061,3110,8251,1.0563308155165791,0.34182563052106,0.27079107505070993,2948,7811,6229,2404,2459,877,5740,0.7348610933299193,0.37741646396108053,0.4732701878311125,2948,7811,6229,2404,2459,877,5740,0.7348610933299193,0.37741646396108053,0.4732701878311125,278,278,0.03559083344002051,0.03559083344002051,0.2024791127804026,0.2024791127804026,improved,improved
SUPPORTIVE_POST_PRIMARY_READ_ONLY,misp2022,pooled,public,cap224_fallback_minus_cap224,fallback_stage,R61_S357358359_C07_I0,cap224,cap224_fallback,control_cap224_public_sortformer_v2_low_packet_gated,control_cap224_fallback_public_sortformer_v2_low_packet_gated,True,2556,5904,10497,1882,1466,6059,9407,1.5933265582655827,0.4329268292682927,0.24349814232637895,2659,5904,7249,1487,1758,3103,6348,1.0752032520325203,0.45037262872628725,0.36680921506414677,2642,5904,7249,1509,1753,3098,6360,1.0772357723577235,0.4474932249322493,0.3644640640088288,103,86,0.01744579945799457,0.014566395663956622,0.12331107273776781,0.12096592168244985,improved,improved
SUPPORTIVE_POST_PRIMARY_READ_ONLY,misp2022,pooled,public,cap224_fallback_minus_cap224,fallback_stage,R69_S405406_C07_I1,cap224,cap224_fallback,control_cap224_public_sortformer_v2_low_packet_gated,control_cap224_fallback_public_sortformer_v2_low_packet_gated,False,2316,4317,5009,1198,803,1495,3496,0.8098216353949502,0.5364836692147325,0.46236773807147136,2312,4317,3966,1005,1000,649,2654,0.6147787815612694,0.5355570998378504,0.5829551185073122,2312,4317,3966,1005,1000,649,2654,0.6147787815612694,0.5355570998378504,0.5829551185073122,-4,-4,-0.0009265693768820693,-0.0009265693768820693,0.12058738043584083,0.12058738043584083,worsened,worsened
SUPPORTIVE_POST_PRIMARY_READ_ONLY,misp2022,pooled,public,cap224_fallback_guard_minus_cap224_fallback,residual_guard_after_fallback,R01_S016017_C02_I1,cap224_fallback,cap224_fallback_guard,control_cap224_fallback_public_sortformer_v2_low_packet_gated,control_cap224_fallback_guarded_public_sortformer_v2_low_packet_gated,False,1422,6710,7713,3227,2061,3064,8352,1.244709388971684,0.21192250372578242,0.18436406067677946,1422,6710,7713,3227,2061,3064,8352,1.244709388971684,0.21192250372578242,0.18436406067677946,1422,6710,7713,3227,2061,3064,8352,1.244709388971684,0.21192250372578242,0.18436406067677946,0,0,0.0,0.0,0.0,0.0,tie,tie
SUPPORTIVE_POST_PRIMARY_READ_ONLY,misp2022,pooled,public,cap224_fallback_guard_minus_cap224_fallback,residual_guard_after_fallback,R02_S055056_C09_I1,cap224_fallback,cap224_fallback_guard,control_cap224_fallback_public_sortformer_v2_low_packet_gated,control_cap224_fallback_guarded_public_sortformer_v2_low_packet_gated,True,644,7708,6456,3706,3358,2106,9170,1.1896730669434354,0.08354955889984432,0.09975216852540272,752,7708,6253,3345,3611,2156,9112,1.1821484172288532,0.0975609756097561,0.12026227410842795,637,7708,6253,3564,3507,2052,9123,1.1835755059678257,0.08264141152049818,0.10187110187110188,108,-7,0.014011416709911781,-0.0009081473793461359,0.020510105583025226,0.0021189333456991533,improved,worsened
SUPPORTIVE_POST_PRIMARY_READ_ONLY,misp2022,pooled,public,cap224_fallback_guard_minus_cap224_fallback,residual_guard_after_fallback,R11_S189190191192_C10_I2,cap224_fallback,cap224_fallback_guard,control_cap224_fallback_public_sortformer_v2_low_packet_gated,control_cap224_fallback_guarded_public_sortformer_v2_low_packet_gated,False,548,6990,2665,2109,4333,8,6450,0.9227467811158798,0.07839771101573677,0.20562851782363978,548,6990,2665,2109,4333,8,6450,0.9227467811158798,0.07839771101573677,0.20562851782363978,548,6990,2665,2109,4333,8,6450,0.9227467811158798,0.07839771101573677,0.20562851782363978,0,0,0.0,0.0,0.0,0.0,tie,tie
SUPPORTIVE_POST_PRIMARY_READ_ONLY,misp2022,pooled,public,cap224_fallback_guard_minus_cap224_fallback,residual_guard_after_fallback,R14_S223224_C02_I2,cap224_fallback,cap224_fallback_guard,control_cap224_fallback_public_sortformer_v2_low_packet_gated,control_cap224_fallback_guarded_public_sortformer_v2_low_packet_gated,False,332,2167,1999,971,864,696,2531,1.1679741578218736,0.15320719889247808,0.1660830415207604,332,2167,1999,971,864,696,2531,1.1679741578218736,0.15320719889247808,0.1660830415207604,332,2167,1999,971,864,696,2531,1.1679741578218736,0.15320719889247808,0.1660830415207604,0,0,0.0,0.0,0.0,0.0,tie,tie
SUPPORTIVE_POST_PRIMARY_READ_ONLY,misp2022,pooled,public,cap224_fallback_guard_minus_cap224_fallback,residual_guard_after_fallback,R15_S230231232_C09_I1,cap224_fallback,cap224_fallback_guard,control_cap224_fallback_public_sortformer_v2_low_packet_gated,control_cap224_fallback_guarded_public_sortformer_v2_low_packet_gated,False,622,4984,3405,1741,2621,1042,5404,1.0842696629213484,0.12479935794542536,0.18267254038179148,622,4984,3405,1741,2621,1042,5404,1.0842696629213484,0.12479935794542536,0.18267254038179148,622,4984,3405,1741,2621,1042,5404,1.0842696629213484,0.12479935794542536,0.18267254038179148,0,0,0.0,0.0,0.0,0.0,tie,tie
SUPPORTIVE_POST_PRIMARY_READ_ONLY,misp2022,pooled,public,cap224_fallback_guard_minus_cap224_fallback,residual_guard_after_fallback,R52_S280281282_C03_I0,cap224_fallback,cap224_fallback_guard,control_cap224_fallback_public_sortformer_v2_low_packet_gated,control_cap224_fallback_guarded_public_sortformer_v2_low_packet_gated,False,2948,7811,6229,2404,2459,877,5740,0.7348610933299193,0.37741646396108053,0.4732701878311125,2948,7811,6229,2404,2459,877,5740,0.7348610933299193,0.37741646396108053,0.4732701878311125,2948,7811,6229,2404,2459,877,5740,0.7348610933299193,0.37741646396108053,0.4732701878311125,0,0,0.0,0.0,0.0,0.0,tie,tie
SUPPORTIVE_POST_PRIMARY_READ_ONLY,misp2022,pooled,public,cap224_fallback_guard_minus_cap224_fallback,residual_guard_after_fallback,R61_S357358359_C07_I0,cap224_fallback,cap224_fallback_guard,control_cap224_fallback_public_sortformer_v2_low_packet_gated,control_cap224_fallback_guarded_public_sortformer_v2_low_packet_gated,False,2659,5904,7249,1487,1758,3103,6348,1.0752032520325203,0.45037262872628725,0.36680921506414677,2659,5904,7249,1487,1758,3103,6348,1.0752032520325203,0.45037262872628725,0.36680921506414677,2659,5904,7249,1487,1758,3103,6348,1.0752032520325203,0.45037262872628725,0.36680921506414677,0,0,0.0,0.0,0.0,0.0,tie,tie
SUPPORTIVE_POST_PRIMARY_READ_ONLY,misp2022,pooled,public,cap224_fallback_guard_minus_cap224_fallback,residual_guard_after_fallback,R69_S405406_C07_I1,cap224_fallback,cap224_fallback_guard,control_cap224_fallback_public_sortformer_v2_low_packet_gated,control_cap224_fallback_guarded_public_sortformer_v2_low_packet_gated,False,2312,4317,3966,1005,1000,649,2654,0.6147787815612694,0.5355570998378504,0.5829551185073122,2312,4317,3966,1005,1000,649,2654,0.6147787815612694,0.5355570998378504,0.5829551185073122,2312,4317,3966,1005,1000,649,2654,0.6147787815612694,0.5355570998378504,0.5829551185073122,0,0,0.0,0.0,0.0,0.0,tie,tie
SUPPORTIVE_POST_PRIMARY_READ_ONLY,misp2022,pooled,public,cap224_fallback_guard_minus_raw448,full_control_stack,R01_S016017_C02_I1,raw448,cap224_fallback_guard,raw_public_sortformer_v2_low_packet_gated,control_cap224_fallback_guarded_public_sortformer_v2_low_packet_gated,False,1306,6710,18095,5274,130,11515,16919,2.521460506706408,0.1946348733233979,0.07217463387676154,1422,6710,7713,3227,2061,3064,8352,1.244709388971684,0.21192250372578242,0.18436406067677946,1422,6710,7713,3227,2061,3064,8352,1.244709388971684,0.21192250372578242,0.18436406067677946,116,116,0.017287630402384513,0.017287630402384513,0.11218942680001792,0.11218942680001792,improved,improved
SUPPORTIVE_POST_PRIMARY_READ_ONLY,misp2022,pooled,public,cap224_fallback_guard_minus_raw448,full_control_stack,R02_S055056_C09_I1,raw448,cap224_fallback_guard,raw_public_sortformer_v2_low_packet_gated,control_cap224_fallback_guarded_public_sortformer_v2_low_packet_gated,True,1159,7708,33834,6498,51,26177,32726,4.245718733783082,0.15036325895173847,0.034255482650588163,752,7708,6253,3345,3611,2156,9112,1.1821484172288532,0.0975609756097561,0.12026227410842795,543,7708,6253,3669,3496,2041,9206,1.1943435391800727,0.07044628956927868,0.08683831760754837,-407,-616,-0.052802283341982365,-0.07991696938245979,0.08600679145783979,0.05258283495696021,worsened,worsened
SUPPORTIVE_POST_PRIMARY_READ_ONLY,misp2022,pooled,public,cap224_fallback_guard_minus_raw448,full_control_stack,R11_S189190191192_C10_I2,raw448,cap224_fallback_guard,raw_public_sortformer_v2_low_packet_gated,control_cap224_fallback_guarded_public_sortformer_v2_low_packet_gated,False,775,6990,18439,6204,11,11460,17675,2.528612303290415,0.11087267525035766,0.04203047887629481,548,6990,2665,2109,4333,8,6450,0.9227467811158798,0.07839771101573677,0.20562851782363978,548,6990,2665,2109,4333,8,6450,0.9227467811158798,0.07839771101573677,0.20562851782363978,-227,-227,-0.03247496423462089,-0.03247496423462089,0.16359803894734498,0.16359803894734498,worsened,worsened
SUPPORTIVE_POST_PRIMARY_READ_ONLY,misp2022,pooled,public,cap224_fallback_guard_minus_raw448,full_control_stack,R14_S223224_C02_I2,raw448,cap224_fallback_guard,raw_public_sortformer_v2_low_packet_gated,control_cap224_fallback_guarded_public_sortformer_v2_low_packet_gated,False,284,2167,7155,1837,46,5034,6917,3.1919704660821413,0.13105676049838486,0.039692522711390635,332,2167,1999,971,864,696,2531,1.1679741578218736,0.15320719889247808,0.1660830415207604,332,2167,1999,971,864,696,2531,1.1679741578218736,0.15320719889247808,0.1660830415207604,48,48,0.022150438394093225,0.022150438394093225,0.12639051880936975,0.12639051880936975,improved,improved
SUPPORTIVE_POST_PRIMARY_READ_ONLY,misp2022,pooled,public,cap224_fallback_guard_minus_raw448,full_control_stack,R15_S230231232_C09_I1,raw448,cap224_fallback_guard,raw_public_sortformer_v2_low_packet_gated,control_cap224_fallback_guarded_public_sortformer_v2_low_packet_gated,False,528,4984,10043,4436,20,5079,9535,1.9131219903691814,0.10593900481540931,0.05257393209200438,622,4984,3405,1741,2621,1042,5404,1.0842696629213484,0.12479935794542536,0.18267254038179148,622,4984,3405,1741,2621,1042,5404,1.0842696629213484,0.12479935794542536,0.18267254038179148,94,94,0.01886035313001605,0.01886035313001605,0.1300986082897871,0.1300986082897871,improved,improved
SUPPORTIVE_POST_PRIMARY_READ_ONLY,misp2022,pooled,public,cap224_fallback_guard_minus_raw448,full_control_stack,R52_S280281282_C03_I0,raw448,cap224_fallback_guard,raw_public_sortformer_v2_low_packet_gated,control_cap224_fallback_guarded_public_sortformer_v2_low_packet_gated,False,2416,7811,14100,4727,668,6957,12352,1.5813596210472411,0.3093073870183075,0.17134751773049645,2948,7811,6229,2404,2459,877,5740,0.7348610933299193,0.37741646396108053,0.4732701878311125,2948,7811,6229,2404,2459,877,5740,0.7348610933299193,0.37741646396108053,0.4732701878311125,532,532,0.06810907694277302,0.06810907694277302,0.3019226701006161,0.3019226701006161,improved,improved
SUPPORTIVE_POST_PRIMARY_READ_ONLY,misp2022,pooled,public,cap224_fallback_guard_minus_raw448,full_control_stack,R61_S357358359_C07_I0,raw448,cap224_fallback_guard,raw_public_sortformer_v2_low_packet_gated,control_cap224_fallback_guarded_public_sortformer_v2_low_packet_gated,True,2407,5904,14921,2409,1088,10105,13602,2.303861788617886,0.407689701897019,0.1613162656658401,2659,5904,7249,1487,1758,3103,6348,1.0752032520325203,0.45037262872628725,0.36680921506414677,2642,5904,7249,1509,1753,3098,6360,1.0772357723577235,0.4474932249322493,0.3644640640088288,252,235,0.042682926829268275,0.039803523035230326,0.20549294939830667,0.2031477983429887,improved,improved
SUPPORTIVE_POST_PRIMARY_READ_ONLY,misp2022,pooled,public,cap224_fallback_guard_minus_raw448,full_control_stack,R69_S405406_C07_I1,raw448,cap224_fallback_guard,raw_public_sortformer_v2_low_packet_gated,control_cap224_fallback_guarded_public_sortformer_v2_low_packet_gated,False,2282,4317,6219,1267,768,2670,4705,1.0898772295575632,0.5286078295112346,0.3669400225116578,2312,4317,3966,1005,1000,649,2654,0.6147787815612694,0.5355570998378504,0.5829551185073122,2312,4317,3966,1005,1000,649,2654,0.6147787815612694,0.5355570998378504,0.5829551185073122,30,30,0.006949270326615742,0.006949270326615742,0.21601509599565438,0.21601509599565438,improved,improved
SUPPORTIVE_POST_PRIMARY_READ_ONLY,misp2022,pooled,public,cap224_compression_abstention_minus_raw448,deletion_anchor_not_recommended_policy,R01_S016017_C02_I1,raw448,cap224_compression_abstention,raw_public_sortformer_v2_low_packet_gated,control_cap224_cr24_abstain_public_sortformer_v2_low_packet_gated,False,1306,6710,18095,5274,130,11515,16919,2.521460506706408,0.1946348733233979,0.07217463387676154,1078,6710,6459,2863,2769,2518,8150,1.2146050670640836,0.16065573770491803,0.16689890075863137,1078,6710,6459,2863,2769,2518,8150,1.2146050670640836,0.16065573770491803,0.16689890075863137,-228,-228,-0.03397913561847987,-0.03397913561847987,0.09472426688186983,0.09472426688186983,worsened,worsened
SUPPORTIVE_POST_PRIMARY_READ_ONLY,misp2022,pooled,public,cap224_compression_abstention_minus_raw448,deletion_anchor_not_recommended_policy,R02_S055056_C09_I1,raw448,cap224_compression_abstention,raw_public_sortformer_v2_low_packet_gated,control_cap224_cr24_abstain_public_sortformer_v2_low_packet_gated,True,1159,7708,33834,6498,51,26177,32726,4.245718733783082,0.15036325895173847,0.034255482650588163,672,7708,3258,1484,5552,1102,8138,1.055786196159834,0.08718214841722885,0.20626151012891344,599,7708,3258,1555,5554,1104,8213,1.0655163466528281,0.07771146860404775,0.18385512584407612,-487,-560,-0.06318111053450962,-0.07265179034769072,0.17200602747832527,0.14959964319348795,worsened,worsened
SUPPORTIVE_POST_PRIMARY_READ_ONLY,misp2022,pooled,public,cap224_compression_abstention_minus_raw448,deletion_anchor_not_recommended_policy,R11_S189190191192_C10_I2,raw448,cap224_compression_abstention,raw_public_sortformer_v2_low_packet_gated,control_cap224_cr24_abstain_public_sortformer_v2_low_packet_gated,False,775,6990,18439,6204,11,11460,17675,2.528612303290415,0.11087267525035766,0.04203047887629481,472,6990,1312,836,5682,4,6522,0.9330472103004291,0.06752503576537912,0.3597560975609756,472,6990,1312,836,5682,4,6522,0.9330472103004291,0.06752503576537912,0.3597560975609756,-303,-303,-0.04334763948497854,-0.04334763948497854,0.3177256186846808,0.3177256186846808,worsened,worsened
SUPPORTIVE_POST_PRIMARY_READ_ONLY,misp2022,pooled,public,cap224_compression_abstention_minus_raw448,deletion_anchor_not_recommended_policy,R14_S223224_C02_I2,raw448,cap224_compression_abstention,raw_public_sortformer_v2_low_packet_gated,control_cap224_cr24_abstain_public_sortformer_v2_low_packet_gated,False,284,2167,7155,1837,46,5034,6917,3.1919704660821413,0.13105676049838486,0.039692522711390635,265,2167,1338,622,1280,451,2353,1.0858329487771112,0.1222888786340563,0.19805680119581465,265,2167,1338,622,1280,451,2353,1.0858329487771112,0.1222888786340563,0.19805680119581465,-19,-19,-0.008767881864328558,-0.008767881864328558,0.15836427848442403,0.15836427848442403,worsened,worsened
SUPPORTIVE_POST_PRIMARY_READ_ONLY,misp2022,pooled,public,cap224_compression_abstention_minus_raw448,deletion_anchor_not_recommended_policy,R15_S230231232_C09_I1,raw448,cap224_compression_abstention,raw_public_sortformer_v2_low_packet_gated,control_cap224_cr24_abstain_public_sortformer_v2_low_packet_gated,False,528,4984,10043,4436,20,5079,9535,1.9131219903691814,0.10593900481540931,0.05257393209200438,592,4984,2711,1117,3275,1002,5394,1.082263242375602,0.1187800963081862,0.2183696053116931,592,4984,2711,1117,3275,1002,5394,1.082263242375602,0.1187800963081862,0.2183696053116931,64,64,0.012841091492776888,0.012841091492776888,0.16579567321968874,0.16579567321968874,improved,improved
SUPPORTIVE_POST_PRIMARY_READ_ONLY,misp2022,pooled,public,cap224_compression_abstention_minus_raw448,deletion_anchor_not_recommended_policy,R52_S280281282_C03_I0,raw448,cap224_compression_abstention,raw_public_sortformer_v2_low_packet_gated,control_cap224_cr24_abstain_public_sortformer_v2_low_packet_gated,False,2416,7811,14100,4727,668,6957,12352,1.5813596210472411,0.3093073870183075,0.17134751773049645,2756,7811,5509,2121,2934,632,5687,0.728075790551786,0.35283574446293686,0.5002722817208205,2756,7811,5509,2121,2934,632,5687,0.728075790551786,0.35283574446293686,0.5002722817208205,340,340,0.04352835744462935,0.04352835744462935,0.32892476399032405,0.32892476399032405,improved,improved
SUPPORTIVE_POST_PRIMARY_READ_ONLY,misp2022,pooled,public,cap224_compression_abstention_minus_raw448,deletion_anchor_not_recommended_policy,R61_S357358359_C07_I0,raw448,cap224_compression_abstention,raw_public_sortformer_v2_low_packet_gated,control_cap224_cr24_abstain_public_sortformer_v2_low_packet_gated,True,2407,5904,14921,2409,1088,10105,13602,2.303861788617886,0.407689701897019,0.1613162656658401,2515,5904,5962,1524,1865,1923,5312,0.8997289972899729,0.42598238482384826,0.42183830929218386,2516,5904,5962,1521,1867,1925,5313,0.8998983739837398,0.4261517615176152,0.4220060382422006,108,109,0.018292682926829285,0.018462059620596216,0.2605220436263438,0.2606897725763605,improved,improved
SUPPORTIVE_POST_PRIMARY_READ_ONLY,misp2022,pooled,public,cap224_compression_abstention_minus_raw448,deletion_anchor_not_recommended_policy,R69_S405406_C07_I1,raw448,cap224_compression_abstention,raw_public_sortformer_v2_low_packet_gated,control_cap224_cr24_abstain_public_sortformer_v2_low_packet_gated,False,2282,4317,6219,1267,768,2670,4705,1.0898772295575632,0.5286078295112346,0.3669400225116578,2303,4317,3763,990,1024,470,2484,0.5753995830437804,0.5334723187398657,0.6120116927982993,2303,4317,3763,990,1024,470,2484,0.5753995830437804,0.5334723187398657,0.6120116927982993,21,21,0.00486448922863103,0.00486448922863103,0.24507167028664145,0.24507167028664145,improved,improved
