schema,corpus,reference_cell,decoder_condition,source,method,session,cpcer,cp_substitutions,cp_deletions,cp_insertions,cp_errors,reference_characters,windows,input_unicode_characters,output_unicode_characters,deleted_unicode_characters,modified_window_count,exact_event_count,residual_v035_modified_window_count,residual_v035_exact_event_count,transform_runtime_seconds
delooping_direct_baselines_v046_postprimary_v1_meeting_score,aishell5,eval1,cap224_fallback,learned,existing_canonical_guard_keep2,A5E1_001,0.8848056537102473,512,576,164,1252,1415,56,1140,1040,100,1,1,0,0,0.0021882
delooping_direct_baselines_v046_postprimary_v1_meeting_score,aishell5,eval1,cap224_fallback,learned,existing_canonical_guard_keep2,A5E1_002,1.1198501872659177,1768,597,1223,3588,3204,100,4067,4067,0,0,0,0,0,0.004871
delooping_direct_baselines_v046_postprimary_v1_meeting_score,aishell5,eval1,cap224_fallback,learned,existing_canonical_guard_keep2,A5E1_003,0.9740206185567011,770,1045,547,2362,2425,88,2062,2062,0,0,0,0,0,0.002051
delooping_direct_baselines_v046_postprimary_v1_meeting_score,aishell5,eval1,cap224_fallback,learned,existing_canonical_guard_keep2,A5E1_004,1.0314589068029887,709,819,1095,2623,2543,84,2912,2912,0,0,0,0,0,0.0028474
delooping_direct_baselines_v046_postprimary_v1_meeting_score,aishell5,eval1,cap224_fallback,learned,existing_canonical_guard_keep2,A5E1_005,1.076200067136623,713,1031,1462,3206,2979,92,3507,3507,0,0,0,0,0,0.0036057
delooping_direct_baselines_v046_postprimary_v1_meeting_score,aishell5,eval1,cap224_fallback,learned,existing_canonical_guard_keep2,A5E1_006,1.276377217553688,821,923,990,2734,2142,88,2363,2343,20,1,1,0,0,0.0023531
delooping_direct_baselines_v046_postprimary_v1_meeting_score,aishell5,eval1,cap224_fallback,learned,existing_canonical_guard_keep2,A5E1_007,1.0214358625382782,675,1260,1067,3002,2939,100,2826,2826,0,0,0,0,0,0.0027035
delooping_direct_baselines_v046_postprimary_v1_meeting_score,aishell5,eval1,cap224_fallback,learned,existing_canonical_guard_keep2,A5E1_008,1.0819672131147542,1123,1059,2438,4620,4270,120,5962,5791,171,3,3,0,0,0.0082988
delooping_direct_baselines_v046_postprimary_v1_meeting_score,aishell5,eval1,cap224_fallback,learned,existing_canonical_guard_keep2,A5E1_009,1.064503205128205,805,1179,673,2657,2496,112,2032,2032,0,0,0,0,0,0.0017184
delooping_direct_baselines_v046_postprimary_v1_meeting_score,aishell5,eval1,cap224_fallback,learned,existing_canonical_guard_keep2,A5E1_010,1.0655913978494624,645,938,399,1982,1860,100,1397,1397,0,0,0,0,0,0.0011592
delooping_direct_baselines_v046_postprimary_v1_meeting_score,aishell5,eval1,cap224_fallback,learned,existing_canonical_guard_keep2,A5E1_011,0.9487858719646799,991,679,479,2149,2265,116,2254,2173,81,1,1,0,0,0.0026722
delooping_direct_baselines_v046_postprimary_v1_meeting_score,aishell5,eval1,cap224_fallback,learned,existing_canonical_guard_keep2,A5E1_012,0.931640012543117,611,957,1403,2971,3189,100,3696,3696,0,0,0,0,0,0.0037637
delooping_direct_baselines_v046_postprimary_v1_meeting_score,aishell5,eval1,cap224_fallback,learned,existing_canonical_guard_keep2,A5E1_013,0.9631449631449631,645,1102,1389,3136,3256,92,3566,3566,0,0,0,0,0,0.0038361
delooping_direct_baselines_v046_postprimary_v1_meeting_score,aishell5,eval1,cap224_fallback,learned,existing_canonical_guard_keep2,A5E1_014,0.9202479338842975,830,632,765,2227,2420,88,2639,2619,20,1,1,0,0,0.0027312
delooping_direct_baselines_v046_postprimary_v1_meeting_score,aishell5,eval1,cap224_fallback,learned,existing_canonical_guard_keep2,A5E1_015,1.0231890459363957,980,1355,2298,4633,4528,128,5554,5554,0,0,0,0,0,0.0059431
delooping_direct_baselines_v046_postprimary_v1_meeting_score,aishell5,eval1,cap224_fallback,learned,existing_canonical_guard_keep2,A5E1_016,0.8126187761307487,628,1071,439,2138,2631,96,2029,2029,0,0,0,0,0,0.0019419
delooping_direct_baselines_v046_postprimary_v1_meeting_score,aishell5,eval1,cap224_fallback,learned,existing_canonical_guard_keep2,A5E1_017,1.284153005464481,1482,212,1126,2820,2196,88,3317,3202,115,2,2,0,0,0.0048274
delooping_direct_baselines_v046_postprimary_v1_meeting_score,aishell5,eval1,cap224_fallback,learned,existing_canonical_guard_keep2,A5E1_018,1.0940975192472198,557,1140,861,2558,2338,96,2158,2158,0,0,0,0,0,0.0018726
delooping_direct_baselines_v046_postprimary_v1_meeting_score,aishell5,eval2,cap224_fallback,learned,existing_canonical_guard_keep2,A5E2_001,0.8294294294294294,1000,1069,693,2762,3330,88,3104,2991,113,2,2,0,0,0.0042749
delooping_direct_baselines_v046_postprimary_v1_meeting_score,aishell5,eval2,cap224_fallback,learned,existing_canonical_guard_keep2,A5E2_002,0.9379994488839901,1394,1477,533,3404,3629,104,2769,2769,0,0,0,0,0,0.0026858
delooping_direct_baselines_v046_postprimary_v1_meeting_score,aishell5,eval2,cap224_fallback,learned,existing_canonical_guard_keep2,A5E2_003,1.0487668161434978,663,765,443,1871,1784,84,1508,1508,0,0,0,0,0,0.0011969
delooping_direct_baselines_v046_postprimary_v1_meeting_score,aishell5,eval2,cap224_fallback,learned,existing_canonical_guard_keep2,A5E2_004,1.0490346307079375,627,2316,480,3423,3263,116,1634,1496,138,2,3,0,0,0.0022636
delooping_direct_baselines_v046_postprimary_v1_meeting_score,aishell5,eval2,cap224_fallback,learned,existing_canonical_guard_keep2,A5E2_005,0.8519677996422182,1172,2082,556,3810,4472,132,3164,3056,108,2,2,0,0,0.0038328
delooping_direct_baselines_v046_postprimary_v1_meeting_score,aishell5,eval2,cap224_fallback,learned,existing_canonical_guard_keep2,A5E2_006,1.1536430834213305,1629,1304,1437,4370,3788,116,4070,4025,45,1,1,0,0,0.0050116
delooping_direct_baselines_v046_postprimary_v1_meeting_score,aishell5,eval2,cap224_fallback,learned,existing_canonical_guard_keep2,A5E2_007,0.986496624156039,873,1189,568,2630,2666,76,2298,2076,222,1,1,0,0,0.007704
delooping_direct_baselines_v046_postprimary_v1_meeting_score,aishell5,eval2,cap224_fallback,learned,existing_canonical_guard_keep2,A5E2_008,1.2086178478926302,628,2241,2264,5133,4247,120,4389,4389,0,0,0,0,0,0.0049188
delooping_direct_baselines_v046_postprimary_v1_meeting_score,aishell5,eval2,cap224_fallback,learned,existing_canonical_guard_keep2,A5E2_009,0.9957682291666666,950,1524,585,3059,3072,92,2211,2211,0,0,0,0,0,0.0021277
delooping_direct_baselines_v046_postprimary_v1_meeting_score,aishell5,eval2,cap224_fallback,learned,existing_canonical_guard_keep2,A5E2_010,1.0577693940108466,690,2340,1456,4486,4241,124,3426,3426,0,0,0,0,0,0.0035594
delooping_direct_baselines_v046_postprimary_v1_meeting_score,aishell5,eval2,cap224_fallback,learned,existing_canonical_guard_keep2,A5E2_011,1.0462462462462463,685,1699,1100,3484,3330,100,2838,2797,41,1,1,0,0,0.0030906
delooping_direct_baselines_v046_postprimary_v1_meeting_score,aishell5,eval2,cap224_fallback,learned,existing_canonical_guard_keep2,A5E2_012,0.8824933687002653,1010,2027,290,3327,3770,120,2298,2098,200,1,1,0,0,0.0040469
delooping_direct_baselines_v046_postprimary_v1_meeting_score,aishell5,eval2,cap224_fallback,learned,existing_canonical_guard_keep2,A5E2_013,1.0561861520998865,786,1257,1679,3722,3524,96,4017,3997,20,1,1,0,0,0.0048385
delooping_direct_baselines_v046_postprimary_v1_meeting_score,aishell5,eval2,cap224_fallback,learned,existing_canonical_guard_keep2,A5E2_014,1.0106752730883812,761,1912,1398,4071,4028,108,3630,3598,32,1,1,0,0,0.004049
delooping_direct_baselines_v046_postprimary_v1_meeting_score,aishell5,eval2,cap224_fallback,learned,existing_canonical_guard_keep2,A5E2_015,1.069962686567164,811,1378,1252,3441,3216,100,3159,3159,0,0,0,0,0,0.0031555
delooping_direct_baselines_v046_postprimary_v1_meeting_score,aishell5,eval2,cap224_fallback,learned,existing_canonical_guard_keep2,A5E2_016,1.0871053632559908,1103,1002,753,2858,2629,100,2454,2454,0,0,0,0,0,0.0021458
delooping_direct_baselines_v046_postprimary_v1_meeting_score,aishell5,eval2,cap224_fallback,learned,existing_canonical_guard_keep2,A5E2_017,1.0409004438807863,1049,1313,921,3283,3154,112,2907,2907,0,0,0,0,0,0.0026712
delooping_direct_baselines_v046_postprimary_v1_meeting_score,aishell5,eval2,cap224_fallback,learned,existing_canonical_guard_keep2,A5E2_018,1.0060328185328185,1243,1436,1490,4169,4144,116,4347,4347,0,0,0,0,0,0.005004
delooping_direct_baselines_v046_postprimary_v1_meeting_score,aishell5,eval1,cap224_fallback,learned,identity_raw,A5E1_001,0.8848056537102473,512,576,164,1252,1415,56,1140,1140,0,0,0,1,1,0.0
delooping_direct_baselines_v046_postprimary_v1_meeting_score,aishell5,eval1,cap224_fallback,learned,identity_raw,A5E1_002,1.1198501872659177,1768,597,1223,3588,3204,100,4067,4067,0,0,0,0,0,0.0
delooping_direct_baselines_v046_postprimary_v1_meeting_score,aishell5,eval1,cap224_fallback,learned,identity_raw,A5E1_003,0.9740206185567011,770,1045,547,2362,2425,88,2062,2062,0,0,0,0,0,0.0
delooping_direct_baselines_v046_postprimary_v1_meeting_score,aishell5,eval1,cap224_fallback,learned,identity_raw,A5E1_004,1.0314589068029887,709,819,1095,2623,2543,84,2912,2912,0,0,0,0,0,0.0
delooping_direct_baselines_v046_postprimary_v1_meeting_score,aishell5,eval1,cap224_fallback,learned,identity_raw,A5E1_005,1.076200067136623,713,1031,1462,3206,2979,92,3507,3507,0,0,0,0,0,0.0
delooping_direct_baselines_v046_postprimary_v1_meeting_score,aishell5,eval1,cap224_fallback,learned,identity_raw,A5E1_006,1.276377217553688,837,907,990,2734,2142,88,2363,2363,0,0,0,1,1,0.0
delooping_direct_baselines_v046_postprimary_v1_meeting_score,aishell5,eval1,cap224_fallback,learned,identity_raw,A5E1_007,1.0214358625382782,675,1260,1067,3002,2939,100,2826,2826,0,0,0,0,0,0.0
delooping_direct_baselines_v046_postprimary_v1_meeting_score,aishell5,eval1,cap224_fallback,learned,identity_raw,A5E1_008,1.1203747072599533,1123,1059,2602,4784,4270,120,5962,5962,0,0,0,3,3,0.0
delooping_direct_baselines_v046_postprimary_v1_meeting_score,aishell5,eval1,cap224_fallback,learned,identity_raw,A5E1_009,1.064503205128205,805,1179,673,2657,2496,112,2032,2032,0,0,0,0,0,0.0
delooping_direct_baselines_v046_postprimary_v1_meeting_score,aishell5,eval1,cap224_fallback,learned,identity_raw,A5E1_010,1.0655913978494624,645,938,399,1982,1860,100,1397,1397,0,0,0,0,0,0.0
delooping_direct_baselines_v046_postprimary_v1_meeting_score,aishell5,eval1,cap224_fallback,learned,identity_raw,A5E1_011,0.9487858719646799,1045,625,479,2149,2265,116,2254,2254,0,0,0,1,1,0.0
delooping_direct_baselines_v046_postprimary_v1_meeting_score,aishell5,eval1,cap224_fallback,learned,identity_raw,A5E1_012,0.931640012543117,611,957,1403,2971,3189,100,3696,3696,0,0,0,0,0,0.0
delooping_direct_baselines_v046_postprimary_v1_meeting_score,aishell5,eval1,cap224_fallback,learned,identity_raw,A5E1_013,0.9631449631449631,645,1102,1389,3136,3256,92,3566,3566,0,0,0,0,0,0.0
delooping_direct_baselines_v046_postprimary_v1_meeting_score,aishell5,eval1,cap224_fallback,learned,identity_raw,A5E1_014,0.9202479338842975,850,612,765,2227,2420,88,2639,2639,0,0,0,1,1,0.0
delooping_direct_baselines_v046_postprimary_v1_meeting_score,aishell5,eval1,cap224_fallback,learned,identity_raw,A5E1_015,1.0231890459363957,980,1355,2298,4633,4528,128,5554,5554,0,0,0,0,0,0.0
delooping_direct_baselines_v046_postprimary_v1_meeting_score,aishell5,eval1,cap224_fallback,learned,identity_raw,A5E1_016,0.8126187761307487,628,1071,439,2138,2631,96,2029,2029,0,0,0,0,0,0.0
delooping_direct_baselines_v046_postprimary_v1_meeting_score,aishell5,eval1,cap224_fallback,learned,identity_raw,A5E1_017,1.3283242258652095,1460,214,1243,2917,2196,88,3317,3317,0,0,0,2,2,0.0
delooping_direct_baselines_v046_postprimary_v1_meeting_score,aishell5,eval1,cap224_fallback,learned,identity_raw,A5E1_018,1.0940975192472198,557,1140,861,2558,2338,96,2158,2158,0,0,0,0,0,0.0
delooping_direct_baselines_v046_postprimary_v1_meeting_score,aishell5,eval2,cap224_fallback,learned,identity_raw,A5E2_001,0.842042042042042,1069,999,736,2804,3330,88,3104,3104,0,0,0,2,2,0.0
delooping_direct_baselines_v046_postprimary_v1_meeting_score,aishell5,eval2,cap224_fallback,learned,identity_raw,A5E2_002,0.9379994488839901,1394,1477,533,3404,3629,104,2769,2769,0,0,0,0,0,0.0
delooping_direct_baselines_v046_postprimary_v1_meeting_score,aishell5,eval2,cap224_fallback,learned,identity_raw,A5E2_003,1.0487668161434978,663,765,443,1871,1784,84,1508,1508,0,0,0,0,0,0.0
delooping_direct_baselines_v046_postprimary_v1_meeting_score,aishell5,eval2,cap224_fallback,learned,identity_raw,A5E2_004,1.0536316273368067,778,2179,481,3438,3263,116,1634,1634,0,0,0,2,3,0.0
delooping_direct_baselines_v046_postprimary_v1_meeting_score,aishell5,eval2,cap224_fallback,learned,identity_raw,A5E2_005,0.8660554561717353,1212,2043,618,3873,4472,132,3164,3164,0,0,0,2,2,0.0
delooping_direct_baselines_v046_postprimary_v1_meeting_score,aishell5,eval2,cap224_fallback,learned,identity_raw,A5E2_006,1.160506863780359,1650,1284,1462,4396,3788,116,4070,4070,0,0,0,1,1,0.0
delooping_direct_baselines_v046_postprimary_v1_meeting_score,aishell5,eval2,cap224_fallback,learned,identity_raw,A5E2_007,0.9891222805701425,1102,967,568,2637,2666,76,2298,2298,0,0,0,1,1,0.0
delooping_direct_baselines_v046_postprimary_v1_meeting_score,aishell5,eval2,cap224_fallback,learned,identity_raw,A5E2_008,1.2086178478926302,628,2241,2264,5133,4247,120,4389,4389,0,0,0,0,0,0.0
delooping_direct_baselines_v046_postprimary_v1_meeting_score,aishell5,eval2,cap224_fallback,learned,identity_raw,A5E2_009,0.9957682291666666,950,1524,585,3059,3072,92,2211,2211,0,0,0,0,0,0.0
delooping_direct_baselines_v046_postprimary_v1_meeting_score,aishell5,eval2,cap224_fallback,learned,identity_raw,A5E2_010,1.0577693940108466,690,2340,1456,4486,4241,124,3426,3426,0,0,0,0,0,0.0
delooping_direct_baselines_v046_postprimary_v1_meeting_score,aishell5,eval2,cap224_fallback,learned,identity_raw,A5E2_011,1.0462462462462463,726,1658,1100,3484,3330,100,2838,2838,0,0,0,1,1,0.0
delooping_direct_baselines_v046_postprimary_v1_meeting_score,aishell5,eval2,cap224_fallback,learned,identity_raw,A5E2_012,0.8862068965517241,1188,1845,308,3341,3770,120,2298,2298,0,0,0,1,1,0.0
delooping_direct_baselines_v046_postprimary_v1_meeting_score,aishell5,eval2,cap224_fallback,learned,identity_raw,A5E2_013,1.0618615209988649,786,1257,1699,3742,3524,96,4017,4017,0,0,0,1,1,0.0
delooping_direct_baselines_v046_postprimary_v1_meeting_score,aishell5,eval2,cap224_fallback,learned,identity_raw,A5E2_014,1.0186196623634558,761,1912,1430,4103,4028,108,3630,3630,0,0,0,1,1,0.0
delooping_direct_baselines_v046_postprimary_v1_meeting_score,aishell5,eval2,cap224_fallback,learned,identity_raw,A5E2_015,1.069962686567164,811,1378,1252,3441,3216,100,3159,3159,0,0,0,0,0,0.0
delooping_direct_baselines_v046_postprimary_v1_meeting_score,aishell5,eval2,cap224_fallback,learned,identity_raw,A5E2_016,1.0871053632559908,1103,1002,753,2858,2629,100,2454,2454,0,0,0,0,0,0.0
delooping_direct_baselines_v046_postprimary_v1_meeting_score,aishell5,eval2,cap224_fallback,learned,identity_raw,A5E2_017,1.0409004438807863,1049,1313,921,3283,3154,112,2907,2907,0,0,0,0,0,0.0
delooping_direct_baselines_v046_postprimary_v1_meeting_score,aishell5,eval2,cap224_fallback,learned,identity_raw,A5E2_018,1.0060328185328185,1243,1436,1490,4169,4144,116,4347,4347,0,0,0,0,0,0.0
delooping_direct_baselines_v046_postprimary_v1_meeting_score,aishell5,eval1,cap224_fallback,learned,ltr_greedy_character_keep2,A5E1_001,0.8848056537102473,512,576,164,1252,1415,56,1140,1040,100,1,1,0,0,0.0008837
delooping_direct_baselines_v046_postprimary_v1_meeting_score,aishell5,eval1,cap224_fallback,learned,ltr_greedy_character_keep2,A5E1_002,1.1198501872659177,1768,597,1223,3588,3204,100,4067,4067,0,0,0,0,0,0.0047223
delooping_direct_baselines_v046_postprimary_v1_meeting_score,aishell5,eval1,cap224_fallback,learned,ltr_greedy_character_keep2,A5E1_003,0.9740206185567011,770,1045,547,2362,2425,88,2062,2062,0,0,0,0,0,0.0019825
delooping_direct_baselines_v046_postprimary_v1_meeting_score,aishell5,eval1,cap224_fallback,learned,ltr_greedy_character_keep2,A5E1_004,1.0314589068029887,709,819,1095,2623,2543,84,2912,2912,0,0,0,0,0,0.0026739
delooping_direct_baselines_v046_postprimary_v1_meeting_score,aishell5,eval1,cap224_fallback,learned,ltr_greedy_character_keep2,A5E1_005,1.076200067136623,713,1031,1462,3206,2979,92,3507,3507,0,0,0,0,0,0.0035986
delooping_direct_baselines_v046_postprimary_v1_meeting_score,aishell5,eval1,cap224_fallback,learned,ltr_greedy_character_keep2,A5E1_006,1.276377217553688,821,923,990,2734,2142,88,2363,2343,20,1,1,0,0,0.0021672
delooping_direct_baselines_v046_postprimary_v1_meeting_score,aishell5,eval1,cap224_fallback,learned,ltr_greedy_character_keep2,A5E1_007,1.0214358625382782,675,1260,1067,3002,2939,100,2826,2826,0,0,0,0,0,0.0024522
delooping_direct_baselines_v046_postprimary_v1_meeting_score,aishell5,eval1,cap224_fallback,learned,ltr_greedy_character_keep2,A5E1_008,1.0819672131147542,1123,1059,2438,4620,4270,120,5962,5791,171,3,3,0,0,0.0072225
delooping_direct_baselines_v046_postprimary_v1_meeting_score,aishell5,eval1,cap224_fallback,learned,ltr_greedy_character_keep2,A5E1_009,1.064503205128205,805,1179,673,2657,2496,112,2032,2032,0,0,0,0,0,0.0016074
delooping_direct_baselines_v046_postprimary_v1_meeting_score,aishell5,eval1,cap224_fallback,learned,ltr_greedy_character_keep2,A5E1_010,1.0655913978494624,645,938,399,1982,1860,100,1397,1397,0,0,0,0,0,0.0010203
delooping_direct_baselines_v046_postprimary_v1_meeting_score,aishell5,eval1,cap224_fallback,learned,ltr_greedy_character_keep2,A5E1_011,0.9487858719646799,991,679,479,2149,2265,116,2254,2173,81,1,1,0,0,0.0023988
delooping_direct_baselines_v046_postprimary_v1_meeting_score,aishell5,eval1,cap224_fallback,learned,ltr_greedy_character_keep2,A5E1_012,0.931640012543117,611,957,1403,2971,3189,100,3696,3696,0,0,0,0,0,0.0036186
delooping_direct_baselines_v046_postprimary_v1_meeting_score,aishell5,eval1,cap224_fallback,learned,ltr_greedy_character_keep2,A5E1_013,0.9631449631449631,645,1102,1389,3136,3256,92,3566,3566,0,0,0,0,0,0.0035302
delooping_direct_baselines_v046_postprimary_v1_meeting_score,aishell5,eval1,cap224_fallback,learned,ltr_greedy_character_keep2,A5E1_014,0.9202479338842975,830,632,765,2227,2420,88,2639,2619,20,1,1,0,0,0.0025836
delooping_direct_baselines_v046_postprimary_v1_meeting_score,aishell5,eval1,cap224_fallback,learned,ltr_greedy_character_keep2,A5E1_015,1.0231890459363957,980,1355,2298,4633,4528,128,5554,5554,0,0,0,0,0,0.0056887
delooping_direct_baselines_v046_postprimary_v1_meeting_score,aishell5,eval1,cap224_fallback,learned,ltr_greedy_character_keep2,A5E1_016,0.8126187761307487,628,1071,439,2138,2631,96,2029,2029,0,0,0,0,0,0.0018674
delooping_direct_baselines_v046_postprimary_v1_meeting_score,aishell5,eval1,cap224_fallback,learned,ltr_greedy_character_keep2,A5E1_017,1.284153005464481,1482,212,1126,2820,2196,88,3317,3202,115,2,2,0,0,0.0038386
delooping_direct_baselines_v046_postprimary_v1_meeting_score,aishell5,eval1,cap224_fallback,learned,ltr_greedy_character_keep2,A5E1_018,1.0940975192472198,557,1140,861,2558,2338,96,2158,2158,0,0,0,0,0,0.0017339
delooping_direct_baselines_v046_postprimary_v1_meeting_score,aishell5,eval2,cap224_fallback,learned,ltr_greedy_character_keep2,A5E2_001,0.8294294294294294,1000,1069,693,2762,3330,88,3104,2991,113,2,2,0,0,0.0034748
delooping_direct_baselines_v046_postprimary_v1_meeting_score,aishell5,eval2,cap224_fallback,learned,ltr_greedy_character_keep2,A5E2_002,0.9379994488839901,1394,1477,533,3404,3629,104,2769,2769,0,0,0,0,0,0.0025208
delooping_direct_baselines_v046_postprimary_v1_meeting_score,aishell5,eval2,cap224_fallback,learned,ltr_greedy_character_keep2,A5E2_003,1.0487668161434978,663,765,443,1871,1784,84,1508,1508,0,0,0,0,0,0.0011625
delooping_direct_baselines_v046_postprimary_v1_meeting_score,aishell5,eval2,cap224_fallback,learned,ltr_greedy_character_keep2,A5E2_004,1.0490346307079375,627,2316,480,3423,3263,116,1634,1496,138,2,3,0,0,0.0015584
delooping_direct_baselines_v046_postprimary_v1_meeting_score,aishell5,eval2,cap224_fallback,learned,ltr_greedy_character_keep2,A5E2_005,0.8519677996422182,1172,2082,556,3810,4472,132,3164,3056,108,2,2,0,0,0.0029846
delooping_direct_baselines_v046_postprimary_v1_meeting_score,aishell5,eval2,cap224_fallback,learned,ltr_greedy_character_keep2,A5E2_006,1.1536430834213305,1629,1304,1437,4370,3788,116,4070,4025,45,1,1,0,0,0.0040281
delooping_direct_baselines_v046_postprimary_v1_meeting_score,aishell5,eval2,cap224_fallback,learned,ltr_greedy_character_keep2,A5E2_007,0.986496624156039,873,1189,568,2630,2666,76,2298,2076,222,1,1,0,0,0.001963
delooping_direct_baselines_v046_postprimary_v1_meeting_score,aishell5,eval2,cap224_fallback,learned,ltr_greedy_character_keep2,A5E2_008,1.2086178478926302,628,2241,2264,5133,4247,120,4389,4389,0,0,0,0,0,0.0046467
delooping_direct_baselines_v046_postprimary_v1_meeting_score,aishell5,eval2,cap224_fallback,learned,ltr_greedy_character_keep2,A5E2_009,0.9957682291666666,950,1524,585,3059,3072,92,2211,2211,0,0,0,0,0,0.0020332
delooping_direct_baselines_v046_postprimary_v1_meeting_score,aishell5,eval2,cap224_fallback,learned,ltr_greedy_character_keep2,A5E2_010,1.0577693940108466,690,2340,1456,4486,4241,124,3426,3426,0,0,0,0,0,0.003415
delooping_direct_baselines_v046_postprimary_v1_meeting_score,aishell5,eval2,cap224_fallback,learned,ltr_greedy_character_keep2,A5E2_011,1.0462462462462463,685,1699,1100,3484,3330,100,2838,2797,41,1,1,0,0,0.0028162
delooping_direct_baselines_v046_postprimary_v1_meeting_score,aishell5,eval2,cap224_fallback,learned,ltr_greedy_character_keep2,A5E2_012,0.8824933687002653,1010,2027,290,3327,3770,120,2298,2098,200,1,1,0,0,0.0019961
delooping_direct_baselines_v046_postprimary_v1_meeting_score,aishell5,eval2,cap224_fallback,learned,ltr_greedy_character_keep2,A5E2_013,1.0561861520998865,786,1257,1679,3722,3524,96,4017,3997,20,1,1,0,0,0.0047099
delooping_direct_baselines_v046_postprimary_v1_meeting_score,aishell5,eval2,cap224_fallback,learned,ltr_greedy_character_keep2,A5E2_014,1.0106752730883812,761,1912,1398,4071,4028,108,3630,3598,32,1,1,0,0,0.0037076
delooping_direct_baselines_v046_postprimary_v1_meeting_score,aishell5,eval2,cap224_fallback,learned,ltr_greedy_character_keep2,A5E2_015,1.069962686567164,811,1378,1252,3441,3216,100,3159,3159,0,0,0,0,0,0.0031429
delooping_direct_baselines_v046_postprimary_v1_meeting_score,aishell5,eval2,cap224_fallback,learned,ltr_greedy_character_keep2,A5E2_016,1.0871053632559908,1103,1002,753,2858,2629,100,2454,2454,0,0,0,0,0,0.0019962
delooping_direct_baselines_v046_postprimary_v1_meeting_score,aishell5,eval2,cap224_fallback,learned,ltr_greedy_character_keep2,A5E2_017,1.0409004438807863,1049,1313,921,3283,3154,112,2907,2907,0,0,0,0,0,0.0025575
delooping_direct_baselines_v046_postprimary_v1_meeting_score,aishell5,eval2,cap224_fallback,learned,ltr_greedy_character_keep2,A5E2_018,1.0060328185328185,1243,1436,1490,4169,4144,116,4347,4347,0,0,0,0,0,0.0048935
delooping_direct_baselines_v046_postprimary_v1_meeting_score,aishell5,eval1,cap224_fallback,learned,whisper_token_exact_keep2,A5E1_001,0.8848056537102473,512,576,164,1252,1415,56,1140,1042,98,1,1,0,0,0.0049136
delooping_direct_baselines_v046_postprimary_v1_meeting_score,aishell5,eval1,cap224_fallback,learned,whisper_token_exact_keep2,A5E1_002,1.1198501872659177,1768,597,1223,3588,3204,100,4067,4067,0,0,0,0,0,0.0106572
delooping_direct_baselines_v046_postprimary_v1_meeting_score,aishell5,eval1,cap224_fallback,learned,whisper_token_exact_keep2,A5E1_003,0.9740206185567011,770,1045,547,2362,2425,88,2062,2062,0,0,0,0,0,0.0063378
delooping_direct_baselines_v046_postprimary_v1_meeting_score,aishell5,eval1,cap224_fallback,learned,whisper_token_exact_keep2,A5E1_004,1.0314589068029887,709,819,1095,2623,2543,84,2912,2912,0,0,0,0,0,0.0082368
delooping_direct_baselines_v046_postprimary_v1_meeting_score,aishell5,eval1,cap224_fallback,learned,whisper_token_exact_keep2,A5E1_005,1.076200067136623,713,1031,1462,3206,2979,92,3507,3507,0,0,0,0,0,0.0109132
delooping_direct_baselines_v046_postprimary_v1_meeting_score,aishell5,eval1,cap224_fallback,learned,whisper_token_exact_keep2,A5E1_006,1.276377217553688,821,923,990,2734,2142,88,2363,2343,20,1,1,0,0,0.007884
delooping_direct_baselines_v046_postprimary_v1_meeting_score,aishell5,eval1,cap224_fallback,learned,whisper_token_exact_keep2,A5E1_007,1.0214358625382782,675,1260,1067,3002,2939,100,2826,2826,0,0,0,0,0,0.0087896
delooping_direct_baselines_v046_postprimary_v1_meeting_score,aishell5,eval1,cap224_fallback,learned,whisper_token_exact_keep2,A5E1_008,1.0819672131147542,1123,1059,2438,4620,4270,120,5962,5791,171,3,3,0,0,0.0239628
delooping_direct_baselines_v046_postprimary_v1_meeting_score,aishell5,eval1,cap224_fallback,learned,whisper_token_exact_keep2,A5E1_009,1.064503205128205,805,1179,673,2657,2496,112,2032,2032,0,0,0,0,0,0.0070719
delooping_direct_baselines_v046_postprimary_v1_meeting_score,aishell5,eval1,cap224_fallback,learned,whisper_token_exact_keep2,A5E1_010,1.0655913978494624,645,938,399,1982,1860,100,1397,1397,0,0,0,0,0,0.0055054
delooping_direct_baselines_v046_postprimary_v1_meeting_score,aishell5,eval1,cap224_fallback,learned,whisper_token_exact_keep2,A5E1_011,0.9487858719646799,991,679,479,2149,2265,116,2254,2173,81,1,1,0,0,0.0097054
delooping_direct_baselines_v046_postprimary_v1_meeting_score,aishell5,eval1,cap224_fallback,learned,whisper_token_exact_keep2,A5E1_012,0.931640012543117,611,957,1403,2971,3189,100,3696,3696,0,0,0,0,0,0.0116048
delooping_direct_baselines_v046_postprimary_v1_meeting_score,aishell5,eval1,cap224_fallback,learned,whisper_token_exact_keep2,A5E1_013,0.9631449631449631,645,1102,1389,3136,3256,92,3566,3566,0,0,0,0,0,0.011956
delooping_direct_baselines_v046_postprimary_v1_meeting_score,aishell5,eval1,cap224_fallback,learned,whisper_token_exact_keep2,A5E1_014,0.9202479338842975,830,632,765,2227,2420,88,2639,2619,20,1,1,0,0,0.0089167
delooping_direct_baselines_v046_postprimary_v1_meeting_score,aishell5,eval1,cap224_fallback,learned,whisper_token_exact_keep2,A5E1_015,1.0231890459363957,980,1355,2298,4633,4528,128,5554,5554,0,0,0,0,0,0.0171891
delooping_direct_baselines_v046_postprimary_v1_meeting_score,aishell5,eval1,cap224_fallback,learned,whisper_token_exact_keep2,A5E1_016,0.8126187761307487,628,1071,439,2138,2631,96,2029,2029,0,0,0,0,0,0.0071437
delooping_direct_baselines_v046_postprimary_v1_meeting_score,aishell5,eval1,cap224_fallback,learned,whisper_token_exact_keep2,A5E1_017,1.284153005464481,1482,212,1126,2820,2196,88,3317,3202,115,2,2,0,0,0.0164847
delooping_direct_baselines_v046_postprimary_v1_meeting_score,aishell5,eval1,cap224_fallback,learned,whisper_token_exact_keep2,A5E1_018,1.0940975192472198,557,1140,861,2558,2338,96,2158,2158,0,0,0,0,0,0.0096498
delooping_direct_baselines_v046_postprimary_v1_meeting_score,aishell5,eval2,cap224_fallback,learned,whisper_token_exact_keep2,A5E2_001,0.8294294294294294,1000,1069,693,2762,3330,88,3104,2991,113,2,2,0,0,0.0140688
delooping_direct_baselines_v046_postprimary_v1_meeting_score,aishell5,eval2,cap224_fallback,learned,whisper_token_exact_keep2,A5E2_002,0.9379994488839901,1394,1477,533,3404,3629,104,2769,2769,0,0,0,0,0,0.0092501
delooping_direct_baselines_v046_postprimary_v1_meeting_score,aishell5,eval2,cap224_fallback,learned,whisper_token_exact_keep2,A5E2_003,1.0487668161434978,663,765,443,1871,1784,84,1508,1508,0,0,0,0,0,0.0058374
delooping_direct_baselines_v046_postprimary_v1_meeting_score,aishell5,eval2,cap224_fallback,learned,whisper_token_exact_keep2,A5E2_004,1.0490346307079375,627,2316,480,3423,3263,116,1634,1496,138,2,3,0,0,0.0098384
delooping_direct_baselines_v046_postprimary_v1_meeting_score,aishell5,eval2,cap224_fallback,learned,whisper_token_exact_keep2,A5E2_005,0.8566636851520573,1172,2082,577,3831,4472,132,3164,3084,80,1,1,1,1,0.0132472
delooping_direct_baselines_v046_postprimary_v1_meeting_score,aishell5,eval2,cap224_fallback,learned,whisper_token_exact_keep2,A5E2_006,1.1536430834213305,1629,1304,1437,4370,3788,116,4070,4025,45,1,1,0,0,0.0164265
delooping_direct_baselines_v046_postprimary_v1_meeting_score,aishell5,eval2,cap224_fallback,learned,whisper_token_exact_keep2,A5E2_007,0.986496624156039,873,1189,568,2630,2666,76,2298,2076,222,1,1,0,0,0.0284017
delooping_direct_baselines_v046_postprimary_v1_meeting_score,aishell5,eval2,cap224_fallback,learned,whisper_token_exact_keep2,A5E2_008,1.2086178478926302,628,2241,2264,5133,4247,120,4389,4389,0,0,0,0,0,0.014311
delooping_direct_baselines_v046_postprimary_v1_meeting_score,aishell5,eval2,cap224_fallback,learned,whisper_token_exact_keep2,A5E2_009,0.9957682291666666,950,1524,585,3059,3072,92,2211,2211,0,0,0,0,0,0.0079968
delooping_direct_baselines_v046_postprimary_v1_meeting_score,aishell5,eval2,cap224_fallback,learned,whisper_token_exact_keep2,A5E2_010,1.0577693940108466,690,2340,1456,4486,4241,124,3426,3426,0,0,0,0,0,0.0116104
delooping_direct_baselines_v046_postprimary_v1_meeting_score,aishell5,eval2,cap224_fallback,learned,whisper_token_exact_keep2,A5E2_011,1.0462462462462463,685,1699,1100,3484,3330,100,2838,2797,41,1,1,0,0,0.0110118
delooping_direct_baselines_v046_postprimary_v1_meeting_score,aishell5,eval2,cap224_fallback,learned,whisper_token_exact_keep2,A5E2_012,0.8824933687002653,1010,2027,290,3327,3770,120,2298,2098,200,1,1,0,0,0.0155812
delooping_direct_baselines_v046_postprimary_v1_meeting_score,aishell5,eval2,cap224_fallback,learned,whisper_token_exact_keep2,A5E2_013,1.0561861520998865,786,1257,1679,3722,3524,96,4017,3997,20,1,1,0,0,0.0118708
delooping_direct_baselines_v046_postprimary_v1_meeting_score,aishell5,eval2,cap224_fallback,learned,whisper_token_exact_keep2,A5E2_014,1.0106752730883812,761,1912,1398,4071,4028,108,3630,3598,32,1,1,0,0,0.0116007
delooping_direct_baselines_v046_postprimary_v1_meeting_score,aishell5,eval2,cap224_fallback,learned,whisper_token_exact_keep2,A5E2_015,1.069962686567164,798,1391,1252,3441,3216,100,3159,3146,13,1,1,0,0,0.0102724
delooping_direct_baselines_v046_postprimary_v1_meeting_score,aishell5,eval2,cap224_fallback,learned,whisper_token_exact_keep2,A5E2_016,1.0871053632559908,1103,1002,753,2858,2629,100,2454,2454,0,0,0,0,0,0.0076097
delooping_direct_baselines_v046_postprimary_v1_meeting_score,aishell5,eval2,cap224_fallback,learned,whisper_token_exact_keep2,A5E2_017,1.0409004438807863,1049,1313,921,3283,3154,112,2907,2907,0,0,0,0,0,0.0093256
delooping_direct_baselines_v046_postprimary_v1_meeting_score,aishell5,eval2,cap224_fallback,learned,whisper_token_exact_keep2,A5E2_018,1.0060328185328185,1243,1436,1490,4169,4144,116,4347,4347,0,0,0,0,0,0.0140426
delooping_direct_baselines_v046_postprimary_v1_meeting_score,aishell5,eval1,cap224_fallback,public,existing_canonical_guard_keep2,A5E1_001,0.9293286219081273,582,465,268,1315,1415,56,1260,1260,0,0,0,0,0,0.0011668
delooping_direct_baselines_v046_postprimary_v1_meeting_score,aishell5,eval1,cap224_fallback,public,existing_canonical_guard_keep2,A5E1_002,1.173845193508115,1193,1104,1464,3761,3204,100,3683,3683,0,0,0,0,0,0.0039264
delooping_direct_baselines_v046_postprimary_v1_meeting_score,aishell5,eval1,cap224_fallback,public,existing_canonical_guard_keep2,A5E1_003,0.9245360824742268,573,1119,550,2242,2425,88,1949,1949,0,0,0,0,0,0.0018641
delooping_direct_baselines_v046_postprimary_v1_meeting_score,aishell5,eval1,cap224_fallback,public,existing_canonical_guard_keep2,A5E1_004,0.8910735351946519,686,803,777,2266,2543,84,2614,2614,0,0,0,0,0,0.0037973
delooping_direct_baselines_v046_postprimary_v1_meeting_score,aishell5,eval1,cap224_fallback,public,existing_canonical_guard_keep2,A5E1_005,0.8277945619335347,626,1034,806,2466,2979,92,2826,2826,0,0,0,0,0,0.0030918
delooping_direct_baselines_v046_postprimary_v1_meeting_score,aishell5,eval1,cap224_fallback,public,existing_canonical_guard_keep2,A5E1_006,1.1255835667600373,551,1058,802,2411,2142,88,1927,1927,0,0,0,0,0,0.0023905
delooping_direct_baselines_v046_postprimary_v1_meeting_score,aishell5,eval1,cap224_fallback,public,existing_canonical_guard_keep2,A5E1_007,1.0959510037427695,938,1116,1167,3221,2939,100,3123,3123,0,0,0,0,0,0.0030484
delooping_direct_baselines_v046_postprimary_v1_meeting_score,aishell5,eval1,cap224_fallback,public,existing_canonical_guard_keep2,A5E1_008,1.20327868852459,1245,1115,2778,5138,4270,120,6179,6032,147,2,2,0,0,0.0079136
delooping_direct_baselines_v046_postprimary_v1_meeting_score,aishell5,eval1,cap224_fallback,public,existing_canonical_guard_keep2,A5E1_009,1.1045673076923077,720,1286,751,2757,2496,112,2048,2048,0,0,0,0,0,0.0016659
delooping_direct_baselines_v046_postprimary_v1_meeting_score,aishell5,eval1,cap224_fallback,public,existing_canonical_guard_keep2,A5E1_010,0.9747311827956989,572,916,325,1813,1860,100,1335,1335,0,0,0,0,0,0.0010702
delooping_direct_baselines_v046_postprimary_v1_meeting_score,aishell5,eval1,cap224_fallback,public,existing_canonical_guard_keep2,A5E1_011,0.9955849889624724,1036,570,649,2255,2265,116,2503,2431,72,1,1,0,0,0.0031636
delooping_direct_baselines_v046_postprimary_v1_meeting_score,aishell5,eval1,cap224_fallback,public,existing_canonical_guard_keep2,A5E1_012,1.2285983066792099,1264,1028,1626,3918,3189,100,3922,3846,76,1,1,0,0,0.0047129
delooping_direct_baselines_v046_postprimary_v1_meeting_score,aishell5,eval1,cap224_fallback,public,existing_canonical_guard_keep2,A5E1_013,1.0482186732186731,714,968,1731,3413,3256,92,4072,4072,0,0,0,0,0,0.0044454
delooping_direct_baselines_v046_postprimary_v1_meeting_score,aishell5,eval1,cap224_fallback,public,existing_canonical_guard_keep2,A5E1_014,1.116115702479339,776,786,1139,2701,2420,88,2828,2828,0,0,0,0,0,0.0028092
delooping_direct_baselines_v046_postprimary_v1_meeting_score,aishell5,eval1,cap224_fallback,public,existing_canonical_guard_keep2,A5E1_015,1.1806537102473498,880,1456,3010,5346,4528,128,6141,6141,0,0,0,0,0,0.0069386
delooping_direct_baselines_v046_postprimary_v1_meeting_score,aishell5,eval1,cap224_fallback,public,existing_canonical_guard_keep2,A5E1_016,0.7487647282402129,696,879,395,1970,2631,96,2194,2194,0,0,0,0,0,0.0022292
delooping_direct_baselines_v046_postprimary_v1_meeting_score,aishell5,eval1,cap224_fallback,public,existing_canonical_guard_keep2,A5E1_017,1.2650273224043715,1145,576,1057,2778,2196,88,2806,2806,0,0,0,0,0,0.0033438
delooping_direct_baselines_v046_postprimary_v1_meeting_score,aishell5,eval1,cap224_fallback,public,existing_canonical_guard_keep2,A5E1_018,1.146278870829769,950,813,917,2680,2338,96,2528,2528,0,0,0,0,0,0.0021391
delooping_direct_baselines_v046_postprimary_v1_meeting_score,aishell5,eval2,cap224_fallback,public,existing_canonical_guard_keep2,A5E2_001,1.0342342342342343,938,966,1540,3444,3330,88,4035,3995,40,1,1,0,0,0.0049461
delooping_direct_baselines_v046_postprimary_v1_meeting_score,aishell5,eval2,cap224_fallback,public,existing_canonical_guard_keep2,A5E2_002,1.0807384954532928,1508,1452,962,3922,3629,104,4262,3237,1025,1,1,0,0,0.0182848
delooping_direct_baselines_v046_postprimary_v1_meeting_score,aishell5,eval2,cap224_fallback,public,existing_canonical_guard_keep2,A5E2_003,1.2174887892376682,1023,423,726,2172,1784,84,2220,2220,0,0,0,0,0,0.002312
delooping_direct_baselines_v046_postprimary_v1_meeting_score,aishell5,eval2,cap224_fallback,public,existing_canonical_guard_keep2,A5E2_004,1.022678516702421,761,2177,399,3337,3263,116,1553,1553,0,0,0,0,0,0.0014854
delooping_direct_baselines_v046_postprimary_v1_meeting_score,aishell5,eval2,cap224_fallback,public,existing_canonical_guard_keep2,A5E2_005,0.8195438282647585,1287,1889,489,3665,4472,132,3149,3149,0,0,0,0,0,0.0030637
delooping_direct_baselines_v046_postprimary_v1_meeting_score,aishell5,eval2,cap224_fallback,public,existing_canonical_guard_keep2,A5E2_006,1.2286166842661035,1612,1395,1647,4654,3788,116,4257,4197,60,1,2,0,0,0.0046664
delooping_direct_baselines_v046_postprimary_v1_meeting_score,aishell5,eval2,cap224_fallback,public,existing_canonical_guard_keep2,A5E2_007,1.0720180045011254,1151,939,768,2858,2666,76,2587,2587,0,0,0,0,0,0.0027389
delooping_direct_baselines_v046_postprimary_v1_meeting_score,aishell5,eval2,cap224_fallback,public,existing_canonical_guard_keep2,A5E2_008,1.1379797504120557,700,2132,2001,4833,4247,120,4197,4175,22,1,1,0,0,0.0045483
delooping_direct_baselines_v046_postprimary_v1_meeting_score,aishell5,eval2,cap224_fallback,public,existing_canonical_guard_keep2,A5E2_009,0.9479166666666666,976,1454,482,2912,3072,92,2201,2201,0,0,0,0,0,0.0024267
delooping_direct_baselines_v046_postprimary_v1_meeting_score,aishell5,eval2,cap224_fallback,public,existing_canonical_guard_keep2,A5E2_010,1.0676727186984203,812,2024,1692,4528,4241,124,3992,3992,0,0,0,0,0,0.0044294
delooping_direct_baselines_v046_postprimary_v1_meeting_score,aishell5,eval2,cap224_fallback,public,existing_canonical_guard_keep2,A5E2_011,1.0606606606606606,797,1663,1072,3532,3330,100,2897,2856,41,1,1,0,0,0.0033659
delooping_direct_baselines_v046_postprimary_v1_meeting_score,aishell5,eval2,cap224_fallback,public,existing_canonical_guard_keep2,A5E2_012,0.8877984084880637,1055,1981,311,3347,3770,120,2327,2181,146,1,1,0,0,0.0032089
delooping_direct_baselines_v046_postprimary_v1_meeting_score,aishell5,eval2,cap224_fallback,public,existing_canonical_guard_keep2,A5E2_013,0.8481838819523269,651,1516,822,2989,3524,96,2907,2907,0,0,0,0,0,0.0033036
delooping_direct_baselines_v046_postprimary_v1_meeting_score,aishell5,eval2,cap224_fallback,public,existing_canonical_guard_keep2,A5E2_014,0.9513406156901688,952,1742,1138,3832,4028,108,3535,3517,18,1,1,0,0,0.0039955
delooping_direct_baselines_v046_postprimary_v1_meeting_score,aishell5,eval2,cap224_fallback,public,existing_canonical_guard_keep2,A5E2_015,0.9309701492537313,891,1372,731,2994,3216,100,2722,2646,76,1,1,0,0,0.00289
delooping_direct_baselines_v046_postprimary_v1_meeting_score,aishell5,eval2,cap224_fallback,public,existing_canonical_guard_keep2,A5E2_016,1.1742107265119817,1121,958,1008,3087,2629,100,2783,2783,0,0,0,0,0,0.0021668
delooping_direct_baselines_v046_postprimary_v1_meeting_score,aishell5,eval2,cap224_fallback,public,existing_canonical_guard_keep2,A5E2_017,1.0526315789473684,840,1453,1027,3320,3154,112,2798,2798,0,0,0,0,0,0.0024805
delooping_direct_baselines_v046_postprimary_v1_meeting_score,aishell5,eval2,cap224_fallback,public,existing_canonical_guard_keep2,A5E2_018,1.000965250965251,1150,1351,1647,4148,4144,116,4629,4593,36,1,1,0,0,0.0058088
delooping_direct_baselines_v046_postprimary_v1_meeting_score,aishell5,eval1,cap224_fallback,public,identity_raw,A5E1_001,0.9293286219081273,582,465,268,1315,1415,56,1260,1260,0,0,0,0,0,0.0
delooping_direct_baselines_v046_postprimary_v1_meeting_score,aishell5,eval1,cap224_fallback,public,identity_raw,A5E1_002,1.173845193508115,1193,1104,1464,3761,3204,100,3683,3683,0,0,0,0,0,0.0
delooping_direct_baselines_v046_postprimary_v1_meeting_score,aishell5,eval1,cap224_fallback,public,identity_raw,A5E1_003,0.9245360824742268,573,1119,550,2242,2425,88,1949,1949,0,0,0,0,0,0.0
delooping_direct_baselines_v046_postprimary_v1_meeting_score,aishell5,eval1,cap224_fallback,public,identity_raw,A5E1_004,0.8910735351946519,686,803,777,2266,2543,84,2614,2614,0,0,0,0,0,0.0
delooping_direct_baselines_v046_postprimary_v1_meeting_score,aishell5,eval1,cap224_fallback,public,identity_raw,A5E1_005,0.8277945619335347,626,1034,806,2466,2979,92,2826,2826,0,0,0,0,0,0.0
delooping_direct_baselines_v046_postprimary_v1_meeting_score,aishell5,eval1,cap224_fallback,public,identity_raw,A5E1_006,1.1255835667600373,551,1058,802,2411,2142,88,1927,1927,0,0,0,0,0,0.0
delooping_direct_baselines_v046_postprimary_v1_meeting_score,aishell5,eval1,cap224_fallback,public,identity_raw,A5E1_007,1.0959510037427695,938,1116,1167,3221,2939,100,3123,3123,0,0,0,0,0,0.0
delooping_direct_baselines_v046_postprimary_v1_meeting_score,aishell5,eval1,cap224_fallback,public,identity_raw,A5E1_008,1.235831381733021,1245,1115,2917,5277,4270,120,6179,6179,0,0,0,2,2,0.0
delooping_direct_baselines_v046_postprimary_v1_meeting_score,aishell5,eval1,cap224_fallback,public,identity_raw,A5E1_009,1.1045673076923077,720,1286,751,2757,2496,112,2048,2048,0,0,0,0,0,0.0
delooping_direct_baselines_v046_postprimary_v1_meeting_score,aishell5,eval1,cap224_fallback,public,identity_raw,A5E1_010,0.9747311827956989,572,916,325,1813,1860,100,1335,1335,0,0,0,0,0,0.0
delooping_direct_baselines_v046_postprimary_v1_meeting_score,aishell5,eval1,cap224_fallback,public,identity_raw,A5E1_011,1.0132450331125828,1021,566,708,2295,2265,116,2503,2503,0,0,0,1,1,0.0
delooping_direct_baselines_v046_postprimary_v1_meeting_score,aishell5,eval1,cap224_fallback,public,identity_raw,A5E1_012,1.244590780809031,1317,989,1663,3969,3189,100,3922,3922,0,0,0,1,1,0.0
delooping_direct_baselines_v046_postprimary_v1_meeting_score,aishell5,eval1,cap224_fallback,public,identity_raw,A5E1_013,1.0482186732186731,714,968,1731,3413,3256,92,4072,4072,0,0,0,0,0,0.0
delooping_direct_baselines_v046_postprimary_v1_meeting_score,aishell5,eval1,cap224_fallback,public,identity_raw,A5E1_014,1.116115702479339,776,786,1139,2701,2420,88,2828,2828,0,0,0,0,0,0.0
delooping_direct_baselines_v046_postprimary_v1_meeting_score,aishell5,eval1,cap224_fallback,public,identity_raw,A5E1_015,1.1806537102473498,880,1456,3010,5346,4528,128,6141,6141,0,0,0,0,0,0.0
delooping_direct_baselines_v046_postprimary_v1_meeting_score,aishell5,eval1,cap224_fallback,public,identity_raw,A5E1_016,0.7487647282402129,696,879,395,1970,2631,96,2194,2194,0,0,0,0,0,0.0
delooping_direct_baselines_v046_postprimary_v1_meeting_score,aishell5,eval1,cap224_fallback,public,identity_raw,A5E1_017,1.2650273224043715,1145,576,1057,2778,2196,88,2806,2806,0,0,0,0,0,0.0
delooping_direct_baselines_v046_postprimary_v1_meeting_score,aishell5,eval1,cap224_fallback,public,identity_raw,A5E1_018,1.146278870829769,950,813,917,2680,2338,96,2528,2528,0,0,0,0,0,0.0
delooping_direct_baselines_v046_postprimary_v1_meeting_score,aishell5,eval2,cap224_fallback,public,identity_raw,A5E2_001,1.0462462462462463,938,966,1580,3484,3330,88,4035,4035,0,0,0,1,1,0.0
delooping_direct_baselines_v046_postprimary_v1_meeting_score,aishell5,eval2,cap224_fallback,public,identity_raw,A5E2_002,1.1683659410305869,2056,927,1257,4240,3629,104,4262,4262,0,0,0,1,1,0.0
delooping_direct_baselines_v046_postprimary_v1_meeting_score,aishell5,eval2,cap224_fallback,public,identity_raw,A5E2_003,1.2174887892376682,1023,423,726,2172,1784,84,2220,2220,0,0,0,0,0,0.0
delooping_direct_baselines_v046_postprimary_v1_meeting_score,aishell5,eval2,cap224_fallback,public,identity_raw,A5E2_004,1.022678516702421,761,2177,399,3337,3263,116,1553,1553,0,0,0,0,0,0.0
delooping_direct_baselines_v046_postprimary_v1_meeting_score,aishell5,eval2,cap224_fallback,public,identity_raw,A5E2_005,0.8195438282647585,1287,1889,489,3665,4472,132,3149,3149,0,0,0,0,0,0.0
delooping_direct_baselines_v046_postprimary_v1_meeting_score,aishell5,eval2,cap224_fallback,public,identity_raw,A5E2_006,1.233104540654699,1563,1398,1710,4671,3788,116,4257,4257,0,0,0,1,2,0.0
delooping_direct_baselines_v046_postprimary_v1_meeting_score,aishell5,eval2,cap224_fallback,public,identity_raw,A5E2_007,1.0720180045011254,1151,939,768,2858,2666,76,2587,2587,0,0,0,0,0,0.0
delooping_direct_baselines_v046_postprimary_v1_meeting_score,aishell5,eval2,cap224_fallback,public,identity_raw,A5E2_008,1.1379797504120557,722,2110,2001,4833,4247,120,4197,4197,0,0,0,1,1,0.0
delooping_direct_baselines_v046_postprimary_v1_meeting_score,aishell5,eval2,cap224_fallback,public,identity_raw,A5E2_009,0.9479166666666666,976,1454,482,2912,3072,92,2201,2201,0,0,0,0,0,0.0
delooping_direct_baselines_v046_postprimary_v1_meeting_score,aishell5,eval2,cap224_fallback,public,identity_raw,A5E2_010,1.0676727186984203,812,2024,1692,4528,4241,124,3992,3992,0,0,0,0,0,0.0
delooping_direct_baselines_v046_postprimary_v1_meeting_score,aishell5,eval2,cap224_fallback,public,identity_raw,A5E2_011,1.0606606606606606,838,1622,1072,3532,3330,100,2897,2897,0,0,0,1,1,0.0
delooping_direct_baselines_v046_postprimary_v1_meeting_score,aishell5,eval2,cap224_fallback,public,identity_raw,A5E2_012,0.8883289124668435,1130,1908,311,3349,3770,120,2327,2327,0,0,0,1,1,0.0
delooping_direct_baselines_v046_postprimary_v1_meeting_score,aishell5,eval2,cap224_fallback,public,identity_raw,A5E2_013,0.8481838819523269,651,1516,822,2989,3524,96,2907,2907,0,0,0,0,0,0.0
delooping_direct_baselines_v046_postprimary_v1_meeting_score,aishell5,eval2,cap224_fallback,public,identity_raw,A5E2_014,0.9528301886792453,958,1736,1144,3838,4028,108,3535,3535,0,0,0,1,1,0.0
delooping_direct_baselines_v046_postprimary_v1_meeting_score,aishell5,eval2,cap224_fallback,public,identity_raw,A5E2_015,0.9427860696517413,891,1372,769,3032,3216,100,2722,2722,0,0,0,1,1,0.0
delooping_direct_baselines_v046_postprimary_v1_meeting_score,aishell5,eval2,cap224_fallback,public,identity_raw,A5E2_016,1.1742107265119817,1121,958,1008,3087,2629,100,2783,2783,0,0,0,0,0,0.0
delooping_direct_baselines_v046_postprimary_v1_meeting_score,aishell5,eval2,cap224_fallback,public,identity_raw,A5E2_017,1.0526315789473684,840,1453,1027,3320,3154,112,2798,2798,0,0,0,0,0,0.0
delooping_direct_baselines_v046_postprimary_v1_meeting_score,aishell5,eval2,cap224_fallback,public,identity_raw,A5E2_018,1.0082046332046333,1150,1351,1677,4178,4144,116,4629,4629,0,0,0,1,1,0.0
delooping_direct_baselines_v046_postprimary_v1_meeting_score,aishell5,eval1,cap224_fallback,public,ltr_greedy_character_keep2,A5E1_001,0.9293286219081273,582,465,268,1315,1415,56,1260,1260,0,0,0,0,0,0.001121
delooping_direct_baselines_v046_postprimary_v1_meeting_score,aishell5,eval1,cap224_fallback,public,ltr_greedy_character_keep2,A5E1_002,1.173845193508115,1193,1104,1464,3761,3204,100,3683,3683,0,0,0,0,0,0.0036321
delooping_direct_baselines_v046_postprimary_v1_meeting_score,aishell5,eval1,cap224_fallback,public,ltr_greedy_character_keep2,A5E1_003,0.9245360824742268,573,1119,550,2242,2425,88,1949,1949,0,0,0,0,0,0.0018424
delooping_direct_baselines_v046_postprimary_v1_meeting_score,aishell5,eval1,cap224_fallback,public,ltr_greedy_character_keep2,A5E1_004,0.8910735351946519,686,803,777,2266,2543,84,2614,2614,0,0,0,0,0,0.0035232
delooping_direct_baselines_v046_postprimary_v1_meeting_score,aishell5,eval1,cap224_fallback,public,ltr_greedy_character_keep2,A5E1_005,0.8277945619335347,626,1034,806,2466,2979,92,2826,2826,0,0,0,0,0,0.0026411
delooping_direct_baselines_v046_postprimary_v1_meeting_score,aishell5,eval1,cap224_fallback,public,ltr_greedy_character_keep2,A5E1_006,1.1255835667600373,551,1058,802,2411,2142,88,1927,1927,0,0,0,0,0,0.002187
delooping_direct_baselines_v046_postprimary_v1_meeting_score,aishell5,eval1,cap224_fallback,public,ltr_greedy_character_keep2,A5E1_007,1.0959510037427695,938,1116,1167,3221,2939,100,3123,3123,0,0,0,0,0,0.0028587
delooping_direct_baselines_v046_postprimary_v1_meeting_score,aishell5,eval1,cap224_fallback,public,ltr_greedy_character_keep2,A5E1_008,1.20327868852459,1245,1115,2778,5138,4270,120,6179,6032,147,2,2,0,0,0.0072541
delooping_direct_baselines_v046_postprimary_v1_meeting_score,aishell5,eval1,cap224_fallback,public,ltr_greedy_character_keep2,A5E1_009,1.1045673076923077,720,1286,751,2757,2496,112,2048,2048,0,0,0,0,0,0.0016621
delooping_direct_baselines_v046_postprimary_v1_meeting_score,aishell5,eval1,cap224_fallback,public,ltr_greedy_character_keep2,A5E1_010,0.9747311827956989,572,916,325,1813,1860,100,1335,1335,0,0,0,0,0,0.0009749
delooping_direct_baselines_v046_postprimary_v1_meeting_score,aishell5,eval1,cap224_fallback,public,ltr_greedy_character_keep2,A5E1_011,0.9955849889624724,1036,570,649,2255,2265,116,2503,2431,72,1,1,0,0,0.0028532
delooping_direct_baselines_v046_postprimary_v1_meeting_score,aishell5,eval1,cap224_fallback,public,ltr_greedy_character_keep2,A5E1_012,1.2285983066792099,1264,1028,1626,3918,3189,100,3922,3846,76,1,1,0,0,0.0038356
delooping_direct_baselines_v046_postprimary_v1_meeting_score,aishell5,eval1,cap224_fallback,public,ltr_greedy_character_keep2,A5E1_013,1.0482186732186731,714,968,1731,3413,3256,92,4072,4072,0,0,0,0,0,0.0044658
delooping_direct_baselines_v046_postprimary_v1_meeting_score,aishell5,eval1,cap224_fallback,public,ltr_greedy_character_keep2,A5E1_014,1.116115702479339,776,786,1139,2701,2420,88,2828,2828,0,0,0,0,0,0.0027366
delooping_direct_baselines_v046_postprimary_v1_meeting_score,aishell5,eval1,cap224_fallback,public,ltr_greedy_character_keep2,A5E1_015,1.1806537102473498,880,1456,3010,5346,4528,128,6141,6141,0,0,0,0,0,0.0067126
delooping_direct_baselines_v046_postprimary_v1_meeting_score,aishell5,eval1,cap224_fallback,public,ltr_greedy_character_keep2,A5E1_016,0.7487647282402129,696,879,395,1970,2631,96,2194,2194,0,0,0,0,0,0.0021228
delooping_direct_baselines_v046_postprimary_v1_meeting_score,aishell5,eval1,cap224_fallback,public,ltr_greedy_character_keep2,A5E1_017,1.2650273224043715,1145,576,1057,2778,2196,88,2806,2806,0,0,0,0,0,0.0030783
delooping_direct_baselines_v046_postprimary_v1_meeting_score,aishell5,eval1,cap224_fallback,public,ltr_greedy_character_keep2,A5E1_018,1.146278870829769,950,813,917,2680,2338,96,2528,2528,0,0,0,0,0,0.002115
delooping_direct_baselines_v046_postprimary_v1_meeting_score,aishell5,eval2,cap224_fallback,public,ltr_greedy_character_keep2,A5E2_001,1.0342342342342343,938,966,1540,3444,3330,88,4035,3995,40,1,1,0,0,0.0046548
delooping_direct_baselines_v046_postprimary_v1_meeting_score,aishell5,eval2,cap224_fallback,public,ltr_greedy_character_keep2,A5E2_002,1.0807384954532928,1508,1452,962,3922,3629,104,4262,3237,1025,1,1,0,0,0.0032469
delooping_direct_baselines_v046_postprimary_v1_meeting_score,aishell5,eval2,cap224_fallback,public,ltr_greedy_character_keep2,A5E2_003,1.2174887892376682,1023,423,726,2172,1784,84,2220,2220,0,0,0,0,0,0.0022965
delooping_direct_baselines_v046_postprimary_v1_meeting_score,aishell5,eval2,cap224_fallback,public,ltr_greedy_character_keep2,A5E2_004,1.022678516702421,761,2177,399,3337,3263,116,1553,1553,0,0,0,0,0,0.0014074
delooping_direct_baselines_v046_postprimary_v1_meeting_score,aishell5,eval2,cap224_fallback,public,ltr_greedy_character_keep2,A5E2_005,0.8195438282647585,1287,1889,489,3665,4472,132,3149,3149,0,0,0,0,0,0.0029376
delooping_direct_baselines_v046_postprimary_v1_meeting_score,aishell5,eval2,cap224_fallback,public,ltr_greedy_character_keep2,A5E2_006,1.2286166842661035,1612,1395,1647,4654,3788,116,4257,4197,60,1,2,0,0,0.0045279
delooping_direct_baselines_v046_postprimary_v1_meeting_score,aishell5,eval2,cap224_fallback,public,ltr_greedy_character_keep2,A5E2_007,1.0720180045011254,1151,939,768,2858,2666,76,2587,2587,0,0,0,0,0,0.0028042
delooping_direct_baselines_v046_postprimary_v1_meeting_score,aishell5,eval2,cap224_fallback,public,ltr_greedy_character_keep2,A5E2_008,1.1379797504120557,700,2132,2001,4833,4247,120,4197,4175,22,1,1,0,0,0.0044244
delooping_direct_baselines_v046_postprimary_v1_meeting_score,aishell5,eval2,cap224_fallback,public,ltr_greedy_character_keep2,A5E2_009,0.9479166666666666,976,1454,482,2912,3072,92,2201,2201,0,0,0,0,0,0.0022045
delooping_direct_baselines_v046_postprimary_v1_meeting_score,aishell5,eval2,cap224_fallback,public,ltr_greedy_character_keep2,A5E2_010,1.0676727186984203,812,2024,1692,4528,4241,124,3992,3992,0,0,0,0,0,0.0040654
delooping_direct_baselines_v046_postprimary_v1_meeting_score,aishell5,eval2,cap224_fallback,public,ltr_greedy_character_keep2,A5E2_011,1.0606606606606606,797,1663,1072,3532,3330,100,2897,2856,41,1,1,0,0,0.0030645
delooping_direct_baselines_v046_postprimary_v1_meeting_score,aishell5,eval2,cap224_fallback,public,ltr_greedy_character_keep2,A5E2_012,0.8877984084880637,1055,1981,311,3347,3770,120,2327,2181,146,1,1,0,0,0.0019797
delooping_direct_baselines_v046_postprimary_v1_meeting_score,aishell5,eval2,cap224_fallback,public,ltr_greedy_character_keep2,A5E2_013,0.8481838819523269,651,1516,822,2989,3524,96,2907,2907,0,0,0,0,0,0.0033073
delooping_direct_baselines_v046_postprimary_v1_meeting_score,aishell5,eval2,cap224_fallback,public,ltr_greedy_character_keep2,A5E2_014,0.9513406156901688,952,1742,1138,3832,4028,108,3535,3517,18,1,1,0,0,0.003722
delooping_direct_baselines_v046_postprimary_v1_meeting_score,aishell5,eval2,cap224_fallback,public,ltr_greedy_character_keep2,A5E2_015,0.9309701492537313,891,1372,731,2994,3216,100,2722,2646,76,1,1,0,0,0.0025616
delooping_direct_baselines_v046_postprimary_v1_meeting_score,aishell5,eval2,cap224_fallback,public,ltr_greedy_character_keep2,A5E2_016,1.1742107265119817,1121,958,1008,3087,2629,100,2783,2783,0,0,0,0,0,0.0020984
delooping_direct_baselines_v046_postprimary_v1_meeting_score,aishell5,eval2,cap224_fallback,public,ltr_greedy_character_keep2,A5E2_017,1.0526315789473684,840,1453,1027,3320,3154,112,2798,2798,0,0,0,0,0,0.0024298
delooping_direct_baselines_v046_postprimary_v1_meeting_score,aishell5,eval2,cap224_fallback,public,ltr_greedy_character_keep2,A5E2_018,1.000965250965251,1150,1351,1647,4148,4144,116,4629,4593,36,1,1,0,0,0.0055477
delooping_direct_baselines_v046_postprimary_v1_meeting_score,aishell5,eval1,cap224_fallback,public,whisper_token_exact_keep2,A5E1_001,0.9208480565371024,582,465,256,1303,1415,56,1260,1248,12,1,1,0,0,0.0048505
delooping_direct_baselines_v046_postprimary_v1_meeting_score,aishell5,eval1,cap224_fallback,public,whisper_token_exact_keep2,A5E1_002,1.173845193508115,1193,1104,1464,3761,3204,100,3683,3683,0,0,0,0,0,0.0100769
delooping_direct_baselines_v046_postprimary_v1_meeting_score,aishell5,eval1,cap224_fallback,public,whisper_token_exact_keep2,A5E1_003,0.9245360824742268,573,1119,550,2242,2425,88,1949,1949,0,0,0,0,0,0.0061502
delooping_direct_baselines_v046_postprimary_v1_meeting_score,aishell5,eval1,cap224_fallback,public,whisper_token_exact_keep2,A5E1_004,0.8910735351946519,686,803,777,2266,2543,84,2614,2614,0,0,0,0,0,0.012209
delooping_direct_baselines_v046_postprimary_v1_meeting_score,aishell5,eval1,cap224_fallback,public,whisper_token_exact_keep2,A5E1_005,0.8277945619335347,626,1034,806,2466,2979,92,2826,2826,0,0,0,0,0,0.0095979
delooping_direct_baselines_v046_postprimary_v1_meeting_score,aishell5,eval1,cap224_fallback,public,whisper_token_exact_keep2,A5E1_006,1.1255835667600373,551,1058,802,2411,2142,88,1927,1927,0,0,0,0,0,0.0110625
delooping_direct_baselines_v046_postprimary_v1_meeting_score,aishell5,eval1,cap224_fallback,public,whisper_token_exact_keep2,A5E1_007,1.0959510037427695,938,1116,1167,3221,2939,100,3123,3123,0,0,0,0,0,0.0096107
delooping_direct_baselines_v046_postprimary_v1_meeting_score,aishell5,eval1,cap224_fallback,public,whisper_token_exact_keep2,A5E1_008,1.205152224824356,1245,1115,2786,5146,4270,120,6179,6041,138,2,2,0,0,0.020706
delooping_direct_baselines_v046_postprimary_v1_meeting_score,aishell5,eval1,cap224_fallback,public,whisper_token_exact_keep2,A5E1_009,1.1045673076923077,720,1286,751,2757,2496,112,2048,2048,0,0,0,0,0,0.0076274
delooping_direct_baselines_v046_postprimary_v1_meeting_score,aishell5,eval1,cap224_fallback,public,whisper_token_exact_keep2,A5E1_010,0.9747311827956989,572,916,325,1813,1860,100,1335,1335,0,0,0,0,0,0.0055114
delooping_direct_baselines_v046_postprimary_v1_meeting_score,aishell5,eval1,cap224_fallback,public,whisper_token_exact_keep2,A5E1_011,0.9955849889624724,1036,570,649,2255,2265,116,2503,2431,72,1,1,0,0,0.0096691
delooping_direct_baselines_v046_postprimary_v1_meeting_score,aishell5,eval1,cap224_fallback,public,whisper_token_exact_keep2,A5E1_012,1.2285983066792099,1264,1028,1626,3918,3189,100,3922,3846,76,1,1,0,0,0.0154474
delooping_direct_baselines_v046_postprimary_v1_meeting_score,aishell5,eval1,cap224_fallback,public,whisper_token_exact_keep2,A5E1_013,1.0482186732186731,714,968,1731,3413,3256,92,4072,4072,0,0,0,0,0,0.0124115
delooping_direct_baselines_v046_postprimary_v1_meeting_score,aishell5,eval1,cap224_fallback,public,whisper_token_exact_keep2,A5E1_014,1.116115702479339,776,786,1139,2701,2420,88,2828,2828,0,0,0,0,0,0.0100814
delooping_direct_baselines_v046_postprimary_v1_meeting_score,aishell5,eval1,cap224_fallback,public,whisper_token_exact_keep2,A5E1_015,1.1806537102473498,880,1456,3010,5346,4528,128,6141,6141,0,0,0,0,0,0.0198386
delooping_direct_baselines_v046_postprimary_v1_meeting_score,aishell5,eval1,cap224_fallback,public,whisper_token_exact_keep2,A5E1_016,0.7487647282402129,696,879,395,1970,2631,96,2194,2194,0,0,0,0,0,0.0075114
delooping_direct_baselines_v046_postprimary_v1_meeting_score,aishell5,eval1,cap224_fallback,public,whisper_token_exact_keep2,A5E1_017,1.2650273224043715,1145,576,1057,2778,2196,88,2806,2806,0,0,0,0,0,0.0083896
delooping_direct_baselines_v046_postprimary_v1_meeting_score,aishell5,eval1,cap224_fallback,public,whisper_token_exact_keep2,A5E1_018,1.146278870829769,950,813,917,2680,2338,96,2528,2528,0,0,0,0,0,0.0081433
delooping_direct_baselines_v046_postprimary_v1_meeting_score,aishell5,eval2,cap224_fallback,public,whisper_token_exact_keep2,A5E2_001,1.0342342342342343,938,966,1540,3444,3330,88,4035,3995,40,1,1,0,0,0.0131312
delooping_direct_baselines_v046_postprimary_v1_meeting_score,aishell5,eval2,cap224_fallback,public,whisper_token_exact_keep2,A5E2_002,1.0807384954532928,1508,1452,962,3922,3629,104,4262,3237,1025,1,1,0,0,0.0299353
delooping_direct_baselines_v046_postprimary_v1_meeting_score,aishell5,eval2,cap224_fallback,public,whisper_token_exact_keep2,A5E2_003,1.2174887892376682,1023,423,726,2172,1784,84,2220,2220,0,0,0,0,0,0.0067048
delooping_direct_baselines_v046_postprimary_v1_meeting_score,aishell5,eval2,cap224_fallback,public,whisper_token_exact_keep2,A5E2_004,1.022678516702421,761,2177,399,3337,3263,116,1553,1553,0,0,0,0,0,0.0061373
delooping_direct_baselines_v046_postprimary_v1_meeting_score,aishell5,eval2,cap224_fallback,public,whisper_token_exact_keep2,A5E2_005,0.8195438282647585,1287,1889,489,3665,4472,132,3149,3149,0,0,0,0,0,0.0102894
delooping_direct_baselines_v046_postprimary_v1_meeting_score,aishell5,eval2,cap224_fallback,public,whisper_token_exact_keep2,A5E2_006,1.233104540654699,1563,1398,1710,4671,3788,116,4257,4257,0,0,0,1,2,0.011964
delooping_direct_baselines_v046_postprimary_v1_meeting_score,aishell5,eval2,cap224_fallback,public,whisper_token_exact_keep2,A5E2_007,1.0720180045011254,1151,939,768,2858,2666,76,2587,2587,0,0,0,0,0,0.0077424
delooping_direct_baselines_v046_postprimary_v1_meeting_score,aishell5,eval2,cap224_fallback,public,whisper_token_exact_keep2,A5E2_008,1.1379797504120557,700,2132,2001,4833,4247,120,4197,4175,22,1,1,0,0,0.0133441
delooping_direct_baselines_v046_postprimary_v1_meeting_score,aishell5,eval2,cap224_fallback,public,whisper_token_exact_keep2,A5E2_009,0.9479166666666666,976,1454,482,2912,3072,92,2201,2201,0,0,0,0,0,0.0073644
delooping_direct_baselines_v046_postprimary_v1_meeting_score,aishell5,eval2,cap224_fallback,public,whisper_token_exact_keep2,A5E2_010,1.0676727186984203,812,2024,1692,4528,4241,124,3992,3992,0,0,0,0,0,0.0125627
delooping_direct_baselines_v046_postprimary_v1_meeting_score,aishell5,eval2,cap224_fallback,public,whisper_token_exact_keep2,A5E2_011,1.057057057057057,797,1663,1060,3520,3330,100,2897,2844,53,2,2,0,0,0.0110843
delooping_direct_baselines_v046_postprimary_v1_meeting_score,aishell5,eval2,cap224_fallback,public,whisper_token_exact_keep2,A5E2_012,0.8877984084880637,1055,1981,311,3347,3770,120,2327,2181,146,1,1,0,0,0.0126737
delooping_direct_baselines_v046_postprimary_v1_meeting_score,aishell5,eval2,cap224_fallback,public,whisper_token_exact_keep2,A5E2_013,0.8481838819523269,651,1516,822,2989,3524,96,2907,2907,0,0,0,0,0,0.0095219
delooping_direct_baselines_v046_postprimary_v1_meeting_score,aishell5,eval2,cap224_fallback,public,whisper_token_exact_keep2,A5E2_014,0.9528301886792453,958,1736,1144,3838,4028,108,3535,3535,0,0,0,1,1,0.0105297
delooping_direct_baselines_v046_postprimary_v1_meeting_score,aishell5,eval2,cap224_fallback,public,whisper_token_exact_keep2,A5E2_015,0.9309701492537313,891,1372,731,2994,3216,100,2722,2646,76,1,1,0,0,0.0100216
delooping_direct_baselines_v046_postprimary_v1_meeting_score,aishell5,eval2,cap224_fallback,public,whisper_token_exact_keep2,A5E2_016,1.1742107265119817,1121,958,1008,3087,2629,100,2783,2783,0,0,0,0,0,0.0078808
delooping_direct_baselines_v046_postprimary_v1_meeting_score,aishell5,eval2,cap224_fallback,public,whisper_token_exact_keep2,A5E2_017,1.0481927710843373,840,1453,1013,3306,3154,112,2798,2784,14,1,1,0,0,0.0094147
delooping_direct_baselines_v046_postprimary_v1_meeting_score,aishell5,eval2,cap224_fallback,public,whisper_token_exact_keep2,A5E2_018,0.9980694980694981,1150,1351,1635,4136,4144,116,4629,4581,48,2,2,0,0,0.0160263
delooping_direct_baselines_v046_postprimary_v1_meeting_score,aishell5,eval1,raw448,learned,existing_canonical_guard_keep2,A5E1_001,0.9342756183745583,414,646,262,1322,1415,56,5205,1052,4153,11,11,0,0,0.128457
delooping_direct_baselines_v046_postprimary_v1_meeting_score,aishell5,eval1,raw448,learned,existing_canonical_guard_keep2,A5E1_002,0.9063670411985019,601,1359,944,2904,3204,100,9028,2836,6192,16,16,0,0,0.1902881
delooping_direct_baselines_v046_postprimary_v1_meeting_score,aishell5,eval1,raw448,learned,existing_canonical_guard_keep2,A5E1_003,1.2449484536082474,988,817,1214,3019,2425,88,7220,3028,4192,11,13,0,0,0.0657486
delooping_direct_baselines_v046_postprimary_v1_meeting_score,aishell5,eval1,raw448,learned,existing_canonical_guard_keep2,A5E1_004,1.042862760519072,574,1085,993,2652,2543,84,6384,2520,3864,10,10,0,0,0.111425
delooping_direct_baselines_v046_postprimary_v1_meeting_score,aishell5,eval1,raw448,learned,existing_canonical_guard_keep2,A5E1_005,1.0090634441087614,675,1088,1243,3006,2979,92,7472,3202,4270,10,10,0,0,0.1175763
delooping_direct_baselines_v046_postprimary_v1_meeting_score,aishell5,eval1,raw448,learned,existing_canonical_guard_keep2,A5E1_006,1.088235294117647,522,1043,766,2331,2142,88,7026,1913,5113,13,13,0,0,0.1303937
delooping_direct_baselines_v046_postprimary_v1_meeting_score,aishell5,eval1,raw448,learned,existing_canonical_guard_keep2,A5E1_007,1.0214358625382782,627,1399,976,3002,2939,100,6988,2556,4432,9,9,0,0,0.1575621
delooping_direct_baselines_v046_postprimary_v1_meeting_score,aishell5,eval1,raw448,learned,existing_canonical_guard_keep2,A5E1_008,1.0337236533957845,1124,1091,2199,4414,4270,120,13430,5422,8008,21,23,0,0,0.2267729
delooping_direct_baselines_v046_postprimary_v1_meeting_score,aishell5,eval1,raw448,learned,existing_canonical_guard_keep2,A5E1_009,1.0548878205128205,721,1301,611,2633,2496,112,6136,1831,4305,10,10,0,0,0.1385442
delooping_direct_baselines_v046_postprimary_v1_meeting_score,aishell5,eval1,raw448,learned,existing_canonical_guard_keep2,A5E1_010,1.027956989247312,427,1112,373,1912,1860,100,7330,1156,6174,14,14,0,0,0.1442398
delooping_direct_baselines_v046_postprimary_v1_meeting_score,aishell5,eval1,raw448,learned,existing_canonical_guard_keep2,A5E1_011,1.1470198675496688,1121,504,973,2598,2265,116,8879,2853,6026,15,15,0,0,0.1167233
delooping_direct_baselines_v046_postprimary_v1_meeting_score,aishell5,eval1,raw448,learned,existing_canonical_guard_keep2,A5E1_012,0.9291313891502039,630,984,1349,2963,3189,100,6127,3618,2509,7,8,0,0,0.0718551
delooping_direct_baselines_v046_postprimary_v1_meeting_score,aishell5,eval1,raw448,learned,existing_canonical_guard_keep2,A5E1_013,0.9738943488943489,621,1165,1385,3171,3256,92,7395,3491,3904,8,10,0,0,0.0999307
delooping_direct_baselines_v046_postprimary_v1_meeting_score,aishell5,eval1,raw448,learned,existing_canonical_guard_keep2,A5E1_014,1.096694214876033,799,641,1214,2654,2420,88,5102,3045,2057,6,6,0,0,0.0223884
delooping_direct_baselines_v046_postprimary_v1_meeting_score,aishell5,eval1,raw448,learned,existing_canonical_guard_keep2,A5E1_015,1.0055212014134276,859,1556,2138,4553,4528,128,13126,5152,7974,20,22,0,0,0.2219669
delooping_direct_baselines_v046_postprimary_v1_meeting_score,aishell5,eval1,raw448,learned,existing_canonical_guard_keep2,A5E1_016,0.8833143291524135,691,1078,555,2324,2631,96,5576,2138,3438,8,8,0,0,0.039843
delooping_direct_baselines_v046_postprimary_v1_meeting_score,aishell5,eval1,raw448,learned,existing_canonical_guard_keep2,A5E1_017,1.3474499089253187,1276,379,1304,2959,2196,88,8172,3209,4963,12,12,0,0,0.1394117
delooping_direct_baselines_v046_postprimary_v1_meeting_score,aishell5,eval1,raw448,learned,existing_canonical_guard_keep2,A5E1_018,1.1077844311377245,516,1194,880,2590,2338,96,5793,2102,3691,8,8,0,0,0.0736712
delooping_direct_baselines_v046_postprimary_v1_meeting_score,aishell5,eval2,raw448,learned,existing_canonical_guard_keep2,A5E2_001,0.8318318318318318,899,1188,683,2770,3330,88,6840,2840,4000,10,11,0,0,0.1070233
delooping_direct_baselines_v046_postprimary_v1_meeting_score,aishell5,eval2,raw448,learned,existing_canonical_guard_keep2,A5E2_002,0.9167814825020667,1173,1678,476,3327,3629,104,6990,2472,4518,13,13,0,0,0.0920608
delooping_direct_baselines_v046_postprimary_v1_meeting_score,aishell5,eval2,raw448,learned,existing_canonical_guard_keep2,A5E2_003,0.9938340807174888,662,761,350,1773,1784,84,3855,1414,2441,5,5,0,0,0.0452625
delooping_direct_baselines_v046_postprimary_v1_meeting_score,aishell5,eval2,raw448,learned,existing_canonical_guard_keep2,A5E2_004,1.014097456328532,650,2213,446,3309,3263,116,7148,1555,5593,14,14,0,0,0.1264673
delooping_direct_baselines_v046_postprimary_v1_meeting_score,aishell5,eval2,raw448,learned,existing_canonical_guard_keep2,A5E2_005,0.8436940966010733,1092,2153,528,3773,4472,132,9579,2913,6666,15,15,0,0,0.1926709
delooping_direct_baselines_v046_postprimary_v1_meeting_score,aishell5,eval2,raw448,learned,existing_canonical_guard_keep2,A5E2_006,1.2059134107708553,1402,1613,1553,4568,3788,116,13191,3777,9414,25,27,0,0,0.3137541
delooping_direct_baselines_v046_postprimary_v1_meeting_score,aishell5,eval2,raw448,learned,existing_canonical_guard_keep2,A5E2_007,1.0296324081020256,819,1321,605,2745,2666,76,7055,1958,5097,13,14,0,0,0.1036925
delooping_direct_baselines_v046_postprimary_v1_meeting_score,aishell5,eval2,raw448,learned,existing_canonical_guard_keep2,A5E2_008,1.0621615257829056,637,2182,1692,4511,4247,120,13562,3802,9760,25,25,0,0,0.2332763
delooping_direct_baselines_v046_postprimary_v1_meeting_score,aishell5,eval2,raw448,learned,existing_canonical_guard_keep2,A5E2_009,0.9967447916666666,868,1631,563,3062,3072,92,7228,2066,5162,13,13,0,0,0.092007
delooping_direct_baselines_v046_postprimary_v1_meeting_score,aishell5,eval2,raw448,learned,existing_canonical_guard_keep2,A5E2_010,1.0844140532893185,659,2329,1611,4599,4241,124,9875,3587,6288,15,16,0,0,0.1425227
delooping_direct_baselines_v046_postprimary_v1_meeting_score,aishell5,eval2,raw448,learned,existing_canonical_guard_keep2,A5E2_011,1.068168168168168,1054,1602,901,3557,3330,100,10577,2674,7903,20,20,0,0,0.1534906
delooping_direct_baselines_v046_postprimary_v1_meeting_score,aishell5,eval2,raw448,learned,existing_canonical_guard_keep2,A5E2_012,0.8748010610079575,929,2086,283,3298,3770,120,9854,2019,7835,19,19,0,0,0.1713469
delooping_direct_baselines_v046_postprimary_v1_meeting_score,aishell5,eval2,raw448,learned,existing_canonical_guard_keep2,A5E2_013,1.33683314415437,2935,187,1589,4711,3524,96,10935,5391,5544,14,15,0,0,0.1625162
delooping_direct_baselines_v046_postprimary_v1_meeting_score,aishell5,eval2,raw448,learned,existing_canonical_guard_keep2,A5E2_014,0.9977656405163853,1162,1791,1066,4019,4028,108,12142,3344,8798,20,21,0,0,0.2412103
delooping_direct_baselines_v046_postprimary_v1_meeting_score,aishell5,eval2,raw448,learned,existing_canonical_guard_keep2,A5E2_015,0.9912935323383084,785,1426,977,3188,3216,100,9660,2817,6843,16,18,0,0,0.1972726
delooping_direct_baselines_v046_postprimary_v1_meeting_score,aishell5,eval2,raw448,learned,existing_canonical_guard_keep2,A5E2_016,1.112590338531761,960,1133,832,2925,2629,100,8378,2381,5997,13,13,0,0,0.1932756
delooping_direct_baselines_v046_postprimary_v1_meeting_score,aishell5,eval2,raw448,learned,existing_canonical_guard_keep2,A5E2_017,1.0098287888395687,727,1620,838,3185,3154,112,10601,2446,8155,20,22,0,0,0.1971769
delooping_direct_baselines_v046_postprimary_v1_meeting_score,aishell5,eval2,raw448,learned,existing_canonical_guard_keep2,A5E2_018,1.173503861003861,1197,1565,2101,4863,4144,116,12238,4844,7394,19,19,0,0,0.1358377
delooping_direct_baselines_v046_postprimary_v1_meeting_score,aishell5,eval1,raw448,learned,identity_raw,A5E1_001,3.1625441696113072,1041,63,3371,4475,1415,56,5205,5205,0,0,0,11,11,0.0
delooping_direct_baselines_v046_postprimary_v1_meeting_score,aishell5,eval1,raw448,learned,identity_raw,A5E1_002,2.5143570536828963,2245,195,5616,8056,3204,100,9028,9028,0,0,0,16,16,0.0
delooping_direct_baselines_v046_postprimary_v1_meeting_score,aishell5,eval1,raw448,learned,identity_raw,A5E1_003,2.5183505154639176,1712,240,4155,6107,2425,88,7220,7220,0,0,0,11,13,0.0
delooping_direct_baselines_v046_postprimary_v1_meeting_score,aishell5,eval1,raw448,learned,identity_raw,A5E1_004,2.2257176563114434,1796,149,3715,5660,2543,84,6384,6384,0,0,0,10,10,0.0
delooping_direct_baselines_v046_postprimary_v1_meeting_score,aishell5,eval1,raw448,learned,identity_raw,A5E1_005,2.2289358845250082,1880,268,4492,6640,2979,92,7472,7472,0,0,0,10,10,0.0
delooping_direct_baselines_v046_postprimary_v1_meeting_score,aishell5,eval1,raw448,learned,identity_raw,A5E1_006,2.9084967320261437,1752,57,4421,6230,2142,88,7026,7026,0,0,0,13,13,0.0
delooping_direct_baselines_v046_postprimary_v1_meeting_score,aishell5,eval1,raw448,learned,identity_raw,A5E1_007,2.154814562776455,2170,187,3976,6333,2939,100,6988,6988,0,0,0,9,9,0.0
delooping_direct_baselines_v046_postprimary_v1_meeting_score,aishell5,eval1,raw448,learned,identity_raw,A5E1_008,2.8292740046838407,1395,785,9901,12081,4270,120,13430,13430,0,0,0,21,23,0.0
delooping_direct_baselines_v046_postprimary_v1_meeting_score,aishell5,eval1,raw448,learned,identity_raw,A5E1_009,2.3040865384615383,2203,36,3512,5751,2496,112,6136,6136,0,0,0,10,10,0.0
delooping_direct_baselines_v046_postprimary_v1_meeting_score,aishell5,eval1,raw448,learned,identity_raw,A5E1_010,3.403225806451613,1627,23,4680,6330,1860,100,7330,7330,0,0,0,14,14,0.0
delooping_direct_baselines_v046_postprimary_v1_meeting_score,aishell5,eval1,raw448,learned,identity_raw,A5E1_011,3.5187637969094925,1442,145,6383,7970,2265,116,8879,8879,0,0,0,15,15,0.0
delooping_direct_baselines_v046_postprimary_v1_meeting_score,aishell5,eval1,raw448,learned,identity_raw,A5E1_012,1.6594543744120414,1125,676,3491,5292,3189,100,6127,6127,0,0,0,7,8,0.0
delooping_direct_baselines_v046_postprimary_v1_meeting_score,aishell5,eval1,raw448,learned,identity_raw,A5E1_013,2.0503685503685505,1428,629,4619,6676,3256,92,7395,7395,0,0,0,8,10,0.0
delooping_direct_baselines_v046_postprimary_v1_meeting_score,aishell5,eval1,raw448,learned,identity_raw,A5E1_014,1.7487603305785124,1254,209,2769,4232,2420,88,5102,5102,0,0,0,6,6,0.0
delooping_direct_baselines_v046_postprimary_v1_meeting_score,aishell5,eval1,raw448,learned,identity_raw,A5E1_015,2.639575971731449,1738,829,9385,11952,4528,128,13126,13126,0,0,0,20,22,0.0
delooping_direct_baselines_v046_postprimary_v1_meeting_score,aishell5,eval1,raw448,learned,identity_raw,A5E1_016,1.8673508171797795,1709,218,2986,4913,2631,96,5576,5576,0,0,0,8,8,0.0
delooping_direct_baselines_v046_postprimary_v1_meeting_score,aishell5,eval1,raw448,learned,identity_raw,A5E1_017,3.3916211293260474,1628,49,5771,7448,2196,88,8172,8172,0,0,0,12,12,0.0
delooping_direct_baselines_v046_postprimary_v1_meeting_score,aishell5,eval1,raw448,learned,identity_raw,A5E1_018,2.309238665526091,2122,0,3277,5399,2338,96,5793,5793,0,0,0,8,8,0.0
delooping_direct_baselines_v046_postprimary_v1_meeting_score,aishell5,eval2,raw448,learned,identity_raw,A5E2_001,1.836036036036036,1567,526,4021,6114,3330,88,6840,6840,0,0,0,10,11,0.0
delooping_direct_baselines_v046_postprimary_v1_meeting_score,aishell5,eval2,raw448,learned,identity_raw,A5E2_002,1.793882612289887,3119,64,3327,6510,3629,104,6990,6990,0,0,0,13,13,0.0
delooping_direct_baselines_v046_postprimary_v1_meeting_score,aishell5,eval2,raw448,learned,identity_raw,A5E2_003,2.0672645739910314,1650,4,2034,3688,1784,84,3855,3855,0,0,0,5,5,0.0
delooping_direct_baselines_v046_postprimary_v1_meeting_score,aishell5,eval2,raw448,learned,identity_raw,A5E2_004,1.7661661048115231,2964,25,2774,5763,3263,116,7148,7148,0,0,0,14,14,0.0
delooping_direct_baselines_v046_postprimary_v1_meeting_score,aishell5,eval2,raw448,learned,identity_raw,A5E2_005,1.9821109123434706,3238,323,5303,8864,4472,132,9579,9579,0,0,0,15,15,0.0
delooping_direct_baselines_v046_postprimary_v1_meeting_score,aishell5,eval2,raw448,learned,identity_raw,A5E2_006,3.316261879619852,2962,158,9442,12562,3788,116,13191,13191,0,0,0,25,27,0.0
delooping_direct_baselines_v046_postprimary_v1_meeting_score,aishell5,eval2,raw448,learned,identity_raw,A5E2_007,2.5195048762190546,1972,182,4563,6717,2666,76,7055,7055,0,0,0,13,14,0.0
delooping_direct_baselines_v046_postprimary_v1_meeting_score,aishell5,eval2,raw448,learned,identity_raw,A5E2_008,2.989639745702849,3318,163,9216,12697,4247,120,13562,13562,0,0,0,25,25,0.0
delooping_direct_baselines_v046_postprimary_v1_meeting_score,aishell5,eval2,raw448,learned,identity_raw,A5E2_009,2.09765625,2845,7,3592,6444,3072,92,7228,7228,0,0,0,13,13,0.0
delooping_direct_baselines_v046_postprimary_v1_meeting_score,aishell5,eval2,raw448,learned,identity_raw,A5E2_010,2.131808535722707,3430,197,5414,9041,4241,124,9875,9875,0,0,0,15,16,0.0
delooping_direct_baselines_v046_postprimary_v1_meeting_score,aishell5,eval2,raw448,learned,identity_raw,A5E2_011,2.987087087087087,2565,205,7177,9947,3330,100,10577,10577,0,0,0,20,20,0.0
delooping_direct_baselines_v046_postprimary_v1_meeting_score,aishell5,eval2,raw448,learned,identity_raw,A5E2_012,2.406366047745358,3025,104,5943,9072,3770,120,9854,9854,0,0,0,19,19,0.0
delooping_direct_baselines_v046_postprimary_v1_meeting_score,aishell5,eval2,raw448,learned,identity_raw,A5E2_013,2.775822928490352,1979,499,7304,9782,3524,96,10935,10935,0,0,0,14,15,0.0
delooping_direct_baselines_v046_postprimary_v1_meeting_score,aishell5,eval2,raw448,learned,identity_raw,A5E2_014,2.8152929493545185,3042,210,8088,11340,4028,108,12142,12142,0,0,0,20,21,0.0
delooping_direct_baselines_v046_postprimary_v1_meeting_score,aishell5,eval2,raw448,learned,identity_raw,A5E2_015,2.6713308457711444,2006,312,6273,8591,3216,100,9660,9660,0,0,0,16,18,0.0
delooping_direct_baselines_v046_postprimary_v1_meeting_score,aishell5,eval2,raw448,learned,identity_raw,A5E2_016,2.905287181437809,2166,104,5368,7638,2629,100,8378,8378,0,0,0,13,13,0.0
delooping_direct_baselines_v046_postprimary_v1_meeting_score,aishell5,eval2,raw448,learned,identity_raw,A5E2_017,3.064996829422955,2287,200,7180,9667,3154,112,10601,10601,0,0,0,20,22,0.0
delooping_direct_baselines_v046_postprimary_v1_meeting_score,aishell5,eval2,raw448,learned,identity_raw,A5E2_018,2.722249034749035,2497,539,8245,11281,4144,116,12238,12238,0,0,0,19,19,0.0
delooping_direct_baselines_v046_postprimary_v1_meeting_score,aishell5,eval1,raw448,learned,ltr_greedy_character_keep2,A5E1_001,0.9342756183745583,414,646,262,1322,1415,56,5205,1052,4153,11,11,0,0,0.0022141
delooping_direct_baselines_v046_postprimary_v1_meeting_score,aishell5,eval1,raw448,learned,ltr_greedy_character_keep2,A5E1_002,0.9063670411985019,601,1359,944,2904,3204,100,9028,2836,6192,16,16,0,0,0.0038084
delooping_direct_baselines_v046_postprimary_v1_meeting_score,aishell5,eval1,raw448,learned,ltr_greedy_character_keep2,A5E1_003,1.2449484536082474,988,817,1214,3019,2425,88,7220,3028,4192,11,13,0,0,0.0058183
delooping_direct_baselines_v046_postprimary_v1_meeting_score,aishell5,eval1,raw448,learned,ltr_greedy_character_keep2,A5E1_004,1.042862760519072,574,1085,993,2652,2543,84,6384,2520,3864,10,10,0,0,0.0031241
delooping_direct_baselines_v046_postprimary_v1_meeting_score,aishell5,eval1,raw448,learned,ltr_greedy_character_keep2,A5E1_005,1.0090634441087614,675,1088,1243,3006,2979,92,7472,3202,4270,10,10,0,0,0.0040056
delooping_direct_baselines_v046_postprimary_v1_meeting_score,aishell5,eval1,raw448,learned,ltr_greedy_character_keep2,A5E1_006,1.088235294117647,522,1043,766,2331,2142,88,7026,1913,5113,13,13,0,0,0.0026476
delooping_direct_baselines_v046_postprimary_v1_meeting_score,aishell5,eval1,raw448,learned,ltr_greedy_character_keep2,A5E1_007,1.0214358625382782,627,1399,976,3002,2939,100,6988,2556,4432,9,9,0,0,0.0028012
delooping_direct_baselines_v046_postprimary_v1_meeting_score,aishell5,eval1,raw448,learned,ltr_greedy_character_keep2,A5E1_008,1.0337236533957845,1124,1091,2199,4414,4270,120,13430,5422,8008,21,23,0,0,0.0089819
delooping_direct_baselines_v046_postprimary_v1_meeting_score,aishell5,eval1,raw448,learned,ltr_greedy_character_keep2,A5E1_009,1.0548878205128205,721,1301,611,2633,2496,112,6136,1831,4305,10,10,0,0,0.0022618
delooping_direct_baselines_v046_postprimary_v1_meeting_score,aishell5,eval1,raw448,learned,ltr_greedy_character_keep2,A5E1_010,1.027956989247312,427,1112,373,1912,1860,100,7330,1156,6174,14,14,0,0,0.0016716
delooping_direct_baselines_v046_postprimary_v1_meeting_score,aishell5,eval1,raw448,learned,ltr_greedy_character_keep2,A5E1_011,1.1470198675496688,1121,504,973,2598,2265,116,8879,2853,6026,15,15,0,0,0.0047158
delooping_direct_baselines_v046_postprimary_v1_meeting_score,aishell5,eval1,raw448,learned,ltr_greedy_character_keep2,A5E1_012,0.9291313891502039,630,984,1349,2963,3189,100,6127,3618,2509,7,8,0,0,0.0040765
delooping_direct_baselines_v046_postprimary_v1_meeting_score,aishell5,eval1,raw448,learned,ltr_greedy_character_keep2,A5E1_013,0.9738943488943489,621,1165,1385,3171,3256,92,7395,3491,3904,8,10,0,0,0.0047832
delooping_direct_baselines_v046_postprimary_v1_meeting_score,aishell5,eval1,raw448,learned,ltr_greedy_character_keep2,A5E1_014,1.096694214876033,799,641,1214,2654,2420,88,5102,3045,2057,6,6,0,0,0.0040175
delooping_direct_baselines_v046_postprimary_v1_meeting_score,aishell5,eval1,raw448,learned,ltr_greedy_character_keep2,A5E1_015,1.0055212014134276,859,1556,2138,4553,4528,128,13126,5152,7974,20,22,0,0,0.0071177
delooping_direct_baselines_v046_postprimary_v1_meeting_score,aishell5,eval1,raw448,learned,ltr_greedy_character_keep2,A5E1_016,0.8833143291524135,691,1078,555,2324,2631,96,5576,2138,3438,8,8,0,0,0.0025367
delooping_direct_baselines_v046_postprimary_v1_meeting_score,aishell5,eval1,raw448,learned,ltr_greedy_character_keep2,A5E1_017,1.3474499089253187,1276,379,1304,2959,2196,88,8172,3209,4963,12,12,0,0,0.0047792
delooping_direct_baselines_v046_postprimary_v1_meeting_score,aishell5,eval1,raw448,learned,ltr_greedy_character_keep2,A5E1_018,1.1077844311377245,516,1194,880,2590,2338,96,5793,2102,3691,8,8,0,0,0.0022566
delooping_direct_baselines_v046_postprimary_v1_meeting_score,aishell5,eval2,raw448,learned,ltr_greedy_character_keep2,A5E2_001,0.8318318318318318,899,1188,683,2770,3330,88,6840,2840,4000,10,11,0,0,0.0039282
delooping_direct_baselines_v046_postprimary_v1_meeting_score,aishell5,eval2,raw448,learned,ltr_greedy_character_keep2,A5E2_002,0.9167814825020667,1173,1678,476,3327,3629,104,6990,2472,4518,13,13,0,0,0.0030564
delooping_direct_baselines_v046_postprimary_v1_meeting_score,aishell5,eval2,raw448,learned,ltr_greedy_character_keep2,A5E2_003,0.9938340807174888,662,761,350,1773,1784,84,3855,1414,2441,5,5,0,0,0.0013622
delooping_direct_baselines_v046_postprimary_v1_meeting_score,aishell5,eval2,raw448,learned,ltr_greedy_character_keep2,A5E2_004,1.014097456328532,650,2213,446,3309,3263,116,7148,1555,5593,14,14,0,0,0.0026514
delooping_direct_baselines_v046_postprimary_v1_meeting_score,aishell5,eval2,raw448,learned,ltr_greedy_character_keep2,A5E2_005,0.8436940966010733,1092,2153,528,3773,4472,132,9579,2913,6666,15,15,0,0,0.0040601
delooping_direct_baselines_v046_postprimary_v1_meeting_score,aishell5,eval2,raw448,learned,ltr_greedy_character_keep2,A5E2_006,1.2059134107708553,1402,1613,1553,4568,3788,116,13191,3777,9414,25,27,0,0,0.0063119
delooping_direct_baselines_v046_postprimary_v1_meeting_score,aishell5,eval2,raw448,learned,ltr_greedy_character_keep2,A5E2_007,1.0296324081020256,819,1321,605,2745,2666,76,7055,1958,5097,13,14,0,0,0.0027831
delooping_direct_baselines_v046_postprimary_v1_meeting_score,aishell5,eval2,raw448,learned,ltr_greedy_character_keep2,A5E2_008,1.0621615257829056,637,2182,1692,4511,4247,120,13562,3802,9760,25,25,0,0,0.0059751
delooping_direct_baselines_v046_postprimary_v1_meeting_score,aishell5,eval2,raw448,learned,ltr_greedy_character_keep2,A5E2_009,0.9967447916666666,868,1631,563,3062,3072,92,7228,2066,5162,13,13,0,0,0.0029848
delooping_direct_baselines_v046_postprimary_v1_meeting_score,aishell5,eval2,raw448,learned,ltr_greedy_character_keep2,A5E2_010,1.0844140532893185,659,2329,1611,4599,4241,124,9875,3587,6288,15,16,0,0,0.005211
delooping_direct_baselines_v046_postprimary_v1_meeting_score,aishell5,eval2,raw448,learned,ltr_greedy_character_keep2,A5E2_011,1.068168168168168,1054,1602,901,3557,3330,100,10577,2674,7903,20,20,0,0,0.0041343
delooping_direct_baselines_v046_postprimary_v1_meeting_score,aishell5,eval2,raw448,learned,ltr_greedy_character_keep2,A5E2_012,0.8748010610079575,929,2086,283,3298,3770,120,9854,2019,7835,19,19,0,0,0.0032053
delooping_direct_baselines_v046_postprimary_v1_meeting_score,aishell5,eval2,raw448,learned,ltr_greedy_character_keep2,A5E2_013,1.33683314415437,2935,187,1589,4711,3524,96,10935,5391,5544,14,15,0,0,0.0109092
delooping_direct_baselines_v046_postprimary_v1_meeting_score,aishell5,eval2,raw448,learned,ltr_greedy_character_keep2,A5E2_014,0.9977656405163853,1162,1791,1066,4019,4028,108,12142,3344,8798,20,21,0,0,0.0056073
delooping_direct_baselines_v046_postprimary_v1_meeting_score,aishell5,eval2,raw448,learned,ltr_greedy_character_keep2,A5E2_015,0.9912935323383084,785,1426,977,3188,3216,100,9660,2817,6843,16,18,0,0,0.0043476
delooping_direct_baselines_v046_postprimary_v1_meeting_score,aishell5,eval2,raw448,learned,ltr_greedy_character_keep2,A5E2_016,1.112590338531761,960,1133,832,2925,2629,100,8378,2381,5997,13,13,0,0,0.002828
delooping_direct_baselines_v046_postprimary_v1_meeting_score,aishell5,eval2,raw448,learned,ltr_greedy_character_keep2,A5E2_017,1.0098287888395687,727,1620,838,3185,3154,112,10601,2446,8155,20,22,0,0,0.0033217
delooping_direct_baselines_v046_postprimary_v1_meeting_score,aishell5,eval2,raw448,learned,ltr_greedy_character_keep2,A5E2_018,1.173503861003861,1197,1565,2101,4863,4144,116,12238,4844,7394,19,19,0,0,0.0084017
delooping_direct_baselines_v046_postprimary_v1_meeting_score,aishell5,eval1,raw448,learned,whisper_token_exact_keep2,A5E1_001,0.9342756183745583,414,646,262,1322,1415,56,5205,1052,4153,11,11,0,0,0.4865442
delooping_direct_baselines_v046_postprimary_v1_meeting_score,aishell5,eval1,raw448,learned,whisper_token_exact_keep2,A5E1_002,0.9812734082397003,601,1359,1184,3144,3204,100,9028,3100,5928,15,15,1,1,0.7105797
delooping_direct_baselines_v046_postprimary_v1_meeting_score,aishell5,eval1,raw448,learned,whisper_token_exact_keep2,A5E1_003,0.9393814432989691,683,1118,477,2278,2425,88,7220,1909,5311,13,14,1,1,0.2412472
delooping_direct_baselines_v046_postprimary_v1_meeting_score,aishell5,eval1,raw448,learned,whisper_token_exact_keep2,A5E1_004,1.042862760519072,577,1082,993,2652,2543,84,6384,2523,3861,10,10,0,0,0.3316872
delooping_direct_baselines_v046_postprimary_v1_meeting_score,aishell5,eval1,raw448,learned,whisper_token_exact_keep2,A5E1_005,1.0090634441087614,675,1088,1243,3006,2979,92,7472,3202,4270,10,10,0,0,0.4347417
delooping_direct_baselines_v046_postprimary_v1_meeting_score,aishell5,eval1,raw448,learned,whisper_token_exact_keep2,A5E1_006,1.088235294117647,522,1043,766,2331,2142,88,7026,1913,5113,13,13,0,0,0.4820788
delooping_direct_baselines_v046_postprimary_v1_meeting_score,aishell5,eval1,raw448,learned,whisper_token_exact_keep2,A5E1_007,1.0214358625382782,627,1399,976,3002,2939,100,6988,2556,4432,9,9,0,0,0.4941574
delooping_direct_baselines_v046_postprimary_v1_meeting_score,aishell5,eval1,raw448,learned,whisper_token_exact_keep2,A5E1_008,1.0339578454332552,1118,1094,2203,4415,4270,120,13430,5423,8007,21,23,0,0,0.8059348
delooping_direct_baselines_v046_postprimary_v1_meeting_score,aishell5,eval1,raw448,learned,whisper_token_exact_keep2,A5E1_009,1.0548878205128205,721,1301,611,2633,2496,112,6136,1831,4305,10,10,0,0,0.5146209
delooping_direct_baselines_v046_postprimary_v1_meeting_score,aishell5,eval1,raw448,learned,whisper_token_exact_keep2,A5E1_010,1.027956989247312,427,1112,373,1912,1860,100,7330,1156,6174,14,14,0,0,0.536277
delooping_direct_baselines_v046_postprimary_v1_meeting_score,aishell5,eval1,raw448,learned,whisper_token_exact_keep2,A5E1_011,0.9479028697571744,1033,581,533,2147,2265,116,8879,2296,6583,16,16,0,0,0.4177119
delooping_direct_baselines_v046_postprimary_v1_meeting_score,aishell5,eval1,raw448,learned,whisper_token_exact_keep2,A5E1_012,0.9291313891502039,630,984,1349,2963,3189,100,6127,3618,2509,7,8,0,0,0.2718478
delooping_direct_baselines_v046_postprimary_v1_meeting_score,aishell5,eval1,raw448,learned,whisper_token_exact_keep2,A5E1_013,0.9738943488943489,621,1165,1385,3171,3256,92,7395,3491,3904,8,10,0,0,0.3404544
delooping_direct_baselines_v046_postprimary_v1_meeting_score,aishell5,eval1,raw448,learned,whisper_token_exact_keep2,A5E1_014,0.9095041322314049,836,651,714,2201,2420,88,5102,2535,2567,7,7,0,0,0.074889
delooping_direct_baselines_v046_postprimary_v1_meeting_score,aishell5,eval1,raw448,learned,whisper_token_exact_keep2,A5E1_015,1.0055212014134276,861,1554,2138,4553,4528,128,13126,5154,7972,20,22,0,0,0.5459907
delooping_direct_baselines_v046_postprimary_v1_meeting_score,aishell5,eval1,raw448,learned,whisper_token_exact_keep2,A5E1_016,0.8833143291524135,691,1078,555,2324,2631,96,5576,2138,3438,8,8,0,0,0.1280543
delooping_direct_baselines_v046_postprimary_v1_meeting_score,aishell5,eval1,raw448,learned,whisper_token_exact_keep2,A5E1_017,1.139799635701275,1277,378,848,2503,2196,88,8172,2716,5456,13,13,0,0,0.459098
delooping_direct_baselines_v046_postprimary_v1_meeting_score,aishell5,eval1,raw448,learned,whisper_token_exact_keep2,A5E1_018,1.1077844311377245,516,1194,880,2590,2338,96,5793,2102,3691,8,8,0,0,0.2675751
delooping_direct_baselines_v046_postprimary_v1_meeting_score,aishell5,eval2,raw448,learned,whisper_token_exact_keep2,A5E2_001,0.8318318318318318,899,1188,683,2770,3330,88,6840,2840,4000,10,11,0,0,0.3961786
delooping_direct_baselines_v046_postprimary_v1_meeting_score,aishell5,eval2,raw448,learned,whisper_token_exact_keep2,A5E2_002,0.9167814825020667,1173,1678,476,3327,3629,104,6990,2472,4518,13,13,0,0,0.3577829
delooping_direct_baselines_v046_postprimary_v1_meeting_score,aishell5,eval2,raw448,learned,whisper_token_exact_keep2,A5E2_003,0.9938340807174888,662,761,350,1773,1784,84,3855,1414,2441,5,5,0,0,0.1594308
delooping_direct_baselines_v046_postprimary_v1_meeting_score,aishell5,eval2,raw448,learned,whisper_token_exact_keep2,A5E2_004,1.0137909898866073,650,2212,446,3308,3263,116,7148,1556,5592,14,14,0,0,0.4489524
delooping_direct_baselines_v046_postprimary_v1_meeting_score,aishell5,eval2,raw448,learned,whisper_token_exact_keep2,A5E2_005,0.8436940966010733,1092,2153,528,3773,4472,132,9579,2913,6666,15,15,0,0,0.6190329
delooping_direct_baselines_v046_postprimary_v1_meeting_score,aishell5,eval2,raw448,learned,whisper_token_exact_keep2,A5E2_006,1.206441393875396,1402,1613,1555,4570,3788,116,13191,3779,9412,25,27,0,0,0.8535675
delooping_direct_baselines_v046_postprimary_v1_meeting_score,aishell5,eval2,raw448,learned,whisper_token_exact_keep2,A5E2_007,1.0296324081020256,819,1321,605,2745,2666,76,7055,1958,5097,13,14,0,0,0.3364433
delooping_direct_baselines_v046_postprimary_v1_meeting_score,aishell5,eval2,raw448,learned,whisper_token_exact_keep2,A5E2_008,1.0621615257829056,637,2182,1692,4511,4247,120,13562,3802,9760,25,25,0,0,0.8829348
delooping_direct_baselines_v046_postprimary_v1_meeting_score,aishell5,eval2,raw448,learned,whisper_token_exact_keep2,A5E2_009,0.9967447916666666,868,1631,563,3062,3072,92,7228,2066,5162,13,13,0,0,0.2975136
delooping_direct_baselines_v046_postprimary_v1_meeting_score,aishell5,eval2,raw448,learned,whisper_token_exact_keep2,A5E2_010,1.0846498467342607,659,2329,1612,4600,4241,124,9875,3589,6286,15,16,0,0,0.452782
delooping_direct_baselines_v046_postprimary_v1_meeting_score,aishell5,eval2,raw448,learned,whisper_token_exact_keep2,A5E2_011,1.068168168168168,1054,1602,901,3557,3330,100,10577,2674,7903,20,20,0,0,0.5244082
delooping_direct_baselines_v046_postprimary_v1_meeting_score,aishell5,eval2,raw448,learned,whisper_token_exact_keep2,A5E2_012,0.8748010610079575,929,2086,283,3298,3770,120,9854,2019,7835,19,19,0,0,0.6340637
delooping_direct_baselines_v046_postprimary_v1_meeting_score,aishell5,eval2,raw448,learned,whisper_token_exact_keep2,A5E2_013,1.0482406356413168,754,1405,1535,3694,3524,96,10935,3695,7240,15,16,0,0,0.580979
delooping_direct_baselines_v046_postprimary_v1_meeting_score,aishell5,eval2,raw448,learned,whisper_token_exact_keep2,A5E2_014,0.9977656405163853,1162,1791,1066,4019,4028,108,12142,3344,8798,20,21,0,0,0.7426716
delooping_direct_baselines_v046_postprimary_v1_meeting_score,aishell5,eval2,raw448,learned,whisper_token_exact_keep2,A5E2_015,0.9860074626865671,785,1425,961,3171,3216,100,9660,2802,6858,16,19,0,0,0.627107
delooping_direct_baselines_v046_postprimary_v1_meeting_score,aishell5,eval2,raw448,learned,whisper_token_exact_keep2,A5E2_016,1.106504374286801,962,1131,816,2909,2629,100,8378,2367,6011,13,14,0,0,0.4296303
delooping_direct_baselines_v046_postprimary_v1_meeting_score,aishell5,eval2,raw448,learned,whisper_token_exact_keep2,A5E2_017,1.0098287888395687,727,1620,838,3185,3154,112,10601,2446,8155,20,22,0,0,0.698512
delooping_direct_baselines_v046_postprimary_v1_meeting_score,aishell5,eval2,raw448,learned,whisper_token_exact_keep2,A5E2_018,1.173503861003861,1197,1565,2101,4863,4144,116,12238,4844,7394,19,19,0,0,0.4414275
delooping_direct_baselines_v046_postprimary_v1_meeting_score,aishell5,eval1,raw448,public,existing_canonical_guard_keep2,A5E1_001,0.8982332155477032,567,493,211,1271,1415,56,5111,1174,3937,10,11,0,0,0.0578355
delooping_direct_baselines_v046_postprimary_v1_meeting_score,aishell5,eval1,raw448,public,existing_canonical_guard_keep2,A5E1_002,1.0883270911360798,881,1335,1271,3487,3204,100,12352,3178,9174,20,20,0,0,0.41745
delooping_direct_baselines_v046_postprimary_v1_meeting_score,aishell5,eval1,raw448,public,existing_canonical_guard_keep2,A5E1_003,0.9703092783505155,920,825,608,2353,2425,88,4012,2284,1728,4,5,0,0,0.03476
delooping_direct_baselines_v046_postprimary_v1_meeting_score,aishell5,eval1,raw448,public,existing_canonical_guard_keep2,A5E1_004,0.9032638615808101,624,977,696,2297,2543,84,8010,2353,5657,11,11,0,0,0.1454308
delooping_direct_baselines_v046_postprimary_v1_meeting_score,aishell5,eval1,raw448,public,existing_canonical_guard_keep2,A5E1_005,0.8744545149378986,597,1161,847,2605,2979,92,7155,2721,4434,10,10,0,0,0.0867731
delooping_direct_baselines_v046_postprimary_v1_meeting_score,aishell5,eval1,raw448,public,existing_canonical_guard_keep2,A5E1_006,1.0887021475256768,475,1131,726,2332,2142,88,5936,1774,4162,10,10,0,0,0.10677
delooping_direct_baselines_v046_postprimary_v1_meeting_score,aishell5,eval1,raw448,public,existing_canonical_guard_keep2,A5E1_007,1.0268798911194283,680,1310,1028,3018,2939,100,9596,2700,6896,15,16,0,0,0.2273597
delooping_direct_baselines_v046_postprimary_v1_meeting_score,aishell5,eval1,raw448,public,existing_canonical_guard_keep2,A5E1_008,1.1114754098360655,1159,1171,2416,4746,4270,120,10974,5580,5394,14,14,0,0,0.1459623
delooping_direct_baselines_v046_postprimary_v1_meeting_score,aishell5,eval1,raw448,public,existing_canonical_guard_keep2,A5E1_009,1.1298076923076923,850,1187,783,2820,2496,112,5835,2162,3673,10,10,0,0,0.0415575
delooping_direct_baselines_v046_postprimary_v1_meeting_score,aishell5,eval1,raw448,public,existing_canonical_guard_keep2,A5E1_010,1.0349462365591398,961,559,405,1925,1860,100,6250,1799,4451,11,12,0,0,0.1238366
delooping_direct_baselines_v046_postprimary_v1_meeting_score,aishell5,eval1,raw448,public,existing_canonical_guard_keep2,A5E1_011,1.0194260485651214,1072,487,750,2309,2265,116,7369,2593,4776,13,13,0,0,0.0834273
delooping_direct_baselines_v046_postprimary_v1_meeting_score,aishell5,eval1,raw448,public,existing_canonical_guard_keep2,A5E1_012,1.1571025399811854,493,1421,1776,3690,3189,100,9221,3588,5633,15,15,0,0,0.1675159
delooping_direct_baselines_v046_postprimary_v1_meeting_score,aishell5,eval1,raw448,public,existing_canonical_guard_keep2,A5E1_013,1.1035012285012284,903,855,1835,3593,3256,92,11960,4242,7718,17,17,0,0,0.1595911
delooping_direct_baselines_v046_postprimary_v1_meeting_score,aishell5,eval1,raw448,public,existing_canonical_guard_keep2,A5E1_014,1.2925619834710744,735,816,1577,3128,2420,88,6374,3228,3146,8,9,0,0,0.0383681
delooping_direct_baselines_v046_postprimary_v1_meeting_score,aishell5,eval1,raw448,public,existing_canonical_guard_keep2,A5E1_015,1.1857332155477032,861,1625,2883,5369,4528,128,10798,5839,4959,12,13,0,0,0.0912123
delooping_direct_baselines_v046_postprimary_v1_meeting_score,aishell5,eval1,raw448,public,existing_canonical_guard_keep2,A5E1_016,0.734321550741163,686,888,358,1932,2631,96,2979,2127,852,2,2,0,0,0.0138157
delooping_direct_baselines_v046_postprimary_v1_meeting_score,aishell5,eval1,raw448,public,existing_canonical_guard_keep2,A5E1_017,1.3816029143897997,1694,65,1275,3034,2196,88,8423,3470,4953,12,12,0,0,0.1187184
delooping_direct_baselines_v046_postprimary_v1_meeting_score,aishell5,eval1,raw448,public,existing_canonical_guard_keep2,A5E1_018,1.1394354148845167,597,995,1072,2664,2338,96,5286,2496,2790,6,6,0,0,0.0557113
delooping_direct_baselines_v046_postprimary_v1_meeting_score,aishell5,eval2,raw448,public,existing_canonical_guard_keep2,A5E2_001,0.957057057057057,945,992,1250,3187,3330,88,7136,3629,3507,11,12,0,0,0.0538792
delooping_direct_baselines_v046_postprimary_v1_meeting_score,aishell5,eval2,raw448,public,existing_canonical_guard_keep2,A5E2_002,1.0168090383025628,1495,1474,721,3690,3629,104,10925,2935,7990,20,20,0,0,0.1379778
delooping_direct_baselines_v046_postprimary_v1_meeting_score,aishell5,eval2,raw448,public,existing_canonical_guard_keep2,A5E2_003,1.1042600896860986,783,644,543,1970,1784,84,5680,1739,3941,10,10,0,0,0.0567025
delooping_direct_baselines_v046_postprimary_v1_meeting_score,aishell5,eval2,raw448,public,existing_canonical_guard_keep2,A5E2_004,1.0551639595464297,734,2231,478,3443,3263,116,7837,1549,6288,14,14,0,0,0.1726023
delooping_direct_baselines_v046_postprimary_v1_meeting_score,aishell5,eval2,raw448,public,existing_canonical_guard_keep2,A5E2_005,0.8658318425760286,1137,2133,602,3872,4472,132,12007,3004,9003,21,22,0,0,0.2253025
delooping_direct_baselines_v046_postprimary_v1_meeting_score,aishell5,eval2,raw448,public,existing_canonical_guard_keep2,A5E2_006,1.1834741288278776,1359,1633,1491,4483,3788,116,15952,3720,12232,30,31,0,0,0.4057813
delooping_direct_baselines_v046_postprimary_v1_meeting_score,aishell5,eval2,raw448,public,existing_canonical_guard_keep2,A5E2_007,1.0678919729932483,954,1207,686,2847,2666,76,7876,2201,5675,14,14,0,0,0.0678229
delooping_direct_baselines_v046_postprimary_v1_meeting_score,aishell5,eval2,raw448,public,existing_canonical_guard_keep2,A5E2_008,1.095596891923711,699,2179,1775,4653,4247,120,12814,3862,8952,24,26,0,0,0.1926891
delooping_direct_baselines_v046_postprimary_v1_meeting_score,aishell5,eval2,raw448,public,existing_canonical_guard_keep2,A5E2_009,0.91015625,843,1616,337,2796,3072,92,5861,1850,4011,10,10,0,0,0.0663799
delooping_direct_baselines_v046_postprimary_v1_meeting_score,aishell5,eval2,raw448,public,existing_canonical_guard_keep2,A5E2_010,1.0712096203725536,716,2214,1613,4543,4241,124,11677,3704,7973,18,19,0,0,0.1816093
delooping_direct_baselines_v046_postprimary_v1_meeting_score,aishell5,eval2,raw448,public,existing_canonical_guard_keep2,A5E2_011,1.0387387387387388,602,1915,942,3459,3330,100,8062,2404,5658,15,15,0,0,0.0879109
delooping_direct_baselines_v046_postprimary_v1_meeting_score,aishell5,eval2,raw448,public,existing_canonical_guard_keep2,A5E2_012,0.8962864721485411,920,2129,330,3379,3770,120,8182,2004,6178,14,14,0,0,0.1328237
delooping_direct_baselines_v046_postprimary_v1_meeting_score,aishell5,eval2,raw448,public,existing_canonical_guard_keep2,A5E2_013,0.9077752553916004,838,1383,978,3199,3524,96,6608,3182,3426,8,8,0,0,0.0547762
delooping_direct_baselines_v046_postprimary_v1_meeting_score,aishell5,eval2,raw448,public,existing_canonical_guard_keep2,A5E2_014,0.9513406156901688,648,2049,1135,3832,4028,108,7308,3198,4110,10,11,0,0,0.0920228
delooping_direct_baselines_v046_postprimary_v1_meeting_score,aishell5,eval2,raw448,public,existing_canonical_guard_keep2,A5E2_015,0.9670398009950248,728,1547,835,3110,3216,100,8657,2575,6082,14,17,0,0,0.1227729
delooping_direct_baselines_v046_postprimary_v1_meeting_score,aishell5,eval2,raw448,public,existing_canonical_guard_keep2,A5E2_016,1.1643210346139217,1122,956,983,3061,2629,100,7889,2727,5162,12,13,0,0,0.1358357
delooping_direct_baselines_v046_postprimary_v1_meeting_score,aishell5,eval2,raw448,public,existing_canonical_guard_keep2,A5E2_017,1.0269499048826887,759,1584,896,3239,3154,112,8631,2537,6094,15,16,0,0,0.1361528
delooping_direct_baselines_v046_postprimary_v1_meeting_score,aishell5,eval2,raw448,public,existing_canonical_guard_keep2,A5E2_018,1.103523166023166,1131,1439,2003,4573,4144,116,12255,4965,7290,21,23,0,0,0.1587095
delooping_direct_baselines_v046_postprimary_v1_meeting_score,aishell5,eval1,raw448,public,identity_raw,A5E1_001,2.945583038869258,1032,61,3075,4168,1415,56,5111,5111,0,0,0,10,11,0.0
delooping_direct_baselines_v046_postprimary_v1_meeting_score,aishell5,eval1,raw448,public,identity_raw,A5E1_002,3.544943820224719,2199,197,8962,11358,3204,100,12352,12352,0,0,0,20,20,0.0
delooping_direct_baselines_v046_postprimary_v1_meeting_score,aishell5,eval1,raw448,public,identity_raw,A5E1_003,1.4857731958762888,2004,80,1519,3603,2425,88,4012,4012,0,0,0,4,5,0.0
delooping_direct_baselines_v046_postprimary_v1_meeting_score,aishell5,eval1,raw448,public,identity_raw,A5E1_004,2.7058592213920565,1514,207,5160,6881,2543,84,8010,8010,0,0,0,11,11,0.0
delooping_direct_baselines_v046_postprimary_v1_meeting_score,aishell5,eval1,raw448,public,identity_raw,A5E1_005,2.130245048674052,1967,218,4161,6346,2979,92,7155,7155,0,0,0,10,10,0.0
delooping_direct_baselines_v046_postprimary_v1_meeting_score,aishell5,eval1,raw448,public,identity_raw,A5E1_006,2.5392156862745097,1793,45,3601,5439,2142,88,5936,5936,0,0,0,10,10,0.0
delooping_direct_baselines_v046_postprimary_v1_meeting_score,aishell5,eval1,raw448,public,identity_raw,A5E1_007,2.9683565838720654,2152,155,6417,8724,2939,100,9596,9596,0,0,0,15,16,0.0
delooping_direct_baselines_v046_postprimary_v1_meeting_score,aishell5,eval1,raw448,public,identity_raw,A5E1_008,2.339578454332553,1591,880,7519,9990,4270,120,10974,10974,0,0,0,14,14,0.0
delooping_direct_baselines_v046_postprimary_v1_meeting_score,aishell5,eval1,raw448,public,identity_raw,A5E1_009,2.1850961538461537,2139,44,3271,5454,2496,112,5835,5835,0,0,0,10,10,0.0
delooping_direct_baselines_v046_postprimary_v1_meeting_score,aishell5,eval1,raw448,public,identity_raw,A5E1_010,3.0951612903225807,1490,58,4209,5757,1860,100,6250,6250,0,0,0,11,12,0.0
delooping_direct_baselines_v046_postprimary_v1_meeting_score,aishell5,eval1,raw448,public,identity_raw,A5E1_011,2.890066225165563,1269,255,5022,6546,2265,116,7369,7369,0,0,0,13,13,0.0
delooping_direct_baselines_v046_postprimary_v1_meeting_score,aishell5,eval1,raw448,public,identity_raw,A5E1_012,2.689244277202885,2450,104,6022,8576,3189,100,9221,9221,0,0,0,15,15,0.0
delooping_direct_baselines_v046_postprimary_v1_meeting_score,aishell5,eval1,raw448,public,identity_raw,A5E1_013,3.3636363636363638,1490,382,9080,10952,3256,92,11960,11960,0,0,0,17,17,0.0
delooping_direct_baselines_v046_postprimary_v1_meeting_score,aishell5,eval1,raw448,public,identity_raw,A5E1_014,2.399586776859504,1673,181,3953,5807,2420,88,6374,6374,0,0,0,8,9,0.0
delooping_direct_baselines_v046_postprimary_v1_meeting_score,aishell5,eval1,raw448,public,identity_raw,A5E1_015,2.1568021201413425,1773,888,7105,9766,4528,128,10798,10798,0,0,0,12,13,0.0
delooping_direct_baselines_v046_postprimary_v1_meeting_score,aishell5,eval1,raw448,public,identity_raw,A5E1_016,0.9186621056632459,1183,456,778,2417,2631,96,2979,2979,0,0,0,2,2,0.0
delooping_direct_baselines_v046_postprimary_v1_meeting_score,aishell5,eval1,raw448,public,identity_raw,A5E1_017,3.3501821493624773,1593,62,5702,7357,2196,88,8423,8423,0,0,0,12,12,0.0
delooping_direct_baselines_v046_postprimary_v1_meeting_score,aishell5,eval1,raw448,public,identity_raw,A5E1_018,2.051753635585971,1564,219,3014,4797,2338,96,5286,5286,0,0,0,6,6,0.0
delooping_direct_baselines_v046_postprimary_v1_meeting_score,aishell5,eval2,raw448,public,identity_raw,A5E2_001,1.9717717717717718,997,937,4632,6566,3330,88,7136,7136,0,0,0,11,12,0.0
delooping_direct_baselines_v046_postprimary_v1_meeting_score,aishell5,eval2,raw448,public,identity_raw,A5E2_002,2.7847891981262056,2924,138,7044,10106,3629,104,10925,10925,0,0,0,20,20,0.0
delooping_direct_baselines_v046_postprimary_v1_meeting_score,aishell5,eval2,raw448,public,identity_raw,A5E2_003,2.890695067264574,1597,10,3550,5157,1784,84,5680,5680,0,0,0,10,10,0.0
delooping_direct_baselines_v046_postprimary_v1_meeting_score,aishell5,eval2,raw448,public,identity_raw,A5E2_004,2.273980999080601,3031,4,4385,7420,3263,116,7837,7837,0,0,0,14,14,0.0
delooping_direct_baselines_v046_postprimary_v1_meeting_score,aishell5,eval2,raw448,public,identity_raw,A5E2_005,2.375447227191413,3143,345,7135,10623,4472,132,12007,12007,0,0,0,21,22,0.0
delooping_direct_baselines_v046_postprimary_v1_meeting_score,aishell5,eval2,raw448,public,identity_raw,A5E2_006,4.077877507919746,2767,295,12385,15447,3788,116,15952,15952,0,0,0,30,31,0.0
delooping_direct_baselines_v046_postprimary_v1_meeting_score,aishell5,eval2,raw448,public,identity_raw,A5E2_007,2.6931732933233308,2061,118,5001,7180,2666,76,7876,7876,0,0,0,14,14,0.0
delooping_direct_baselines_v046_postprimary_v1_meeting_score,aishell5,eval2,raw448,public,identity_raw,A5E2_008,2.767836119613845,2773,298,8684,11755,4247,120,12814,12814,0,0,0,24,26,0.0
delooping_direct_baselines_v046_postprimary_v1_meeting_score,aishell5,eval2,raw448,public,identity_raw,A5E2_009,1.7594401041666667,2210,340,2855,5405,3072,92,5861,5861,0,0,0,10,10,0.0
delooping_direct_baselines_v046_postprimary_v1_meeting_score,aishell5,eval2,raw448,public,identity_raw,A5E2_010,2.5647253006366424,3173,344,7360,10877,4241,124,11677,11677,0,0,0,18,19,0.0
delooping_direct_baselines_v046_postprimary_v1_meeting_score,aishell5,eval2,raw448,public,identity_raw,A5E2_011,2.263663663663664,2941,47,4550,7538,3330,100,8062,8062,0,0,0,15,15,0.0
delooping_direct_baselines_v046_postprimary_v1_meeting_score,aishell5,eval2,raw448,public,identity_raw,A5E2_012,2.0259946949602123,3001,172,4465,7638,3770,120,8182,8182,0,0,0,14,14,0.0
delooping_direct_baselines_v046_postprimary_v1_meeting_score,aishell5,eval2,raw448,public,identity_raw,A5E2_013,1.7840522133938705,1513,919,3855,6287,3524,96,6608,6608,0,0,0,8,8,0.0
delooping_direct_baselines_v046_postprimary_v1_meeting_score,aishell5,eval2,raw448,public,identity_raw,A5E2_014,1.6017874875868918,2690,501,3261,6452,4028,108,7308,7308,0,0,0,10,11,0.0
delooping_direct_baselines_v046_postprimary_v1_meeting_score,aishell5,eval2,raw448,public,identity_raw,A5E2_015,2.316542288557214,2281,192,4977,7450,3216,100,8657,8657,0,0,0,14,17,0.0
delooping_direct_baselines_v046_postprimary_v1_meeting_score,aishell5,eval2,raw448,public,identity_raw,A5E2_016,2.6808672499049067,2220,65,4763,7048,2629,100,7889,7889,0,0,0,12,13,0.0
delooping_direct_baselines_v046_postprimary_v1_meeting_score,aishell5,eval2,raw448,public,identity_raw,A5E2_017,2.4216867469879517,2294,239,5105,7638,3154,112,8631,8631,0,0,0,15,16,0.0
delooping_direct_baselines_v046_postprimary_v1_meeting_score,aishell5,eval2,raw448,public,identity_raw,A5E2_018,2.5108590733590734,1913,839,7653,10405,4144,116,12255,12255,0,0,0,21,23,0.0
delooping_direct_baselines_v046_postprimary_v1_meeting_score,aishell5,eval1,raw448,public,ltr_greedy_character_keep2,A5E1_001,0.8982332155477032,567,493,211,1271,1415,56,5111,1174,3937,10,11,0,0,0.0017703
delooping_direct_baselines_v046_postprimary_v1_meeting_score,aishell5,eval1,raw448,public,ltr_greedy_character_keep2,A5E1_002,1.0883270911360798,881,1335,1271,3487,3204,100,12352,3178,9174,20,20,0,0,0.0044601
delooping_direct_baselines_v046_postprimary_v1_meeting_score,aishell5,eval1,raw448,public,ltr_greedy_character_keep2,A5E1_003,0.9703092783505155,920,825,608,2353,2425,88,4012,2284,1728,4,5,0,0,0.0028192
delooping_direct_baselines_v046_postprimary_v1_meeting_score,aishell5,eval1,raw448,public,ltr_greedy_character_keep2,A5E1_004,0.9032638615808101,624,977,696,2297,2543,84,8010,2353,5657,11,11,0,0,0.0030348
delooping_direct_baselines_v046_postprimary_v1_meeting_score,aishell5,eval1,raw448,public,ltr_greedy_character_keep2,A5E1_005,0.8744545149378986,597,1161,847,2605,2979,92,7155,2721,4434,10,10,0,0,0.0035156
delooping_direct_baselines_v046_postprimary_v1_meeting_score,aishell5,eval1,raw448,public,ltr_greedy_character_keep2,A5E1_006,1.0887021475256768,475,1131,726,2332,2142,88,5936,1774,4162,10,10,0,0,0.0018235
delooping_direct_baselines_v046_postprimary_v1_meeting_score,aishell5,eval1,raw448,public,ltr_greedy_character_keep2,A5E1_007,1.0268798911194283,680,1310,1028,3018,2939,100,9596,2700,6896,15,16,0,0,0.0040238
delooping_direct_baselines_v046_postprimary_v1_meeting_score,aishell5,eval1,raw448,public,ltr_greedy_character_keep2,A5E1_008,1.1114754098360655,1159,1171,2416,4746,4270,120,10974,5580,5394,14,14,0,0,0.0080815
delooping_direct_baselines_v046_postprimary_v1_meeting_score,aishell5,eval1,raw448,public,ltr_greedy_character_keep2,A5E1_009,1.1298076923076923,850,1187,783,2820,2496,112,5835,2162,3673,10,10,0,0,0.0027282
delooping_direct_baselines_v046_postprimary_v1_meeting_score,aishell5,eval1,raw448,public,ltr_greedy_character_keep2,A5E1_010,1.0349462365591398,961,559,405,1925,1860,100,6250,1799,4451,11,12,0,0,0.0026793
delooping_direct_baselines_v046_postprimary_v1_meeting_score,aishell5,eval1,raw448,public,ltr_greedy_character_keep2,A5E1_011,1.0194260485651214,1072,487,750,2309,2265,116,7369,2593,4776,13,13,0,0,0.0040877
delooping_direct_baselines_v046_postprimary_v1_meeting_score,aishell5,eval1,raw448,public,ltr_greedy_character_keep2,A5E1_012,1.1571025399811854,493,1421,1776,3690,3189,100,9221,3588,5633,15,15,0,0,0.0044499
delooping_direct_baselines_v046_postprimary_v1_meeting_score,aishell5,eval1,raw448,public,ltr_greedy_character_keep2,A5E1_013,1.1035012285012284,903,855,1835,3593,3256,92,11960,4242,7718,17,17,0,0,0.0060244
delooping_direct_baselines_v046_postprimary_v1_meeting_score,aishell5,eval1,raw448,public,ltr_greedy_character_keep2,A5E1_014,1.2925619834710744,735,816,1577,3128,2420,88,6374,3228,3146,8,9,0,0,0.004008
delooping_direct_baselines_v046_postprimary_v1_meeting_score,aishell5,eval1,raw448,public,ltr_greedy_character_keep2,A5E1_015,1.1857332155477032,861,1625,2883,5369,4528,128,10798,5839,4959,12,13,0,0,0.0069247
delooping_direct_baselines_v046_postprimary_v1_meeting_score,aishell5,eval1,raw448,public,ltr_greedy_character_keep2,A5E1_016,0.734321550741163,686,888,358,1932,2631,96,2979,2127,852,2,2,0,0,0.0020793
delooping_direct_baselines_v046_postprimary_v1_meeting_score,aishell5,eval1,raw448,public,ltr_greedy_character_keep2,A5E1_017,1.3816029143897997,1694,65,1275,3034,2196,88,8423,3470,4953,12,12,0,0,0.0050454
delooping_direct_baselines_v046_postprimary_v1_meeting_score,aishell5,eval1,raw448,public,ltr_greedy_character_keep2,A5E1_018,1.1394354148845167,597,995,1072,2664,2338,96,5286,2496,2790,6,6,0,0,0.0024324
delooping_direct_baselines_v046_postprimary_v1_meeting_score,aishell5,eval2,raw448,public,ltr_greedy_character_keep2,A5E2_001,0.957057057057057,945,992,1250,3187,3330,88,7136,3629,3507,11,12,0,0,0.0050732
delooping_direct_baselines_v046_postprimary_v1_meeting_score,aishell5,eval2,raw448,public,ltr_greedy_character_keep2,A5E2_002,1.0168090383025628,1495,1474,721,3690,3629,104,10925,2935,7990,20,20,0,0,0.0041486
delooping_direct_baselines_v046_postprimary_v1_meeting_score,aishell5,eval2,raw448,public,ltr_greedy_character_keep2,A5E2_003,1.1042600896860986,783,644,543,1970,1784,84,5680,1739,3941,10,10,0,0,0.0017942
delooping_direct_baselines_v046_postprimary_v1_meeting_score,aishell5,eval2,raw448,public,ltr_greedy_character_keep2,A5E2_004,1.0551639595464297,734,2231,478,3443,3263,116,7837,1549,6288,14,14,0,0,0.0024104
delooping_direct_baselines_v046_postprimary_v1_meeting_score,aishell5,eval2,raw448,public,ltr_greedy_character_keep2,A5E2_005,0.8658318425760286,1137,2133,602,3872,4472,132,12007,3004,9003,21,22,0,0,0.0045779
delooping_direct_baselines_v046_postprimary_v1_meeting_score,aishell5,eval2,raw448,public,ltr_greedy_character_keep2,A5E2_006,1.1834741288278776,1359,1633,1491,4483,3788,116,15952,3720,12232,30,31,0,0,0.006101
delooping_direct_baselines_v046_postprimary_v1_meeting_score,aishell5,eval2,raw448,public,ltr_greedy_character_keep2,A5E2_007,1.0678919729932483,954,1207,686,2847,2666,76,7876,2201,5675,14,14,0,0,0.0030405
delooping_direct_baselines_v046_postprimary_v1_meeting_score,aishell5,eval2,raw448,public,ltr_greedy_character_keep2,A5E2_008,1.095596891923711,699,2179,1775,4653,4247,120,12814,3862,8952,24,26,0,0,0.0060909
delooping_direct_baselines_v046_postprimary_v1_meeting_score,aishell5,eval2,raw448,public,ltr_greedy_character_keep2,A5E2_009,0.91015625,843,1616,337,2796,3072,92,5861,1850,4011,10,10,0,0,0.0024563
delooping_direct_baselines_v046_postprimary_v1_meeting_score,aishell5,eval2,raw448,public,ltr_greedy_character_keep2,A5E2_010,1.0712096203725536,716,2214,1613,4543,4241,124,11677,3704,7973,18,19,0,0,0.0053933
delooping_direct_baselines_v046_postprimary_v1_meeting_score,aishell5,eval2,raw448,public,ltr_greedy_character_keep2,A5E2_011,1.0387387387387388,602,1915,942,3459,3330,100,8062,2404,5658,15,15,0,0,0.0036987
delooping_direct_baselines_v046_postprimary_v1_meeting_score,aishell5,eval2,raw448,public,ltr_greedy_character_keep2,A5E2_012,0.8962864721485411,920,2129,330,3379,3770,120,8182,2004,6178,14,14,0,0,0.0024583
delooping_direct_baselines_v046_postprimary_v1_meeting_score,aishell5,eval2,raw448,public,ltr_greedy_character_keep2,A5E2_013,0.9077752553916004,838,1383,978,3199,3524,96,6608,3182,3426,8,8,0,0,0.0041622
delooping_direct_baselines_v046_postprimary_v1_meeting_score,aishell5,eval2,raw448,public,ltr_greedy_character_keep2,A5E2_014,0.9513406156901688,648,2049,1135,3832,4028,108,7308,3198,4110,10,11,0,0,0.0042798
delooping_direct_baselines_v046_postprimary_v1_meeting_score,aishell5,eval2,raw448,public,ltr_greedy_character_keep2,A5E2_015,0.9670398009950248,728,1547,835,3110,3216,100,8657,2575,6082,14,17,0,0,0.004246
delooping_direct_baselines_v046_postprimary_v1_meeting_score,aishell5,eval2,raw448,public,ltr_greedy_character_keep2,A5E2_016,1.1643210346139217,1122,956,983,3061,2629,100,7889,2727,5162,12,13,0,0,0.0028759
delooping_direct_baselines_v046_postprimary_v1_meeting_score,aishell5,eval2,raw448,public,ltr_greedy_character_keep2,A5E2_017,1.0269499048826887,759,1584,896,3239,3154,112,8631,2537,6094,15,16,0,0,0.0030063
delooping_direct_baselines_v046_postprimary_v1_meeting_score,aishell5,eval2,raw448,public,ltr_greedy_character_keep2,A5E2_018,1.103523166023166,1131,1439,2003,4573,4144,116,12255,4965,7290,21,23,0,0,0.0082248
delooping_direct_baselines_v046_postprimary_v1_meeting_score,aishell5,eval1,raw448,public,whisper_token_exact_keep2,A5E1_001,0.8982332155477032,567,493,211,1271,1415,56,5111,1174,3937,10,11,0,0,0.2118174
delooping_direct_baselines_v046_postprimary_v1_meeting_score,aishell5,eval1,raw448,public,whisper_token_exact_keep2,A5E1_002,1.0889513108614233,883,1333,1273,3489,3204,100,12352,3182,9170,20,20,0,0,0.9906213
delooping_direct_baselines_v046_postprimary_v1_meeting_score,aishell5,eval1,raw448,public,whisper_token_exact_keep2,A5E1_003,0.9703092783505155,920,825,608,2353,2425,88,4012,2284,1728,4,5,0,0,0.1242998
delooping_direct_baselines_v046_postprimary_v1_meeting_score,aishell5,eval1,raw448,public,whisper_token_exact_keep2,A5E1_004,0.9032638615808101,627,974,696,2297,2543,84,8010,2356,5654,11,11,0,0,0.3467033
delooping_direct_baselines_v046_postprimary_v1_meeting_score,aishell5,eval1,raw448,public,whisper_token_exact_keep2,A5E1_005,0.8744545149378986,597,1161,847,2605,2979,92,7155,2721,4434,10,10,0,0,0.3138993
delooping_direct_baselines_v046_postprimary_v1_meeting_score,aishell5,eval1,raw448,public,whisper_token_exact_keep2,A5E1_006,1.0887021475256768,475,1131,726,2332,2142,88,5936,1774,4162,10,10,0,0,0.388619
delooping_direct_baselines_v046_postprimary_v1_meeting_score,aishell5,eval1,raw448,public,whisper_token_exact_keep2,A5E1_007,1.0268798911194283,680,1310,1028,3018,2939,100,9596,2700,6896,15,16,0,0,0.6816556
delooping_direct_baselines_v046_postprimary_v1_meeting_score,aishell5,eval1,raw448,public,whisper_token_exact_keep2,A5E1_008,1.1114754098360655,1159,1171,2416,4746,4270,120,10974,5580,5394,14,14,0,0,0.5414947
delooping_direct_baselines_v046_postprimary_v1_meeting_score,aishell5,eval1,raw448,public,whisper_token_exact_keep2,A5E1_009,1.1298076923076923,850,1187,783,2820,2496,112,5835,2162,3673,10,10,0,0,0.1504728
delooping_direct_baselines_v046_postprimary_v1_meeting_score,aishell5,eval1,raw448,public,whisper_token_exact_keep2,A5E1_010,1.0349462365591398,961,559,405,1925,1860,100,6250,1799,4451,11,12,0,0,0.4680559
delooping_direct_baselines_v046_postprimary_v1_meeting_score,aishell5,eval1,raw448,public,whisper_token_exact_keep2,A5E1_011,1.0194260485651214,1072,487,750,2309,2265,116,7369,2593,4776,13,13,0,0,0.3073888
delooping_direct_baselines_v046_postprimary_v1_meeting_score,aishell5,eval1,raw448,public,whisper_token_exact_keep2,A5E1_012,1.1571025399811854,493,1421,1776,3690,3189,100,9221,3588,5633,15,15,0,0,0.638311
delooping_direct_baselines_v046_postprimary_v1_meeting_score,aishell5,eval1,raw448,public,whisper_token_exact_keep2,A5E1_013,1.104115479115479,903,855,1837,3595,3256,92,11960,4244,7716,17,17,0,0,0.4872884
delooping_direct_baselines_v046_postprimary_v1_meeting_score,aishell5,eval1,raw448,public,whisper_token_exact_keep2,A5E1_014,1.2925619834710744,735,816,1577,3128,2420,88,6374,3228,3146,8,9,0,0,0.1088145
delooping_direct_baselines_v046_postprimary_v1_meeting_score,aishell5,eval1,raw448,public,whisper_token_exact_keep2,A5E1_015,1.1857332155477032,861,1625,2883,5369,4528,128,10798,5839,4959,12,13,0,0,0.3307637
delooping_direct_baselines_v046_postprimary_v1_meeting_score,aishell5,eval1,raw448,public,whisper_token_exact_keep2,A5E1_016,0.734321550741163,686,888,358,1932,2631,96,2979,2127,852,2,2,0,0,0.0498614
delooping_direct_baselines_v046_postprimary_v1_meeting_score,aishell5,eval1,raw448,public,whisper_token_exact_keep2,A5E1_017,1.2304189435336976,922,782,998,2702,2196,88,8423,2476,5947,14,14,0,0,0.445153
delooping_direct_baselines_v046_postprimary_v1_meeting_score,aishell5,eval1,raw448,public,whisper_token_exact_keep2,A5E1_018,1.1394354148845167,597,995,1072,2664,2338,96,5286,2496,2790,6,6,0,0,0.202346
delooping_direct_baselines_v046_postprimary_v1_meeting_score,aishell5,eval2,raw448,public,whisper_token_exact_keep2,A5E2_001,0.957057057057057,945,992,1250,3187,3330,88,7136,3629,3507,11,12,0,0,0.2089764
delooping_direct_baselines_v046_postprimary_v1_meeting_score,aishell5,eval2,raw448,public,whisper_token_exact_keep2,A5E2_002,1.0168090383025628,1495,1474,721,3690,3629,104,10925,2935,7990,20,20,0,0,0.5025363
delooping_direct_baselines_v046_postprimary_v1_meeting_score,aishell5,eval2,raw448,public,whisper_token_exact_keep2,A5E2_003,1.1042600896860986,783,644,543,1970,1784,84,5680,1739,3941,10,10,0,0,0.2081665
delooping_direct_baselines_v046_postprimary_v1_meeting_score,aishell5,eval2,raw448,public,whisper_token_exact_keep2,A5E2_004,1.0551639595464297,735,2230,478,3443,3263,116,7837,1550,6287,14,14,0,0,0.5740476
delooping_direct_baselines_v046_postprimary_v1_meeting_score,aishell5,eval2,raw448,public,whisper_token_exact_keep2,A5E2_005,0.8658318425760286,1137,2133,602,3872,4472,132,12007,3004,9003,21,22,0,0,0.7236409
delooping_direct_baselines_v046_postprimary_v1_meeting_score,aishell5,eval2,raw448,public,whisper_token_exact_keep2,A5E2_006,1.1834741288278776,1359,1633,1491,4483,3788,116,15952,3720,12232,30,31,0,0,1.4643703
delooping_direct_baselines_v046_postprimary_v1_meeting_score,aishell5,eval2,raw448,public,whisper_token_exact_keep2,A5E2_007,1.0678919729932483,954,1207,686,2847,2666,76,7876,2201,5675,14,14,0,0,0.2291316
delooping_direct_baselines_v046_postprimary_v1_meeting_score,aishell5,eval2,raw448,public,whisper_token_exact_keep2,A5E2_008,1.095596891923711,729,2149,1775,4653,4247,120,12814,3892,8922,24,25,1,1,0.691897
delooping_direct_baselines_v046_postprimary_v1_meeting_score,aishell5,eval2,raw448,public,whisper_token_exact_keep2,A5E2_009,0.91015625,843,1616,337,2796,3072,92,5861,1850,4011,10,10,0,0,0.2449771
delooping_direct_baselines_v046_postprimary_v1_meeting_score,aishell5,eval2,raw448,public,whisper_token_exact_keep2,A5E2_010,1.0712096203725536,716,2214,1613,4543,4241,124,11677,3704,7973,18,19,0,0,0.5656421
delooping_direct_baselines_v046_postprimary_v1_meeting_score,aishell5,eval2,raw448,public,whisper_token_exact_keep2,A5E2_011,1.0387387387387388,602,1915,942,3459,3330,100,8062,2404,5658,15,15,0,0,0.3529539
delooping_direct_baselines_v046_postprimary_v1_meeting_score,aishell5,eval2,raw448,public,whisper_token_exact_keep2,A5E2_012,0.896551724137931,920,2129,331,3380,3770,120,8182,2005,6177,14,14,0,0,0.4740313
delooping_direct_baselines_v046_postprimary_v1_meeting_score,aishell5,eval2,raw448,public,whisper_token_exact_keep2,A5E2_013,0.9077752553916004,838,1383,978,3199,3524,96,6608,3182,3426,8,8,0,0,0.1960014
delooping_direct_baselines_v046_postprimary_v1_meeting_score,aishell5,eval2,raw448,public,whisper_token_exact_keep2,A5E2_014,0.9513406156901688,648,2049,1135,3832,4028,108,7308,3198,4110,10,11,0,0,0.2963108
delooping_direct_baselines_v046_postprimary_v1_meeting_score,aishell5,eval2,raw448,public,whisper_token_exact_keep2,A5E2_015,0.9670398009950248,728,1547,835,3110,3216,100,8657,2575,6082,14,17,0,0,0.3629445
delooping_direct_baselines_v046_postprimary_v1_meeting_score,aishell5,eval2,raw448,public,whisper_token_exact_keep2,A5E2_016,1.1643210346139217,1122,956,983,3061,2629,100,7889,2727,5162,12,13,0,0,0.4665686
delooping_direct_baselines_v046_postprimary_v1_meeting_score,aishell5,eval2,raw448,public,whisper_token_exact_keep2,A5E2_017,1.027584020291693,759,1584,898,3241,3154,112,8631,2539,6092,15,16,0,0,0.4241655
delooping_direct_baselines_v046_postprimary_v1_meeting_score,aishell5,eval2,raw448,public,whisper_token_exact_keep2,A5E2_018,1.103523166023166,1131,1439,2003,4573,4144,116,12255,4965,7290,21,23,0,0,0.5645679
delooping_direct_baselines_v046_postprimary_v1_meeting_score,misp2022,eval_le4spk_subset,cap224_fallback,learned,existing_canonical_guard_keep2,R01_S016017_C02_I1,1.226527570789866,2649,2528,3053,8230,6710,200,7565,7565,0,0,0,0,0,0.0085222
delooping_direct_baselines_v046_postprimary_v1_meeting_score,misp2022,eval_le4spk_subset,cap224_fallback,learned,existing_canonical_guard_keep2,R02_S055056_C09_I1,1.1319408406850027,4393,2724,1608,8725,7708,212,7567,7095,472,2,2,0,0,0.0188459
delooping_direct_baselines_v046_postprimary_v1_meeting_score,misp2022,eval_le4spk_subset,cap224_fallback,learned,existing_canonical_guard_keep2,R11_S189190191192_C10_I2,0.924892703862661,2335,4121,9,6465,6990,164,3327,3145,182,1,1,0,0,0.0064411
delooping_direct_baselines_v046_postprimary_v1_meeting_score,misp2022,eval_le4spk_subset,cap224_fallback,learned,existing_canonical_guard_keep2,R14_S223224_C02_I2,1.1725888324873097,900,952,689,2541,2167,100,1970,1970,0,0,0,0,0,0.0015557
delooping_direct_baselines_v046_postprimary_v1_meeting_score,misp2022,eval_le4spk_subset,cap224_fallback,learned,existing_canonical_guard_keep2,R15_S230231232_C09_I1,1.1097512038523274,1424,2772,1335,5531,4984,156,3620,3620,0,0,0,0,0,0.0032426
delooping_direct_baselines_v046_postprimary_v1_meeting_score,misp2022,eval_le4spk_subset,cap224_fallback,learned,existing_canonical_guard_keep2,R52_S280281282_C03_I0,0.863013698630137,3275,1813,1653,6741,7811,204,7988,7933,55,1,1,0,0,0.0093269
delooping_direct_baselines_v046_postprimary_v1_meeting_score,misp2022,eval_le4spk_subset,cap224_fallback,learned,existing_canonical_guard_keep2,R61_S357358359_C07_I0,0.8367208672086721,1613,1696,1631,4940,5904,176,5966,5966,0,0,0,0,0,0.0069474
delooping_direct_baselines_v046_postprimary_v1_meeting_score,misp2022,eval_le4spk_subset,cap224_fallback,learned,existing_canonical_guard_keep2,R69_S405406_C07_I1,0.5978688904331712,1126,997,458,2581,4317,156,3820,3820,0,0,0,0,0,0.0035956
delooping_direct_baselines_v046_postprimary_v1_meeting_score,misp2022,eval_le4spk_subset,cap224_fallback,learned,identity_raw,R01_S016017_C02_I1,1.226527570789866,2649,2528,3053,8230,6710,200,7565,7565,0,0,0,0,0,0.0
delooping_direct_baselines_v046_postprimary_v1_meeting_score,misp2022,eval_le4spk_subset,cap224_fallback,learned,identity_raw,R02_S055056_C09_I1,1.1499740529320186,4700,2404,1760,8864,7708,212,7567,7567,0,0,0,2,2,0.0
delooping_direct_baselines_v046_postprimary_v1_meeting_score,misp2022,eval_le4spk_subset,cap224_fallback,learned,identity_raw,R11_S189190191192_C10_I2,0.9257510729613734,2523,3939,9,6471,6990,164,3327,3327,0,0,0,1,1,0.0
delooping_direct_baselines_v046_postprimary_v1_meeting_score,misp2022,eval_le4spk_subset,cap224_fallback,learned,identity_raw,R14_S223224_C02_I2,1.1725888324873097,900,952,689,2541,2167,100,1970,1970,0,0,0,0,0,0.0
delooping_direct_baselines_v046_postprimary_v1_meeting_score,misp2022,eval_le4spk_subset,cap224_fallback,learned,identity_raw,R15_S230231232_C09_I1,1.1097512038523274,1424,2772,1335,5531,4984,156,3620,3620,0,0,0,0,0,0.0
delooping_direct_baselines_v046_postprimary_v1_meeting_score,misp2022,eval_le4spk_subset,cap224_fallback,learned,identity_raw,R52_S280281282_C03_I0,0.868134681858917,3262,1812,1707,6781,7811,204,7988,7988,0,0,0,1,1,0.0
delooping_direct_baselines_v046_postprimary_v1_meeting_score,misp2022,eval_le4spk_subset,cap224_fallback,learned,identity_raw,R61_S357358359_C07_I0,0.8367208672086721,1613,1696,1631,4940,5904,176,5966,5966,0,0,0,0,0,0.0
delooping_direct_baselines_v046_postprimary_v1_meeting_score,misp2022,eval_le4spk_subset,cap224_fallback,learned,identity_raw,R69_S405406_C07_I1,0.5978688904331712,1126,997,458,2581,4317,156,3820,3820,0,0,0,0,0,0.0
delooping_direct_baselines_v046_postprimary_v1_meeting_score,misp2022,eval_le4spk_subset,cap224_fallback,learned,ltr_greedy_character_keep2,R01_S016017_C02_I1,1.226527570789866,2649,2528,3053,8230,6710,200,7565,7565,0,0,0,0,0,0.0083368
delooping_direct_baselines_v046_postprimary_v1_meeting_score,misp2022,eval_le4spk_subset,cap224_fallback,learned,ltr_greedy_character_keep2,R02_S055056_C09_I1,1.1319408406850027,4393,2724,1608,8725,7708,212,7567,7095,472,2,2,0,0,0.0087887
delooping_direct_baselines_v046_postprimary_v1_meeting_score,misp2022,eval_le4spk_subset,cap224_fallback,learned,ltr_greedy_character_keep2,R11_S189190191192_C10_I2,0.924892703862661,2335,4121,9,6465,6990,164,3327,3145,182,1,1,0,0,0.0029254
delooping_direct_baselines_v046_postprimary_v1_meeting_score,misp2022,eval_le4spk_subset,cap224_fallback,learned,ltr_greedy_character_keep2,R14_S223224_C02_I2,1.1725888324873097,900,952,689,2541,2167,100,1970,1970,0,0,0,0,0,0.0013167
delooping_direct_baselines_v046_postprimary_v1_meeting_score,misp2022,eval_le4spk_subset,cap224_fallback,learned,ltr_greedy_character_keep2,R15_S230231232_C09_I1,1.1097512038523274,1424,2772,1335,5531,4984,156,3620,3620,0,0,0,0,0,0.0030001
delooping_direct_baselines_v046_postprimary_v1_meeting_score,misp2022,eval_le4spk_subset,cap224_fallback,learned,ltr_greedy_character_keep2,R52_S280281282_C03_I0,0.863013698630137,3275,1813,1653,6741,7811,204,7988,7933,55,1,1,0,0,0.0084689
delooping_direct_baselines_v046_postprimary_v1_meeting_score,misp2022,eval_le4spk_subset,cap224_fallback,learned,ltr_greedy_character_keep2,R61_S357358359_C07_I0,0.8367208672086721,1613,1696,1631,4940,5904,176,5966,5966,0,0,0,0,0,0.0066182
delooping_direct_baselines_v046_postprimary_v1_meeting_score,misp2022,eval_le4spk_subset,cap224_fallback,learned,ltr_greedy_character_keep2,R69_S405406_C07_I1,0.5978688904331712,1126,997,458,2581,4317,156,3820,3820,0,0,0,0,0,0.0035703
delooping_direct_baselines_v046_postprimary_v1_meeting_score,misp2022,eval_le4spk_subset,cap224_fallback,learned,whisper_token_exact_keep2,R01_S016017_C02_I1,1.226527570789866,2649,2528,3053,8230,6710,200,7565,7565,0,0,0,0,0,0.0264151
delooping_direct_baselines_v046_postprimary_v1_meeting_score,misp2022,eval_le4spk_subset,cap224_fallback,learned,whisper_token_exact_keep2,R02_S055056_C09_I1,1.1319408406850027,4437,2680,1608,8725,7708,212,7567,7139,428,1,1,1,1,0.0430299
delooping_direct_baselines_v046_postprimary_v1_meeting_score,misp2022,eval_le4spk_subset,cap224_fallback,learned,whisper_token_exact_keep2,R11_S189190191192_C10_I2,0.924892703862661,2337,4119,9,6465,6990,164,3327,3147,180,1,1,0,0,0.0154939
delooping_direct_baselines_v046_postprimary_v1_meeting_score,misp2022,eval_le4spk_subset,cap224_fallback,learned,whisper_token_exact_keep2,R14_S223224_C02_I2,1.1725888324873097,900,952,689,2541,2167,100,1970,1970,0,0,0,0,0,0.0065646
delooping_direct_baselines_v046_postprimary_v1_meeting_score,misp2022,eval_le4spk_subset,cap224_fallback,learned,whisper_token_exact_keep2,R15_S230231232_C09_I1,1.1097512038523274,1424,2772,1335,5531,4984,156,3620,3620,0,0,0,0,0,0.0120544
delooping_direct_baselines_v046_postprimary_v1_meeting_score,misp2022,eval_le4spk_subset,cap224_fallback,learned,whisper_token_exact_keep2,R52_S280281282_C03_I0,0.863013698630137,3275,1813,1653,6741,7811,204,7988,7933,55,1,1,0,0,0.0235794
delooping_direct_baselines_v046_postprimary_v1_meeting_score,misp2022,eval_le4spk_subset,cap224_fallback,learned,whisper_token_exact_keep2,R61_S357358359_C07_I0,0.8367208672086721,1613,1696,1631,4940,5904,176,5966,5966,0,0,0,0,0,0.0195284
delooping_direct_baselines_v046_postprimary_v1_meeting_score,misp2022,eval_le4spk_subset,cap224_fallback,learned,whisper_token_exact_keep2,R69_S405406_C07_I1,0.5978688904331712,1126,997,458,2581,4317,156,3820,3820,0,0,0,0,0,0.0132614
delooping_direct_baselines_v046_postprimary_v1_meeting_score,misp2022,eval_le4spk_subset,cap224_fallback,public,existing_canonical_guard_keep2,R01_S016017_C02_I1,1.244709388971684,3227,2061,3064,8352,6710,200,7935,7935,0,0,0,0,0,0.0092241
delooping_direct_baselines_v046_postprimary_v1_meeting_score,misp2022,eval_le4spk_subset,cap224_fallback,public,existing_canonical_guard_keep2,R02_S055056_C09_I1,1.1821484172288532,3345,3611,2156,9112,7708,212,6806,6589,217,3,3,0,0,0.0092637
delooping_direct_baselines_v046_postprimary_v1_meeting_score,misp2022,eval_le4spk_subset,cap224_fallback,public,existing_canonical_guard_keep2,R11_S189190191192_C10_I2,0.9227467811158798,2109,4333,8,6450,6990,164,2846,2846,0,0,0,0,0,0.0024036
delooping_direct_baselines_v046_postprimary_v1_meeting_score,misp2022,eval_le4spk_subset,cap224_fallback,public,existing_canonical_guard_keep2,R14_S223224_C02_I2,1.1679741578218736,971,864,696,2531,2167,100,2062,2062,0,0,0,0,0,0.0017018
delooping_direct_baselines_v046_postprimary_v1_meeting_score,misp2022,eval_le4spk_subset,cap224_fallback,public,existing_canonical_guard_keep2,R15_S230231232_C09_I1,1.0842696629213484,1741,2621,1042,5404,4984,156,3511,3511,0,0,0,0,0,0.003282
delooping_direct_baselines_v046_postprimary_v1_meeting_score,misp2022,eval_le4spk_subset,cap224_fallback,public,existing_canonical_guard_keep2,R52_S280281282_C03_I0,0.7348610933299193,2404,2459,877,5740,7811,204,6323,6323,0,0,0,0,0,0.0062614
delooping_direct_baselines_v046_postprimary_v1_meeting_score,misp2022,eval_le4spk_subset,cap224_fallback,public,existing_canonical_guard_keep2,R61_S357358359_C07_I0,1.0752032520325203,1487,1758,3103,6348,5904,176,7471,7471,0,0,0,0,0,0.0089051
delooping_direct_baselines_v046_postprimary_v1_meeting_score,misp2022,eval_le4spk_subset,cap224_fallback,public,existing_canonical_guard_keep2,R69_S405406_C07_I1,0.6147787815612694,1005,1000,649,2654,4317,156,4046,4046,0,0,0,0,0,0.0039697
delooping_direct_baselines_v046_postprimary_v1_meeting_score,misp2022,eval_le4spk_subset,cap224_fallback,public,identity_raw,R01_S016017_C02_I1,1.244709388971684,3227,2061,3064,8352,6710,200,7935,7935,0,0,0,0,0,0.0
delooping_direct_baselines_v046_postprimary_v1_meeting_score,misp2022,eval_le4spk_subset,cap224_fallback,public,identity_raw,R02_S055056_C09_I1,1.1896730669434354,3706,3358,2106,9170,7708,212,6806,6806,0,0,0,3,3,0.0
delooping_direct_baselines_v046_postprimary_v1_meeting_score,misp2022,eval_le4spk_subset,cap224_fallback,public,identity_raw,R11_S189190191192_C10_I2,0.9227467811158798,2109,4333,8,6450,6990,164,2846,2846,0,0,0,0,0,0.0
delooping_direct_baselines_v046_postprimary_v1_meeting_score,misp2022,eval_le4spk_subset,cap224_fallback,public,identity_raw,R14_S223224_C02_I2,1.1679741578218736,971,864,696,2531,2167,100,2062,2062,0,0,0,0,0,0.0
delooping_direct_baselines_v046_postprimary_v1_meeting_score,misp2022,eval_le4spk_subset,cap224_fallback,public,identity_raw,R15_S230231232_C09_I1,1.0842696629213484,1741,2621,1042,5404,4984,156,3511,3511,0,0,0,0,0,0.0
delooping_direct_baselines_v046_postprimary_v1_meeting_score,misp2022,eval_le4spk_subset,cap224_fallback,public,identity_raw,R52_S280281282_C03_I0,0.7348610933299193,2404,2459,877,5740,7811,204,6323,6323,0,0,0,0,0,0.0
delooping_direct_baselines_v046_postprimary_v1_meeting_score,misp2022,eval_le4spk_subset,cap224_fallback,public,identity_raw,R61_S357358359_C07_I0,1.0752032520325203,1487,1758,3103,6348,5904,176,7471,7471,0,0,0,0,0,0.0
delooping_direct_baselines_v046_postprimary_v1_meeting_score,misp2022,eval_le4spk_subset,cap224_fallback,public,identity_raw,R69_S405406_C07_I1,0.6147787815612694,1005,1000,649,2654,4317,156,4046,4046,0,0,0,0,0,0.0
delooping_direct_baselines_v046_postprimary_v1_meeting_score,misp2022,eval_le4spk_subset,cap224_fallback,public,ltr_greedy_character_keep2,R01_S016017_C02_I1,1.244709388971684,3227,2061,3064,8352,6710,200,7935,7935,0,0,0,0,0,0.0086462
delooping_direct_baselines_v046_postprimary_v1_meeting_score,misp2022,eval_le4spk_subset,cap224_fallback,public,ltr_greedy_character_keep2,R02_S055056_C09_I1,1.1821484172288532,3345,3611,2156,9112,7708,212,6806,6589,217,3,3,0,0,0.0078121
delooping_direct_baselines_v046_postprimary_v1_meeting_score,misp2022,eval_le4spk_subset,cap224_fallback,public,ltr_greedy_character_keep2,R11_S189190191192_C10_I2,0.9227467811158798,2109,4333,8,6450,6990,164,2846,2846,0,0,0,0,0,0.0022651
delooping_direct_baselines_v046_postprimary_v1_meeting_score,misp2022,eval_le4spk_subset,cap224_fallback,public,ltr_greedy_character_keep2,R14_S223224_C02_I2,1.1679741578218736,971,864,696,2531,2167,100,2062,2062,0,0,0,0,0,0.0015776
delooping_direct_baselines_v046_postprimary_v1_meeting_score,misp2022,eval_le4spk_subset,cap224_fallback,public,ltr_greedy_character_keep2,R15_S230231232_C09_I1,1.0842696629213484,1741,2621,1042,5404,4984,156,3511,3511,0,0,0,0,0,0.0031195
delooping_direct_baselines_v046_postprimary_v1_meeting_score,misp2022,eval_le4spk_subset,cap224_fallback,public,ltr_greedy_character_keep2,R52_S280281282_C03_I0,0.7348610933299193,2404,2459,877,5740,7811,204,6323,6323,0,0,0,0,0,0.0058432
delooping_direct_baselines_v046_postprimary_v1_meeting_score,misp2022,eval_le4spk_subset,cap224_fallback,public,ltr_greedy_character_keep2,R61_S357358359_C07_I0,1.0752032520325203,1487,1758,3103,6348,5904,176,7471,7471,0,0,0,0,0,0.008232
delooping_direct_baselines_v046_postprimary_v1_meeting_score,misp2022,eval_le4spk_subset,cap224_fallback,public,ltr_greedy_character_keep2,R69_S405406_C07_I1,0.6147787815612694,1005,1000,649,2654,4317,156,4046,4046,0,0,0,0,0,0.0037658
delooping_direct_baselines_v046_postprimary_v1_meeting_score,misp2022,eval_le4spk_subset,cap224_fallback,public,whisper_token_exact_keep2,R01_S016017_C02_I1,1.244709388971684,3227,2061,3064,8352,6710,200,7935,7935,0,0,0,0,0,0.0242846
delooping_direct_baselines_v046_postprimary_v1_meeting_score,misp2022,eval_le4spk_subset,cap224_fallback,public,whisper_token_exact_keep2,R02_S055056_C09_I1,1.1821484172288532,3345,3611,2156,9112,7708,212,6806,6589,217,3,3,0,0,0.026736
delooping_direct_baselines_v046_postprimary_v1_meeting_score,misp2022,eval_le4spk_subset,cap224_fallback,public,whisper_token_exact_keep2,R11_S189190191192_C10_I2,0.9227467811158798,2109,4333,8,6450,6990,164,2846,2846,0,0,0,0,0,0.009829
delooping_direct_baselines_v046_postprimary_v1_meeting_score,misp2022,eval_le4spk_subset,cap224_fallback,public,whisper_token_exact_keep2,R14_S223224_C02_I2,1.1679741578218736,971,864,696,2531,2167,100,2062,2062,0,0,0,0,0,0.0063586
delooping_direct_baselines_v046_postprimary_v1_meeting_score,misp2022,eval_le4spk_subset,cap224_fallback,public,whisper_token_exact_keep2,R15_S230231232_C09_I1,1.0842696629213484,1741,2621,1042,5404,4984,156,3511,3511,0,0,0,0,0,0.0114015
delooping_direct_baselines_v046_postprimary_v1_meeting_score,misp2022,eval_le4spk_subset,cap224_fallback,public,whisper_token_exact_keep2,R52_S280281282_C03_I0,0.7347330687491999,2397,2465,877,5739,7811,204,6323,6317,6,1,1,0,0,0.0194921
delooping_direct_baselines_v046_postprimary_v1_meeting_score,misp2022,eval_le4spk_subset,cap224_fallback,public,whisper_token_exact_keep2,R61_S357358359_C07_I0,1.0752032520325203,1487,1758,3103,6348,5904,176,7471,7471,0,0,0,0,0,0.0239639
delooping_direct_baselines_v046_postprimary_v1_meeting_score,misp2022,eval_le4spk_subset,cap224_fallback,public,whisper_token_exact_keep2,R69_S405406_C07_I1,0.6147787815612694,1005,1000,649,2654,4317,156,4046,4046,0,0,0,0,0,0.0136332
delooping_direct_baselines_v046_postprimary_v1_meeting_score,misp2022,eval_le4spk_subset,raw448,learned,existing_canonical_guard_keep2,R01_S016017_C02_I1,1.2350223546944858,2392,2821,3074,8287,6710,200,23760,7261,16499,39,40,0,0,0.2393538
delooping_direct_baselines_v046_postprimary_v1_meeting_score,misp2022,eval_le4spk_subset,raw448,learned,existing_canonical_guard_keep2,R02_S055056_C09_I1,1.1550337311883758,4019,2971,1913,8903,7708,212,30045,6885,23160,59,63,0,0,0.4950308
delooping_direct_baselines_v046_postprimary_v1_meeting_score,misp2022,eval_le4spk_subset,raw448,learned,existing_canonical_guard_keep2,R11_S189190191192_C10_I2,0.9058655221745351,2053,4262,17,6332,6990,164,19861,2834,17027,40,42,0,0,0.2977981
delooping_direct_baselines_v046_postprimary_v1_meeting_score,misp2022,eval_le4spk_subset,raw448,learned,existing_canonical_guard_keep2,R14_S223224_C02_I2,1.2551915089986156,947,914,859,2720,2167,100,9076,2167,6909,17,17,0,0,0.1726643
delooping_direct_baselines_v046_postprimary_v1_meeting_score,misp2022,eval_le4spk_subset,raw448,learned,existing_canonical_guard_keep2,R15_S230231232_C09_I1,1.1197833065810594,1357,2820,1404,5581,4984,156,8916,3617,5299,15,15,0,0,0.0618448
delooping_direct_baselines_v046_postprimary_v1_meeting_score,misp2022,eval_le4spk_subset,raw448,learned,existing_canonical_guard_keep2,R52_S280281282_C03_I0,0.8523876584304186,2858,2244,1556,6658,7811,204,17227,7196,10031,26,26,0,0,0.1406084
delooping_direct_baselines_v046_postprimary_v1_meeting_score,misp2022,eval_le4spk_subset,raw448,learned,existing_canonical_guard_keep2,R61_S357358359_C07_I0,1.0279471544715446,1532,1855,2682,6069,5904,176,14882,6844,8038,18,19,0,0,0.105129
delooping_direct_baselines_v046_postprimary_v1_meeting_score,misp2022,eval_le4spk_subset,raw448,learned,existing_canonical_guard_keep2,R69_S405406_C07_I1,0.6122307157748437,1110,1069,464,2643,4317,156,6712,3757,2955,7,7,0,0,0.0590019
delooping_direct_baselines_v046_postprimary_v1_meeting_score,misp2022,eval_le4spk_subset,raw448,learned,identity_raw,R01_S016017_C02_I1,3.2129657228017883,5153,220,16186,21559,6710,200,23760,23760,0,0,0,39,40,0.0
delooping_direct_baselines_v046_postprimary_v1_meeting_score,misp2022,eval_le4spk_subset,raw448,learned,identity_raw,R02_S055056_C09_I1,3.6167618059159317,6534,64,21280,27878,7708,212,30045,30045,0,0,0,59,63,0.0
delooping_direct_baselines_v046_postprimary_v1_meeting_score,misp2022,eval_le4spk_subset,raw448,learned,identity_raw,R11_S189190191192_C10_I2,2.622603719599428,6198,10,12124,18332,6990,164,19861,19861,0,0,0,40,42,0.0
delooping_direct_baselines_v046_postprimary_v1_meeting_score,misp2022,eval_le4spk_subset,raw448,learned,identity_raw,R14_S223224_C02_I2,3.8274111675126905,1858,12,6424,8294,2167,100,9076,9076,0,0,0,17,17,0.0
delooping_direct_baselines_v046_postprimary_v1_meeting_score,misp2022,eval_le4spk_subset,raw448,learned,identity_raw,R15_S230231232_C09_I1,1.7052568218298556,4563,104,3832,8499,4984,156,8916,8916,0,0,0,15,15,0.0
delooping_direct_baselines_v046_postprimary_v1_meeting_score,misp2022,eval_le4spk_subset,raw448,learned,identity_raw,R52_S280281282_C03_I0,1.9574958392011266,4814,651,9825,15290,7811,204,17227,17227,0,0,0,26,26,0.0
delooping_direct_baselines_v046_postprimary_v1_meeting_score,misp2022,eval_le4spk_subset,raw448,learned,identity_raw,R61_S357358359_C07_I0,2.127540650406504,2829,784,8948,12561,5904,176,14882,14882,0,0,0,18,19,0.0
delooping_direct_baselines_v046_postprimary_v1_meeting_score,misp2022,eval_le4spk_subset,raw448,learned,identity_raw,R69_S405406_C07_I1,1.1660875608061154,1406,785,2843,5034,4317,156,6712,6712,0,0,0,7,7,0.0
delooping_direct_baselines_v046_postprimary_v1_meeting_score,misp2022,eval_le4spk_subset,raw448,learned,ltr_greedy_character_keep2,R01_S016017_C02_I1,1.2350223546944858,2392,2821,3074,8287,6710,200,23760,7261,16499,39,40,0,0,0.0111318
delooping_direct_baselines_v046_postprimary_v1_meeting_score,misp2022,eval_le4spk_subset,raw448,learned,ltr_greedy_character_keep2,R02_S055056_C09_I1,1.1550337311883758,4019,2971,1913,8903,7708,212,30045,6885,23160,59,63,0,0,0.0137578
delooping_direct_baselines_v046_postprimary_v1_meeting_score,misp2022,eval_le4spk_subset,raw448,learned,ltr_greedy_character_keep2,R11_S189190191192_C10_I2,0.9058655221745351,2053,4262,17,6332,6990,164,19861,2834,17027,40,42,0,0,0.0051004
delooping_direct_baselines_v046_postprimary_v1_meeting_score,misp2022,eval_le4spk_subset,raw448,learned,ltr_greedy_character_keep2,R14_S223224_C02_I2,1.2551915089986156,947,914,859,2720,2167,100,9076,2167,6909,17,17,0,0,0.0032959
delooping_direct_baselines_v046_postprimary_v1_meeting_score,misp2022,eval_le4spk_subset,raw448,learned,ltr_greedy_character_keep2,R15_S230231232_C09_I1,1.1197833065810594,1357,2820,1404,5581,4984,156,8916,3617,5299,15,15,0,0,0.004624
delooping_direct_baselines_v046_postprimary_v1_meeting_score,misp2022,eval_le4spk_subset,raw448,learned,ltr_greedy_character_keep2,R52_S280281282_C03_I0,0.8523876584304186,2858,2244,1556,6658,7811,204,17227,7196,10031,26,26,0,0,0.0093936
delooping_direct_baselines_v046_postprimary_v1_meeting_score,misp2022,eval_le4spk_subset,raw448,learned,ltr_greedy_character_keep2,R61_S357358359_C07_I0,1.0279471544715446,1532,1855,2682,6069,5904,176,14882,6844,8038,18,19,0,0,0.0103732
delooping_direct_baselines_v046_postprimary_v1_meeting_score,misp2022,eval_le4spk_subset,raw448,learned,ltr_greedy_character_keep2,R69_S405406_C07_I1,0.6122307157748437,1110,1069,464,2643,4317,156,6712,3757,2955,7,7,0,0,0.0038603
delooping_direct_baselines_v046_postprimary_v1_meeting_score,misp2022,eval_le4spk_subset,raw448,learned,whisper_token_exact_keep2,R01_S016017_C02_I1,1.2350223546944858,2392,2821,3074,8287,6710,200,23760,7261,16499,39,40,0,0,0.8450166
delooping_direct_baselines_v046_postprimary_v1_meeting_score,misp2022,eval_le4spk_subset,raw448,learned,whisper_token_exact_keep2,R02_S055056_C09_I1,1.155552672548002,4050,2971,1886,8907,7708,212,30045,6858,23187,59,65,0,0,1.7501749
delooping_direct_baselines_v046_postprimary_v1_meeting_score,misp2022,eval_le4spk_subset,raw448,learned,whisper_token_exact_keep2,R11_S189190191192_C10_I2,0.9060085836909871,2056,4260,17,6333,6990,164,19861,2836,17025,40,42,0,0,0.9683908
delooping_direct_baselines_v046_postprimary_v1_meeting_score,misp2022,eval_le4spk_subset,raw448,learned,whisper_token_exact_keep2,R14_S223224_C02_I2,1.2551915089986156,947,914,859,2720,2167,100,9076,2167,6909,17,17,0,0,0.631436
delooping_direct_baselines_v046_postprimary_v1_meeting_score,misp2022,eval_le4spk_subset,raw448,learned,whisper_token_exact_keep2,R15_S230231232_C09_I1,1.1197833065810594,1357,2820,1404,5581,4984,156,8916,3617,5299,15,15,0,0,0.2237425
delooping_direct_baselines_v046_postprimary_v1_meeting_score,misp2022,eval_le4spk_subset,raw448,learned,whisper_token_exact_keep2,R52_S280281282_C03_I0,0.8523876584304186,2858,2244,1556,6658,7811,204,17227,7196,10031,26,26,0,0,0.5236044
delooping_direct_baselines_v046_postprimary_v1_meeting_score,misp2022,eval_le4spk_subset,raw448,learned,whisper_token_exact_keep2,R61_S357358359_C07_I0,0.8572154471544715,1553,1854,1654,5061,5904,176,14882,5817,9065,20,21,0,0,0.3641573
delooping_direct_baselines_v046_postprimary_v1_meeting_score,misp2022,eval_le4spk_subset,raw448,learned,whisper_token_exact_keep2,R69_S405406_C07_I1,0.6122307157748437,1110,1069,464,2643,4317,156,6712,3757,2955,7,7,0,0,0.2232072
delooping_direct_baselines_v046_postprimary_v1_meeting_score,misp2022,eval_le4spk_subset,raw448,public,existing_canonical_guard_keep2,R01_S016017_C02_I1,1.2651266766020863,3366,2166,2957,8489,6710,200,18847,7697,11150,28,30,0,0,0.1936623
delooping_direct_baselines_v046_postprimary_v1_meeting_score,misp2022,eval_le4spk_subset,raw448,public,existing_canonical_guard_keep2,R02_S055056_C09_I1,1.2096523092890503,3823,3175,2326,9324,7708,212,35137,7080,28057,72,82,0,0,0.515326
delooping_direct_baselines_v046_postprimary_v1_meeting_score,misp2022,eval_le4spk_subset,raw448,public,existing_canonical_guard_keep2,R11_S189190191192_C10_I2,0.9121602288984263,2449,3918,9,6376,6990,164,19401,3239,16162,39,42,0,0,0.2103254
delooping_direct_baselines_v046_postprimary_v1_meeting_score,misp2022,eval_le4spk_subset,raw448,public,existing_canonical_guard_keep2,R14_S223224_C02_I2,1.0899861559760038,951,888,523,2362,2167,100,7896,1870,6026,13,13,0,0,0.1723632
delooping_direct_baselines_v046_postprimary_v1_meeting_score,misp2022,eval_le4spk_subset,raw448,public,existing_canonical_guard_keep2,R15_S230231232_C09_I1,1.1296147672552166,1749,2535,1346,5630,4984,156,10314,3868,6446,17,18,0,0,0.0992014
delooping_direct_baselines_v046_postprimary_v1_meeting_score,misp2022,eval_le4spk_subset,raw448,public,existing_canonical_guard_keep2,R52_S280281282_C03_I0,0.7513762642427346,2469,2499,901,5869,7811,204,14600,6297,8303,21,21,0,0,0.1643497
delooping_direct_baselines_v046_postprimary_v1_meeting_score,misp2022,eval_le4spk_subset,raw448,public,existing_canonical_guard_keep2,R61_S357358359_C07_I0,1.1500677506775068,1485,1805,3500,6790,5904,176,15449,7816,7633,19,20,0,0,0.1820896
delooping_direct_baselines_v046_postprimary_v1_meeting_score,misp2022,eval_le4spk_subset,raw448,public,existing_canonical_guard_keep2,R69_S405406_C07_I1,0.580495714616632,1042,964,500,2506,4317,156,6497,3911,2586,6,6,0,0,0.078846
delooping_direct_baselines_v046_postprimary_v1_meeting_score,misp2022,eval_le4spk_subset,raw448,public,identity_raw,R01_S016017_C02_I1,2.521460506706408,5274,130,11515,16919,6710,200,18847,18847,0,0,0,28,30,0.0
delooping_direct_baselines_v046_postprimary_v1_meeting_score,misp2022,eval_le4spk_subset,raw448,public,identity_raw,R02_S055056_C09_I1,4.245718733783082,6498,51,26177,32726,7708,212,35137,35137,0,0,0,72,82,0.0
delooping_direct_baselines_v046_postprimary_v1_meeting_score,misp2022,eval_le4spk_subset,raw448,public,identity_raw,R11_S189190191192_C10_I2,2.528612303290415,6204,11,11460,17675,6990,164,19401,19401,0,0,0,39,42,0.0
delooping_direct_baselines_v046_postprimary_v1_meeting_score,misp2022,eval_le4spk_subset,raw448,public,identity_raw,R14_S223224_C02_I2,3.1919704660821413,1837,46,5034,6917,2167,100,7896,7896,0,0,0,13,13,0.0
delooping_direct_baselines_v046_postprimary_v1_meeting_score,misp2022,eval_le4spk_subset,raw448,public,identity_raw,R15_S230231232_C09_I1,1.9131219903691814,4436,20,5079,9535,4984,156,10314,10314,0,0,0,17,18,0.0
delooping_direct_baselines_v046_postprimary_v1_meeting_score,misp2022,eval_le4spk_subset,raw448,public,identity_raw,R52_S280281282_C03_I0,1.5813596210472411,4727,668,6957,12352,7811,204,14600,14600,0,0,0,21,21,0.0
delooping_direct_baselines_v046_postprimary_v1_meeting_score,misp2022,eval_le4spk_subset,raw448,public,identity_raw,R61_S357358359_C07_I0,2.303861788617886,2409,1088,10105,13602,5904,176,15449,15449,0,0,0,19,20,0.0
delooping_direct_baselines_v046_postprimary_v1_meeting_score,misp2022,eval_le4spk_subset,raw448,public,identity_raw,R69_S405406_C07_I1,1.0898772295575632,1267,768,2670,4705,4317,156,6497,6497,0,0,0,6,6,0.0
delooping_direct_baselines_v046_postprimary_v1_meeting_score,misp2022,eval_le4spk_subset,raw448,public,ltr_greedy_character_keep2,R01_S016017_C02_I1,1.2651266766020863,3366,2166,2957,8489,6710,200,18847,7697,11150,28,30,0,0,0.0116338
delooping_direct_baselines_v046_postprimary_v1_meeting_score,misp2022,eval_le4spk_subset,raw448,public,ltr_greedy_character_keep2,R02_S055056_C09_I1,1.2096523092890503,3823,3175,2326,9324,7708,212,35137,7080,28057,72,82,0,0,0.01479
delooping_direct_baselines_v046_postprimary_v1_meeting_score,misp2022,eval_le4spk_subset,raw448,public,ltr_greedy_character_keep2,R11_S189190191192_C10_I2,0.9121602288984263,2449,3918,9,6376,6990,164,19401,3239,16162,39,42,0,0,0.0057973
delooping_direct_baselines_v046_postprimary_v1_meeting_score,misp2022,eval_le4spk_subset,raw448,public,ltr_greedy_character_keep2,R14_S223224_C02_I2,1.0899861559760038,951,888,523,2362,2167,100,7896,1870,6026,13,13,0,0,0.0027019
delooping_direct_baselines_v046_postprimary_v1_meeting_score,misp2022,eval_le4spk_subset,raw448,public,ltr_greedy_character_keep2,R15_S230231232_C09_I1,1.1296147672552166,1749,2535,1346,5630,4984,156,10314,3868,6446,17,18,0,0,0.00639
delooping_direct_baselines_v046_postprimary_v1_meeting_score,misp2022,eval_le4spk_subset,raw448,public,ltr_greedy_character_keep2,R52_S280281282_C03_I0,0.7513762642427346,2469,2499,901,5869,7811,204,14600,6297,8303,21,21,0,0,0.0076886
delooping_direct_baselines_v046_postprimary_v1_meeting_score,misp2022,eval_le4spk_subset,raw448,public,ltr_greedy_character_keep2,R61_S357358359_C07_I0,1.1500677506775068,1485,1805,3500,6790,5904,176,15449,7816,7633,19,20,0,0,0.0108642
delooping_direct_baselines_v046_postprimary_v1_meeting_score,misp2022,eval_le4spk_subset,raw448,public,ltr_greedy_character_keep2,R69_S405406_C07_I1,0.580495714616632,1042,964,500,2506,4317,156,6497,3911,2586,6,6,0,0,0.0040084
delooping_direct_baselines_v046_postprimary_v1_meeting_score,misp2022,eval_le4spk_subset,raw448,public,whisper_token_exact_keep2,R01_S016017_C02_I1,1.2652757078986587,3367,2165,2958,8490,6710,200,18847,7699,11148,28,30,0,0,0.7233739
delooping_direct_baselines_v046_postprimary_v1_meeting_score,misp2022,eval_le4spk_subset,raw448,public,whisper_token_exact_keep2,R02_S055056_C09_I1,1.195511157239232,3655,3191,2369,9215,7708,212,35137,7114,28023,72,82,3,3,1.8150307
delooping_direct_baselines_v046_postprimary_v1_meeting_score,misp2022,eval_le4spk_subset,raw448,public,whisper_token_exact_keep2,R11_S189190191192_C10_I2,0.9127324749642346,2075,4299,6,6380,6990,164,19401,2823,16578,40,43,0,0,0.7661667
delooping_direct_baselines_v046_postprimary_v1_meeting_score,misp2022,eval_le4spk_subset,raw448,public,whisper_token_exact_keep2,R14_S223224_C02_I2,1.0899861559760038,951,888,523,2362,2167,100,7896,1870,6026,13,13,0,0,0.5680905
delooping_direct_baselines_v046_postprimary_v1_meeting_score,misp2022,eval_le4spk_subset,raw448,public,whisper_token_exact_keep2,R15_S230231232_C09_I1,1.1296147672552166,1749,2535,1346,5630,4984,156,10314,3868,6446,17,18,0,0,0.3171686
delooping_direct_baselines_v046_postprimary_v1_meeting_score,misp2022,eval_le4spk_subset,raw448,public,whisper_token_exact_keep2,R52_S280281282_C03_I0,0.7513762642427346,2469,2499,901,5869,7811,204,14600,6297,8303,21,21,0,0,0.5982982
delooping_direct_baselines_v046_postprimary_v1_meeting_score,misp2022,eval_le4spk_subset,raw448,public,whisper_token_exact_keep2,R61_S357358359_C07_I0,1.1891937669376693,1482,1805,3734,7021,5904,176,15449,8076,7373,19,19,1,1,0.6530458
delooping_direct_baselines_v046_postprimary_v1_meeting_score,misp2022,eval_le4spk_subset,raw448,public,whisper_token_exact_keep2,R69_S405406_C07_I1,0.580495714616632,1042,964,500,2506,4317,156,6497,3911,2586,6,6,0,0,0.2935283
