variant_id,gate_role,protocol_neighbor_key,varied_axis,varied_value,max_period_chars,min_repetitions,min_span_chars,keep_repetitions,split,source,session,reference_characters,substitutions,deletions,insertions,errors,cpcer,events,modified_records,removed_characters,delta_errors_vs_raw,cpcer_delta_vs_raw,direction_vs_raw,delta_errors_vs_default,cpcer_delta_vs_default,direction_vs_default
default,frozen_default,,default,0,12,6,24,2,Eval1,learned,A5E1_001,1415,414,646,262,1322,0.9342756183745583,11,11,4153,-3153,-2.228268551236749,win,0,0.0,tie
default,frozen_default,,default,0,12,6,24,2,Eval1,learned,A5E1_002,3204,601,1359,944,2904,0.9063670411985019,16,16,6192,-5152,-1.6079900124843944,win,0,0.0,tie
default,frozen_default,,default,0,12,6,24,2,Eval1,learned,A5E1_003,2425,988,817,1214,3019,1.2449484536082474,13,11,4192,-3088,-1.27340206185567,win,0,0.0,tie
default,frozen_default,,default,0,12,6,24,2,Eval1,learned,A5E1_004,2543,574,1085,993,2652,1.042862760519072,10,10,3864,-3008,-1.1828548957923712,win,0,0.0,tie
default,frozen_default,,default,0,12,6,24,2,Eval1,learned,A5E1_005,2979,675,1088,1243,3006,1.0090634441087614,10,10,4270,-3634,-1.219872440416247,win,0,0.0,tie
default,frozen_default,,default,0,12,6,24,2,Eval1,learned,A5E1_006,2142,522,1043,766,2331,1.088235294117647,13,13,5113,-3899,-1.8202614379084967,win,0,0.0,tie
default,frozen_default,,default,0,12,6,24,2,Eval1,learned,A5E1_007,2939,627,1399,976,3002,1.0214358625382782,9,9,4432,-3331,-1.1333787002381763,win,0,0.0,tie
default,frozen_default,,default,0,12,6,24,2,Eval1,learned,A5E1_008,4270,1124,1091,2199,4414,1.0337236533957845,23,21,8008,-7667,-1.7955503512880562,win,0,0.0,tie
default,frozen_default,,default,0,12,6,24,2,Eval1,learned,A5E1_009,2496,721,1301,611,2633,1.0548878205128205,10,10,4305,-3118,-1.2491987179487178,win,0,0.0,tie
default,frozen_default,,default,0,12,6,24,2,Eval1,learned,A5E1_010,1860,427,1112,373,1912,1.027956989247312,14,14,6174,-4418,-2.3752688172043013,win,0,0.0,tie
default,frozen_default,,default,0,12,6,24,2,Eval1,learned,A5E1_011,2265,1121,504,973,2598,1.1470198675496688,15,15,6026,-5372,-2.3717439293598233,win,0,0.0,tie
default,frozen_default,,default,0,12,6,24,2,Eval1,learned,A5E1_012,3189,630,984,1349,2963,0.9291313891502039,8,7,2509,-2329,-0.7303229852618376,win,0,0.0,tie
default,frozen_default,,default,0,12,6,24,2,Eval1,learned,A5E1_013,3256,621,1165,1385,3171,0.9738943488943489,10,8,3904,-3505,-1.0764742014742015,win,0,0.0,tie
default,frozen_default,,default,0,12,6,24,2,Eval1,learned,A5E1_014,2420,799,641,1214,2654,1.096694214876033,6,6,2057,-1578,-0.6520661157024793,win,0,0.0,tie
default,frozen_default,,default,0,12,6,24,2,Eval1,learned,A5E1_015,4528,859,1556,2138,4553,1.0055212014134276,22,20,7974,-7399,-1.6340547703180213,win,0,0.0,tie
default,frozen_default,,default,0,12,6,24,2,Eval1,learned,A5E1_016,2631,691,1078,555,2324,0.8833143291524135,8,8,3438,-2589,-0.984036488027366,win,0,0.0,tie
default,frozen_default,,default,0,12,6,24,2,Eval1,learned,A5E1_017,2196,1276,379,1304,2959,1.3474499089253187,12,12,4963,-4489,-2.0441712204007287,win,0,0.0,tie
default,frozen_default,,default,0,12,6,24,2,Eval1,learned,A5E1_018,2338,516,1194,880,2590,1.1077844311377245,8,8,3691,-2809,-1.201454234388366,win,0,0.0,tie
default,frozen_default,,default,0,12,6,24,2,Eval2,learned,A5E2_001,3330,899,1188,683,2770,0.8318318318318318,11,10,4000,-3344,-1.0042042042042043,win,0,0.0,tie
default,frozen_default,,default,0,12,6,24,2,Eval2,learned,A5E2_002,3629,1173,1678,476,3327,0.9167814825020667,13,13,4518,-3183,-0.8771011297878203,win,0,0.0,tie
default,frozen_default,,default,0,12,6,24,2,Eval2,learned,A5E2_003,1784,662,761,350,1773,0.9938340807174888,5,5,2441,-1915,-1.0734304932735426,win,0,0.0,tie
default,frozen_default,,default,0,12,6,24,2,Eval2,learned,A5E2_004,3263,650,2213,446,3309,1.014097456328532,14,14,5593,-2454,-0.7520686484829912,win,0,0.0,tie
default,frozen_default,,default,0,12,6,24,2,Eval2,learned,A5E2_005,4472,1092,2153,528,3773,0.8436940966010733,15,15,6666,-5091,-1.138416815742397,win,0,0.0,tie
default,frozen_default,,default,0,12,6,24,2,Eval2,learned,A5E2_006,3788,1402,1613,1553,4568,1.2059134107708553,27,25,9414,-7994,-2.1103484688489966,win,0,0.0,tie
default,frozen_default,,default,0,12,6,24,2,Eval2,learned,A5E2_007,2666,819,1321,605,2745,1.0296324081020256,14,13,5097,-3972,-1.4898724681170292,win,0,0.0,tie
default,frozen_default,,default,0,12,6,24,2,Eval2,learned,A5E2_008,4247,637,2182,1692,4511,1.0621615257829056,25,25,9760,-8186,-1.9274782199199434,win,0,0.0,tie
default,frozen_default,,default,0,12,6,24,2,Eval2,learned,A5E2_009,3072,868,1631,563,3062,0.9967447916666666,13,13,5162,-3382,-1.1009114583333333,win,0,0.0,tie
default,frozen_default,,default,0,12,6,24,2,Eval2,learned,A5E2_010,4241,659,2329,1611,4599,1.0844140532893185,16,15,6288,-4442,-1.0473944824333883,win,0,0.0,tie
default,frozen_default,,default,0,12,6,24,2,Eval2,learned,A5E2_011,3330,1054,1602,901,3557,1.068168168168168,20,20,7903,-6390,-1.9189189189189189,win,0,0.0,tie
default,frozen_default,,default,0,12,6,24,2,Eval2,learned,A5E2_012,3770,929,2086,283,3298,0.8748010610079575,19,19,7835,-5774,-1.5315649867374006,win,0,0.0,tie
default,frozen_default,,default,0,12,6,24,2,Eval2,learned,A5E2_013,3524,2935,187,1589,4711,1.33683314415437,15,14,5544,-5071,-1.4389897843359818,win,0,0.0,tie
default,frozen_default,,default,0,12,6,24,2,Eval2,learned,A5E2_014,4028,1162,1791,1066,4019,0.9977656405163853,21,20,8798,-7321,-1.817527308838133,win,0,0.0,tie
default,frozen_default,,default,0,12,6,24,2,Eval2,learned,A5E2_015,3216,785,1426,977,3188,0.9912935323383084,18,16,6843,-5403,-1.680037313432836,win,0,0.0,tie
default,frozen_default,,default,0,12,6,24,2,Eval2,learned,A5E2_016,2629,960,1133,832,2925,1.112590338531761,13,13,5997,-4713,-1.792696842906048,win,0,0.0,tie
default,frozen_default,,default,0,12,6,24,2,Eval2,learned,A5E2_017,3154,727,1620,838,3185,1.0098287888395687,22,20,8155,-6482,-2.055168040583386,win,0,0.0,tie
default,frozen_default,,default,0,12,6,24,2,Eval2,learned,A5E2_018,4144,1197,1565,2101,4863,1.173503861003861,19,19,7394,-6418,-1.5487451737451738,win,0,0.0,tie
default,frozen_default,,default,0,12,6,24,2,Eval1,public,A5E1_001,1415,567,493,211,1271,0.8982332155477032,11,10,3937,-2897,-2.0473498233215546,win,0,0.0,tie
default,frozen_default,,default,0,12,6,24,2,Eval1,public,A5E1_002,3204,881,1335,1271,3487,1.0883270911360798,20,20,9174,-7871,-2.456616729088639,win,0,0.0,tie
default,frozen_default,,default,0,12,6,24,2,Eval1,public,A5E1_003,2425,920,825,608,2353,0.9703092783505155,5,4,1728,-1250,-0.5154639175257731,win,0,0.0,tie
default,frozen_default,,default,0,12,6,24,2,Eval1,public,A5E1_004,2543,624,977,696,2297,0.9032638615808101,11,11,5657,-4584,-1.8025953598112465,win,0,0.0,tie
default,frozen_default,,default,0,12,6,24,2,Eval1,public,A5E1_005,2979,597,1161,847,2605,0.8744545149378986,10,10,4434,-3741,-1.255790533736153,win,0,0.0,tie
default,frozen_default,,default,0,12,6,24,2,Eval1,public,A5E1_006,2142,475,1131,726,2332,1.0887021475256768,10,10,4162,-3107,-1.4505135387488328,win,0,0.0,tie
default,frozen_default,,default,0,12,6,24,2,Eval1,public,A5E1_007,2939,680,1310,1028,3018,1.0268798911194283,16,15,6896,-5706,-1.941476692752637,win,0,0.0,tie
default,frozen_default,,default,0,12,6,24,2,Eval1,public,A5E1_008,4270,1159,1171,2416,4746,1.1114754098360655,14,14,5394,-5244,-1.228103044496487,win,0,0.0,tie
default,frozen_default,,default,0,12,6,24,2,Eval1,public,A5E1_009,2496,850,1187,783,2820,1.1298076923076923,10,10,3673,-2634,-1.0552884615384615,win,0,0.0,tie
default,frozen_default,,default,0,12,6,24,2,Eval1,public,A5E1_010,1860,961,559,405,1925,1.0349462365591398,12,11,4451,-3832,-2.0602150537634407,win,0,0.0,tie
default,frozen_default,,default,0,12,6,24,2,Eval1,public,A5E1_011,2265,1072,487,750,2309,1.0194260485651214,13,13,4776,-4237,-1.8706401766004415,win,0,0.0,tie
default,frozen_default,,default,0,12,6,24,2,Eval1,public,A5E1_012,3189,493,1421,1776,3690,1.1571025399811854,15,15,5633,-4886,-1.5321417372216997,win,0,0.0,tie
default,frozen_default,,default,0,12,6,24,2,Eval1,public,A5E1_013,3256,903,855,1835,3593,1.1035012285012284,17,17,7718,-7359,-2.260135135135135,win,0,0.0,tie
default,frozen_default,,default,0,12,6,24,2,Eval1,public,A5E1_014,2420,735,816,1577,3128,1.2925619834710744,9,8,3146,-2679,-1.1070247933884299,win,0,0.0,tie
default,frozen_default,,default,0,12,6,24,2,Eval1,public,A5E1_015,4528,861,1625,2883,5369,1.1857332155477032,13,12,4959,-4397,-0.9710689045936396,win,0,0.0,tie
default,frozen_default,,default,0,12,6,24,2,Eval1,public,A5E1_016,2631,686,888,358,1932,0.734321550741163,2,2,852,-485,-0.18434055492208287,win,0,0.0,tie
default,frozen_default,,default,0,12,6,24,2,Eval1,public,A5E1_017,2196,1694,65,1275,3034,1.3816029143897997,12,12,4953,-4323,-1.9685792349726776,win,0,0.0,tie
default,frozen_default,,default,0,12,6,24,2,Eval1,public,A5E1_018,2338,597,995,1072,2664,1.1394354148845167,6,6,2790,-2133,-0.9123182207014542,win,0,0.0,tie
default,frozen_default,,default,0,12,6,24,2,Eval2,public,A5E2_001,3330,945,992,1250,3187,0.957057057057057,12,11,3507,-3379,-1.0147147147147146,win,0,0.0,tie
default,frozen_default,,default,0,12,6,24,2,Eval2,public,A5E2_002,3629,1495,1474,721,3690,1.0168090383025628,20,20,7990,-6416,-1.7679801598236429,win,0,0.0,tie
default,frozen_default,,default,0,12,6,24,2,Eval2,public,A5E2_003,1784,783,644,543,1970,1.1042600896860986,10,10,3941,-3187,-1.7864349775784754,win,0,0.0,tie
default,frozen_default,,default,0,12,6,24,2,Eval2,public,A5E2_004,3263,734,2231,478,3443,1.0551639595464297,14,14,6288,-3977,-1.218817039534171,win,0,0.0,tie
default,frozen_default,,default,0,12,6,24,2,Eval2,public,A5E2_005,4472,1137,2133,602,3872,0.8658318425760286,22,21,9003,-6751,-1.5096153846153846,win,0,0.0,tie
default,frozen_default,,default,0,12,6,24,2,Eval2,public,A5E2_006,3788,1359,1633,1491,4483,1.1834741288278776,31,30,12232,-10964,-2.894403379091869,win,0,0.0,tie
default,frozen_default,,default,0,12,6,24,2,Eval2,public,A5E2_007,2666,954,1207,686,2847,1.0678919729932483,14,14,5675,-4333,-1.6252813203300824,win,0,0.0,tie
default,frozen_default,,default,0,12,6,24,2,Eval2,public,A5E2_008,4247,699,2179,1775,4653,1.095596891923711,26,24,8952,-7102,-1.6722392276901341,win,0,0.0,tie
default,frozen_default,,default,0,12,6,24,2,Eval2,public,A5E2_009,3072,843,1616,337,2796,0.91015625,10,10,4011,-2609,-0.8492838541666666,win,0,0.0,tie
default,frozen_default,,default,0,12,6,24,2,Eval2,public,A5E2_010,4241,716,2214,1613,4543,1.0712096203725536,19,18,7973,-6334,-1.4935156802640888,win,0,0.0,tie
default,frozen_default,,default,0,12,6,24,2,Eval2,public,A5E2_011,3330,602,1915,942,3459,1.0387387387387388,15,15,5658,-4079,-1.224924924924925,win,0,0.0,tie
default,frozen_default,,default,0,12,6,24,2,Eval2,public,A5E2_012,3770,920,2129,330,3379,0.8962864721485411,14,14,6178,-4259,-1.129708222811671,win,0,0.0,tie
default,frozen_default,,default,0,12,6,24,2,Eval2,public,A5E2_013,3524,838,1383,978,3199,0.9077752553916004,8,8,3426,-3088,-0.8762769580022701,win,0,0.0,tie
default,frozen_default,,default,0,12,6,24,2,Eval2,public,A5E2_014,4028,648,2049,1135,3832,0.9513406156901688,11,10,4110,-2620,-0.6504468718967229,win,0,0.0,tie
default,frozen_default,,default,0,12,6,24,2,Eval2,public,A5E2_015,3216,728,1547,835,3110,0.9670398009950248,17,14,6082,-4340,-1.349502487562189,win,0,0.0,tie
default,frozen_default,,default,0,12,6,24,2,Eval2,public,A5E2_016,2629,1122,956,983,3061,1.1643210346139217,13,12,5162,-3987,-1.5165462152909852,win,0,0.0,tie
default,frozen_default,,default,0,12,6,24,2,Eval2,public,A5E2_017,3154,759,1584,896,3239,1.0269499048826887,16,15,6094,-4399,-1.394736842105263,win,0,0.0,tie
default,frozen_default,,default,0,12,6,24,2,Eval2,public,A5E2_018,4144,1131,1439,2003,4573,1.103523166023166,23,21,7290,-5832,-1.4073359073359073,win,0,0.0,tie
max_period_chars_4,remote_stress,max_period_chars=4,max_period_chars,4,4,6,24,2,Eval1,learned,A5E1_001,1415,766,375,291,1432,1.0120141342756184,10,10,3793,-3043,-2.150530035335689,win,110,0.07773851590106007,loss
max_period_chars_4,remote_stress,max_period_chars=4,max_period_chars,4,4,6,24,2,Eval1,learned,A5E1_002,3204,1046,1021,1575,3642,1.1367041198501873,13,13,5077,-4414,-1.377652933832709,win,738,0.2303370786516854,loss
max_period_chars_4,remote_stress,max_period_chars=4,max_period_chars,4,4,6,24,2,Eval1,learned,A5E1_003,2425,1537,411,2090,4038,1.6651546391752576,10,8,2764,-2069,-0.8531958762886598,win,1019,0.4202061855670103,loss
max_period_chars_4,remote_stress,max_period_chars=4,max_period_chars,4,4,6,24,2,Eval1,learned,A5E1_004,2543,1652,346,1306,3304,1.2992528509634291,7,7,2743,-2356,-0.9264648053480141,win,652,0.25639009044435707,loss
max_period_chars_4,remote_stress,max_period_chars=4,max_period_chars,4,4,6,24,2,Eval1,learned,A5E1_005,2979,857,954,1906,3717,1.2477341389728096,8,8,3380,-2923,-0.9812017455521987,win,711,0.23867069486404835,loss
max_period_chars_4,remote_stress,max_period_chars=4,max_period_chars,4,4,6,24,2,Eval1,learned,A5E1_006,2142,1984,12,1463,3459,1.6148459383753502,8,8,3271,-2771,-1.2936507936507937,win,1128,0.5266106442577031,loss
max_period_chars_4,remote_stress,max_period_chars=4,max_period_chars,4,4,6,24,2,Eval1,learned,A5E1_007,2939,1329,1035,1442,3806,1.2949982987410684,7,7,3602,-2527,-0.8598162640353861,win,804,0.2735624362027901,loss
max_period_chars_4,remote_stress,max_period_chars=4,max_period_chars,4,4,6,24,2,Eval1,learned,A5E1_008,4270,1305,886,3638,5829,1.3651053864168619,18,17,6364,-6252,-1.4641686182669789,win,1415,0.33138173302107726,loss
max_period_chars_4,remote_stress,max_period_chars=4,max_period_chars,4,4,6,24,2,Eval1,learned,A5E1_009,2496,1215,970,615,2800,1.1217948717948718,9,9,3970,-2951,-1.1822916666666667,win,167,0.06690705128205128,loss
max_period_chars_4,remote_stress,max_period_chars=4,max_period_chars,4,4,6,24,2,Eval1,learned,A5E1_010,1860,1423,311,591,2325,1.25,11,11,4962,-4005,-2.153225806451613,win,413,0.22204301075268817,loss
max_period_chars_4,remote_stress,max_period_chars=4,max_period_chars,4,4,6,24,2,Eval1,learned,A5E1_011,2265,1688,92,2462,4242,1.8728476821192053,10,10,4059,-3728,-1.645916114790287,win,1644,0.7258278145695364,loss
max_period_chars_4,remote_stress,max_period_chars=4,max_period_chars,4,4,6,24,2,Eval1,learned,A5E1_012,3189,630,984,2011,3625,1.136719974913766,6,5,1788,-1667,-0.5227343994982753,win,662,0.20758858576356223,loss
max_period_chars_4,remote_stress,max_period_chars=4,max_period_chars,4,4,6,24,2,Eval1,learned,A5E1_013,3256,621,1165,1880,3666,1.125921375921376,8,7,3409,-3010,-0.9244471744471745,win,495,0.15202702702702703,loss
max_period_chars_4,remote_stress,max_period_chars=4,max_period_chars,4,4,6,24,2,Eval1,learned,A5E1_014,2420,1134,318,2314,3766,1.556198347107438,2,2,564,-466,-0.1925619834710744,win,1112,0.45950413223140496,loss
max_period_chars_4,remote_stress,max_period_chars=4,max_period_chars,4,4,6,24,2,Eval1,learned,A5E1_015,4528,1442,1064,4033,6539,1.4441254416961131,15,15,5587,-5413,-1.1954505300353357,win,1986,0.4386042402826855,loss
max_period_chars_4,remote_stress,max_period_chars=4,max_period_chars,4,4,6,24,2,Eval1,learned,A5E1_016,2631,1740,250,1386,3376,1.283162295705055,4,4,1632,-1537,-0.5841885214747244,win,1052,0.3998479665526416,loss
max_period_chars_4,remote_stress,max_period_chars=4,max_period_chars,4,4,6,24,2,Eval1,learned,A5E1_017,2196,1714,54,2742,4510,2.053734061930783,7,7,3034,-2938,-1.337887067395264,win,1551,0.7062841530054644,loss
max_period_chars_4,remote_stress,max_period_chars=4,max_period_chars,4,4,6,24,2,Eval1,learned,A5E1_018,2338,2025,137,1735,3897,1.666809238665526,4,4,1679,-1502,-0.6424294268605646,win,1307,0.5590248075278016,loss
max_period_chars_4,remote_stress,max_period_chars=4,max_period_chars,4,4,6,24,2,Eval2,learned,A5E2_001,3330,1432,668,682,2782,0.8354354354354354,9,9,3481,-3332,-1.0006006006006005,win,12,0.0036036036036036037,loss
max_period_chars_4,remote_stress,max_period_chars=4,max_period_chars,4,4,6,24,2,Eval2,learned,A5E2_002,3629,2314,703,740,3757,1.0352714246348858,10,10,3226,-2753,-0.7586111876550014,win,430,0.11848994213281897,loss
max_period_chars_4,remote_stress,max_period_chars=4,max_period_chars,4,4,6,24,2,Eval2,learned,A5E2_003,1784,1588,80,369,2037,1.1418161434977578,4,4,1741,-1651,-0.9254484304932735,win,264,0.14798206278026907,loss
max_period_chars_4,remote_stress,max_period_chars=4,max_period_chars,4,4,6,24,2,Eval2,learned,A5E2_004,3263,1328,1570,453,3351,1.0269690468893655,12,12,4857,-2412,-0.7391970579221575,win,42,0.012871590560833588,loss
max_period_chars_4,remote_stress,max_period_chars=4,max_period_chars,4,4,6,24,2,Eval2,learned,A5E2_005,4472,1701,1730,866,4297,0.9608676207513417,13,13,5844,-4567,-1.0212432915921288,win,524,0.11717352415026834,loss
max_period_chars_4,remote_stress,max_period_chars=4,max_period_chars,4,4,6,24,2,Eval2,learned,A5E2_006,3788,2998,477,2983,6458,1.7048574445617741,18,18,6778,-6104,-1.611404435058078,win,1890,0.4989440337909187,loss
max_period_chars_4,remote_stress,max_period_chars=4,max_period_chars,4,4,6,24,2,Eval2,learned,A5E2_007,2666,1815,351,1606,3772,1.4148537134283572,9,9,3126,-2945,-1.1046511627906976,win,1027,0.3852213053263316,loss
max_period_chars_4,remote_stress,max_period_chars=4,max_period_chars,4,4,6,24,2,Eval2,learned,A5E2_008,4247,2058,1342,3895,7295,1.7176830704026371,18,18,6595,-5402,-1.2719566753002118,win,2784,0.6555215446197316,loss
max_period_chars_4,remote_stress,max_period_chars=4,max_period_chars,4,4,6,24,2,Eval2,learned,A5E2_009,3072,1847,665,1334,3846,1.251953125,9,9,3303,-2598,-0.845703125,win,784,0.2552083333333333,loss
max_period_chars_4,remote_stress,max_period_chars=4,max_period_chars,4,4,6,24,2,Eval2,learned,A5E2_010,4241,1148,2036,2001,5185,1.2225890120254657,14,14,5605,-3856,-0.9092195236972412,win,586,0.13817495873614713,loss
max_period_chars_4,remote_stress,max_period_chars=4,max_period_chars,4,4,6,24,2,Eval2,learned,A5E2_011,3330,2327,752,2633,5712,1.7153153153153153,14,14,5235,-4235,-1.2717717717717718,win,2155,0.6471471471471472,loss
max_period_chars_4,remote_stress,max_period_chars=4,max_period_chars,4,4,6,24,2,Eval2,learned,A5E2_012,3770,3009,451,286,3746,0.9936339522546419,15,15,6111,-5326,-1.412732095490716,win,448,0.11883289124668435,loss
max_period_chars_4,remote_stress,max_period_chars=4,max_period_chars,4,4,6,24,2,Eval2,learned,A5E2_013,3524,1809,643,4100,6552,1.8592508513053347,8,8,3348,-3230,-0.916572077185017,win,1841,0.5224177071509648,loss
max_period_chars_4,remote_stress,max_period_chars=4,max_period_chars,4,4,6,24,2,Eval2,learned,A5E2_014,4028,1540,1465,2039,5044,1.2522343594836147,17,17,7452,-6296,-1.5630585898709037,win,1025,0.2544687189672294,loss
max_period_chars_4,remote_stress,max_period_chars=4,max_period_chars,4,4,6,24,2,Eval2,learned,A5E2_015,3216,1381,882,1865,4128,1.2835820895522387,14,12,5411,-4463,-1.3877487562189055,win,940,0.2922885572139303,loss
max_period_chars_4,remote_stress,max_period_chars=4,max_period_chars,4,4,6,24,2,Eval2,learned,A5E2_016,2629,1861,313,2012,4186,1.5922403955876758,8,8,3707,-3452,-1.3130467858501331,win,1261,0.4796500570559148,loss
max_period_chars_4,remote_stress,max_period_chars=4,max_period_chars,4,4,6,24,2,Eval2,learned,A5E2_017,3154,1759,870,1709,4338,1.3753963221306278,18,16,6466,-5329,-1.6896005072923272,win,1153,0.36556753329105895,loss
max_period_chars_4,remote_stress,max_period_chars=4,max_period_chars,4,4,6,24,2,Eval2,learned,A5E2_018,4144,1524,1248,4769,7541,1.8197393822393821,10,10,4185,-3740,-0.9025096525096525,win,2678,0.6462355212355212,loss
max_period_chars_4,remote_stress,max_period_chars=4,max_period_chars,4,4,6,24,2,Eval1,public,A5E1_001,1415,1217,20,1926,3163,2.2353356890459364,4,4,1509,-1005,-0.7102473498233216,win,1892,1.3371024734982333,loss
max_period_chars_4,remote_stress,max_period_chars=4,max_period_chars,4,4,6,24,2,Eval1,public,A5E1_002,3204,2011,383,2928,5322,1.6610486891385767,13,13,6327,-6036,-1.8838951310861423,win,1835,0.5727215980024969,loss
max_period_chars_4,remote_stress,max_period_chars=4,max_period_chars,4,4,6,24,2,Eval1,public,A5E1_003,2425,1561,400,1010,2971,1.2251546391752577,2,2,829,-632,-0.2606185567010309,win,618,0.2548453608247423,loss
max_period_chars_4,remote_stress,max_period_chars=4,max_period_chars,4,4,6,24,2,Eval1,public,A5E1_004,2543,1584,319,1828,3731,1.4671647660243807,7,7,3798,-3150,-1.238694455367676,win,1434,0.5639009044435705,loss
max_period_chars_4,remote_stress,max_period_chars=4,max_period_chars,4,4,6,24,2,Eval1,public,A5E1_005,2979,2016,221,1736,3973,1.3336690164484726,6,6,2428,-2373,-0.796576032225579,win,1368,0.459214501510574,loss
max_period_chars_4,remote_stress,max_period_chars=4,max_period_chars,4,4,6,24,2,Eval1,public,A5E1_006,2142,1708,291,1059,3058,1.4276377217553688,7,7,2989,-2381,-1.111577964519141,win,726,0.3389355742296919,loss
max_period_chars_4,remote_stress,max_period_chars=4,max_period_chars,4,4,6,24,2,Eval1,public,A5E1_007,2939,1725,561,2003,4289,1.4593399115345356,11,11,5132,-4435,-1.5090166723375298,win,1271,0.43246002041510717,loss
max_period_chars_4,remote_stress,max_period_chars=4,max_period_chars,4,4,6,24,2,Eval1,public,A5E1_008,4270,1214,1112,4199,6525,1.5281030444964872,9,9,3552,-3465,-0.8114754098360656,win,1779,0.4166276346604215,loss
max_period_chars_4,remote_stress,max_period_chars=4,max_period_chars,4,4,6,24,2,Eval1,public,A5E1_009,2496,2274,17,1507,3798,1.5216346153846154,5,5,1737,-1656,-0.6634615384615384,win,978,0.3918269230769231,loss
max_period_chars_4,remote_stress,max_period_chars=4,max_period_chars,4,4,6,24,2,Eval1,public,A5E1_010,1860,1075,432,674,2181,1.1725806451612903,11,10,4055,-3576,-1.9225806451612903,win,256,0.13763440860215054,loss
max_period_chars_4,remote_stress,max_period_chars=4,max_period_chars,4,4,6,24,2,Eval1,public,A5E1_011,2265,1294,258,2784,4336,1.9143487858719648,7,7,2241,-2210,-0.9757174392935982,win,2027,0.8949227373068432,loss
max_period_chars_4,remote_stress,max_period_chars=4,max_period_chars,4,4,6,24,2,Eval1,public,A5E1_012,3189,1414,884,2064,4362,1.367826904985889,13,13,4738,-4214,-1.321417372216996,win,672,0.21072436500470368,loss
max_period_chars_4,remote_stress,max_period_chars=4,max_period_chars,4,4,6,24,2,Eval1,public,A5E1_013,3256,1135,705,2645,4485,1.3774570024570025,15,15,6758,-6467,-1.9861793611793612,win,892,0.273955773955774,loss
max_period_chars_4,remote_stress,max_period_chars=4,max_period_chars,4,4,6,24,2,Eval1,public,A5E1_014,2420,2114,84,2486,4684,1.9355371900826446,4,4,1370,-1123,-0.4640495867768595,win,1556,0.6429752066115703,loss
max_period_chars_4,remote_stress,max_period_chars=4,max_period_chars,4,4,6,24,2,Eval1,public,A5E1_015,4528,1543,1099,4513,7155,1.580167844522968,7,7,2803,-2611,-0.5766342756183745,win,1786,0.39443462897526504,loss
max_period_chars_4,remote_stress,max_period_chars=4,max_period_chars,4,4,6,24,2,Eval1,public,A5E1_016,2631,686,888,358,1932,0.734321550741163,2,2,852,-485,-0.18434055492208287,win,0,0.0,tie
max_period_chars_4,remote_stress,max_period_chars=4,max_period_chars,4,4,6,24,2,Eval1,public,A5E1_017,2196,1665,57,2206,3928,1.7887067395264116,9,9,3819,-3429,-1.5614754098360655,win,894,0.40710382513661203,loss
max_period_chars_4,remote_stress,max_period_chars=4,max_period_chars,4,4,6,24,2,Eval1,public,A5E1_018,2338,1345,454,1584,3383,1.4469632164242943,4,4,1665,-1414,-0.6047904191616766,win,719,0.3075278015397776,loss
max_period_chars_4,remote_stress,max_period_chars=4,max_period_chars,4,4,6,24,2,Eval2,public,A5E2_001,3330,998,937,2496,4431,1.3306306306306306,8,8,2136,-2135,-0.6411411411411412,win,1244,0.37357357357357357,loss
max_period_chars_4,remote_stress,max_period_chars=4,max_period_chars,4,4,6,24,2,Eval2,public,A5E2_002,3629,1919,1044,2442,5405,1.4893910168090383,15,15,5707,-4701,-1.2953981813171673,win,1715,0.4725819785064756,loss
max_period_chars_4,remote_stress,max_period_chars=4,max_period_chars,4,4,6,24,2,Eval2,public,A5E2_003,1784,1616,7,1547,3170,1.7769058295964126,6,6,2249,-1987,-1.1137892376681615,win,1200,0.672645739910314,loss
max_period_chars_4,remote_stress,max_period_chars=4,max_period_chars,4,4,6,24,2,Eval2,public,A5E2_004,3263,1905,1108,998,4011,1.2292368985596078,10,10,4491,-3409,-1.044744100520993,win,568,0.17407293901317805,loss
max_period_chars_4,remote_stress,max_period_chars=4,max_period_chars,4,4,6,24,2,Eval2,public,A5E2_005,4472,2465,1005,2081,5551,1.2412790697674418,15,15,6239,-5072,-1.1341681574239715,win,1679,0.3754472271914132,loss
max_period_chars_4,remote_stress,max_period_chars=4,max_period_chars,4,4,6,24,2,Eval2,public,A5E2_006,3788,3110,427,1914,5451,1.4390179514255543,27,26,10603,-9996,-2.638859556494192,win,968,0.2555438225976769,loss
max_period_chars_4,remote_stress,max_period_chars=4,max_period_chars,4,4,6,24,2,Eval2,public,A5E2_007,2666,1972,216,2354,4542,1.703675918979745,7,7,2891,-2638,-0.9894973743435859,win,1695,0.6357839459864967,loss
max_period_chars_4,remote_stress,max_period_chars=4,max_period_chars,4,4,6,24,2,Eval2,public,A5E2_008,4247,1235,1729,2494,5458,1.2851424534965858,22,21,7730,-6297,-1.4826936661172592,win,805,0.18954556157287497,loss
max_period_chars_4,remote_stress,max_period_chars=4,max_period_chars,4,4,6,24,2,Eval2,public,A5E2_009,3072,1594,931,1409,3934,1.2805989583333333,6,6,2182,-1471,-0.4788411458333333,win,1138,0.3704427083333333,loss
max_period_chars_4,remote_stress,max_period_chars=4,max_period_chars,4,4,6,24,2,Eval2,public,A5E2_010,4241,2266,1145,4037,7448,1.7561895779297336,10,10,4233,-3429,-0.8085357227069088,win,2905,0.6849799575571799,loss
max_period_chars_4,remote_stress,max_period_chars=4,max_period_chars,4,4,6,24,2,Eval2,public,A5E2_011,3330,2805,299,1901,5005,1.503003003003003,9,9,2901,-2533,-0.7606606606606606,win,1546,0.46426426426426426,loss
max_period_chars_4,remote_stress,max_period_chars=4,max_period_chars,4,4,6,24,2,Eval2,public,A5E2_012,3770,2310,937,342,3589,0.9519893899204244,11,11,4888,-4049,-1.0740053050397877,win,210,0.05570291777188329,loss
max_period_chars_4,remote_stress,max_period_chars=4,max_period_chars,4,4,6,24,2,Eval2,public,A5E2_013,3524,1513,919,2445,4877,1.383938706015891,4,4,1410,-1410,-0.40011350737797957,win,1678,0.47616345062429055,loss
max_period_chars_4,remote_stress,max_period_chars=4,max_period_chars,4,4,6,24,2,Eval2,public,A5E2_014,4028,1291,1651,1379,4321,1.0727408142999006,8,8,3336,-2131,-0.5290466732869911,win,489,0.12140019860973188,loss
max_period_chars_4,remote_stress,max_period_chars=4,max_period_chars,4,4,6,24,2,Eval2,public,A5E2_015,3216,2634,408,1012,4054,1.2605721393034826,12,10,4725,-3396,-1.0559701492537314,win,944,0.2935323383084577,loss
max_period_chars_4,remote_stress,max_period_chars=4,max_period_chars,4,4,6,24,2,Eval2,public,A5E2_016,2629,1883,278,1989,4150,1.5785469760365158,9,8,3332,-2898,-1.102320273868391,win,1089,0.41422594142259417,loss
max_period_chars_4,remote_stress,max_period_chars=4,max_period_chars,4,4,6,24,2,Eval2,public,A5E2_017,3154,1327,1118,1680,4125,1.307863031071655,13,12,4763,-3513,-1.1138237159162967,win,886,0.2809131261889664,loss
max_period_chars_4,remote_stress,max_period_chars=4,max_period_chars,4,4,6,24,2,Eval2,public,A5E2_018,4144,1131,1439,3291,5861,1.4143339768339769,16,15,5788,-4544,-1.0965250965250966,win,1288,0.3108108108108108,loss
max_period_chars_8,one_step_neighbor,max_period_chars=8,max_period_chars,8,8,6,24,2,Eval1,learned,A5E1_001,1415,414,646,262,1322,0.9342756183745583,11,11,4153,-3153,-2.228268551236749,win,0,0.0,tie
max_period_chars_8,one_step_neighbor,max_period_chars=8,max_period_chars,8,8,6,24,2,Eval1,learned,A5E1_002,3204,601,1359,1184,3144,0.9812734082397003,15,15,5928,-4912,-1.533083645443196,win,240,0.0749063670411985,loss
max_period_chars_8,one_step_neighbor,max_period_chars=8,max_period_chars,8,8,6,24,2,Eval1,learned,A5E1_003,2425,958,817,1556,3331,1.3736082474226805,12,10,3774,-2776,-1.1447422680412371,win,312,0.128659793814433,loss
max_period_chars_8,one_step_neighbor,max_period_chars=8,max_period_chars,8,8,6,24,2,Eval1,learned,A5E1_004,2543,574,1085,993,2652,1.042862760519072,10,10,3864,-3008,-1.1828548957923712,win,0,0.0,tie
max_period_chars_8,one_step_neighbor,max_period_chars=8,max_period_chars,8,8,6,24,2,Eval1,learned,A5E1_005,2979,675,1088,1243,3006,1.0090634441087614,10,10,4270,-3634,-1.219872440416247,win,0,0.0,tie
max_period_chars_8,one_step_neighbor,max_period_chars=8,max_period_chars,8,8,6,24,2,Eval1,learned,A5E1_006,2142,522,1043,1117,2682,1.2521008403361344,12,12,4723,-3548,-1.6563958916900094,win,351,0.1638655462184874,loss
max_period_chars_8,one_step_neighbor,max_period_chars=8,max_period_chars,8,8,6,24,2,Eval1,learned,A5E1_007,2939,627,1399,1446,3472,1.181354202109561,8,8,3962,-2861,-0.9734603606668935,win,470,0.15991833957128274,loss
max_period_chars_8,one_step_neighbor,max_period_chars=8,max_period_chars,8,8,6,24,2,Eval1,learned,A5E1_008,4270,1305,886,2834,5025,1.1768149882903982,21,19,7168,-7056,-1.6524590163934427,win,611,0.1430913348946136,loss
max_period_chars_8,one_step_neighbor,max_period_chars=8,max_period_chars,8,8,6,24,2,Eval1,learned,A5E1_009,2496,721,1301,611,2633,1.0548878205128205,10,10,4305,-3118,-1.2491987179487178,win,0,0.0,tie
max_period_chars_8,one_step_neighbor,max_period_chars=8,max_period_chars,8,8,6,24,2,Eval1,learned,A5E1_010,1860,799,788,364,1951,1.0489247311827956,13,13,5824,-4379,-2.3543010752688174,win,39,0.020967741935483872,loss
max_period_chars_8,one_step_neighbor,max_period_chars=8,max_period_chars,8,8,6,24,2,Eval1,learned,A5E1_011,2265,1108,504,1912,3524,1.5558498896247241,13,13,5087,-4446,-1.9629139072847681,win,926,0.4088300220750552,loss
max_period_chars_8,one_step_neighbor,max_period_chars=8,max_period_chars,8,8,6,24,2,Eval1,learned,A5E1_012,3189,630,984,1349,2963,0.9291313891502039,8,7,2509,-2329,-0.7303229852618376,win,0,0.0,tie
max_period_chars_8,one_step_neighbor,max_period_chars=8,max_period_chars,8,8,6,24,2,Eval1,learned,A5E1_013,3256,621,1165,1385,3171,0.9738943488943489,10,8,3904,-3505,-1.0764742014742015,win,0,0.0,tie
max_period_chars_8,one_step_neighbor,max_period_chars=8,max_period_chars,8,8,6,24,2,Eval1,learned,A5E1_014,2420,799,641,1214,2654,1.096694214876033,6,6,2057,-1578,-0.6520661157024793,win,0,0.0,tie
max_period_chars_8,one_step_neighbor,max_period_chars=8,max_period_chars,8,8,6,24,2,Eval1,learned,A5E1_015,4528,859,1556,2883,5298,1.170053003533569,20,18,7229,-6654,-1.4695229681978799,win,745,0.16453180212014135,loss
max_period_chars_8,one_step_neighbor,max_period_chars=8,max_period_chars,8,8,6,24,2,Eval1,learned,A5E1_016,2631,691,1078,555,2324,0.8833143291524135,8,8,3438,-2589,-0.984036488027366,win,0,0.0,tie
max_period_chars_8,one_step_neighbor,max_period_chars=8,max_period_chars,8,8,6,24,2,Eval1,learned,A5E1_017,2196,1276,379,1304,2959,1.3474499089253187,12,12,4963,-4489,-2.0441712204007287,win,0,0.0,tie
max_period_chars_8,one_step_neighbor,max_period_chars=8,max_period_chars,8,8,6,24,2,Eval1,learned,A5E1_018,2338,1684,461,1073,3218,1.3763900769888793,6,6,2665,-2181,-0.9328485885372113,win,628,0.2686056458511548,loss
max_period_chars_8,one_step_neighbor,max_period_chars=8,max_period_chars,8,8,6,24,2,Eval2,learned,A5E2_001,3330,899,1188,683,2770,0.8318318318318318,11,10,4000,-3344,-1.0042042042042043,win,0,0.0,tie
max_period_chars_8,one_step_neighbor,max_period_chars=8,max_period_chars,8,8,6,24,2,Eval2,learned,A5E2_002,3629,2314,703,740,3757,1.0352714246348858,10,10,3226,-2753,-0.7586111876550014,win,430,0.11848994213281897,loss
max_period_chars_8,one_step_neighbor,max_period_chars=8,max_period_chars,8,8,6,24,2,Eval2,learned,A5E2_003,1784,662,761,350,1773,0.9938340807174888,5,5,2441,-1915,-1.0734304932735426,win,0,0.0,tie
max_period_chars_8,one_step_neighbor,max_period_chars=8,max_period_chars,8,8,6,24,2,Eval2,learned,A5E2_004,3263,980,1908,447,3335,1.022065583818572,13,13,5287,-2428,-0.7441005209929513,win,26,0.00796812749003984,loss
max_period_chars_8,one_step_neighbor,max_period_chars=8,max_period_chars,8,8,6,24,2,Eval2,learned,A5E2_005,4472,1092,2153,528,3773,0.8436940966010733,15,15,6666,-5091,-1.138416815742397,win,0,0.0,tie
max_period_chars_8,one_step_neighbor,max_period_chars=8,max_period_chars,8,8,6,24,2,Eval2,learned,A5E2_006,3788,1759,1290,1554,4603,1.2151531151003168,25,24,9090,-7959,-2.101108764519535,win,35,0.009239704329461458,loss
max_period_chars_8,one_step_neighbor,max_period_chars=8,max_period_chars,8,8,6,24,2,Eval2,learned,A5E2_007,2666,1249,900,715,2864,1.0742685671417855,12,12,4566,-3853,-1.4452363090772693,win,119,0.04463615903975994,loss
max_period_chars_8,one_step_neighbor,max_period_chars=8,max_period_chars,8,8,6,24,2,Eval2,learned,A5E2_008,4247,637,2182,1692,4511,1.0621615257829056,25,25,9760,-8186,-1.9274782199199434,win,0,0.0,tie
max_period_chars_8,one_step_neighbor,max_period_chars=8,max_period_chars,8,8,6,24,2,Eval2,learned,A5E2_009,3072,868,1631,563,3062,0.9967447916666666,13,13,5162,-3382,-1.1009114583333333,win,0,0.0,tie
max_period_chars_8,one_step_neighbor,max_period_chars=8,max_period_chars,8,8,6,24,2,Eval2,learned,A5E2_010,4241,659,2329,1611,4599,1.0844140532893185,16,15,6288,-4442,-1.0473944824333883,win,0,0.0,tie
max_period_chars_8,one_step_neighbor,max_period_chars=8,max_period_chars,8,8,6,24,2,Eval2,learned,A5E2_011,3330,1114,1519,2156,4789,1.4381381381381382,17,17,6479,-5158,-1.548948948948949,win,1232,0.36996996996996995,loss
max_period_chars_8,one_step_neighbor,max_period_chars=8,max_period_chars,8,8,6,24,2,Eval2,learned,A5E2_012,3770,929,2086,283,3298,0.8748010610079575,19,19,7835,-5774,-1.5315649867374006,win,0,0.0,tie
max_period_chars_8,one_step_neighbor,max_period_chars=8,max_period_chars,8,8,6,24,2,Eval2,learned,A5E2_013,3524,1809,643,2555,5007,1.4208286038592508,14,13,5034,-4775,-1.354994324631101,win,296,0.08399545970488081,loss
max_period_chars_8,one_step_neighbor,max_period_chars=8,max_period_chars,8,8,6,24,2,Eval2,learned,A5E2_014,4028,1552,1464,1069,4085,1.0141509433962264,20,19,8468,-7255,-1.8011420059582919,win,66,0.01638530287984111,loss
max_period_chars_8,one_step_neighbor,max_period_chars=8,max_period_chars,8,8,6,24,2,Eval2,learned,A5E2_015,3216,1091,1220,1079,3390,1.0541044776119404,17,15,6535,-5201,-1.617226368159204,win,202,0.06281094527363185,loss
max_period_chars_8,one_step_neighbor,max_period_chars=8,max_period_chars,8,8,6,24,2,Eval2,learned,A5E2_016,2629,1412,699,842,2953,1.1232407759604413,12,12,5553,-4685,-1.782046405477368,win,28,0.010650437428680106,loss
max_period_chars_8,one_step_neighbor,max_period_chars=8,max_period_chars,8,8,6,24,2,Eval2,learned,A5E2_017,3154,727,1620,838,3185,1.0098287888395687,22,20,8155,-6482,-2.055168040583386,win,0,0.0,tie
max_period_chars_8,one_step_neighbor,max_period_chars=8,max_period_chars,8,8,6,24,2,Eval2,learned,A5E2_018,4144,1514,1254,3496,6264,1.5115830115830116,14,14,5655,-5017,-1.2106660231660231,win,1401,0.33807915057915056,loss
max_period_chars_8,one_step_neighbor,max_period_chars=8,max_period_chars,8,8,6,24,2,Eval1,public,A5E1_001,1415,567,493,211,1271,0.8982332155477032,11,10,3937,-2897,-2.0473498233215546,win,0,0.0,tie
max_period_chars_8,one_step_neighbor,max_period_chars=8,max_period_chars,8,8,6,24,2,Eval1,public,A5E1_002,3204,881,1335,1689,3905,1.2187890137328339,19,19,8756,-7453,-2.326154806491885,win,418,0.13046192259675407,loss
max_period_chars_8,one_step_neighbor,max_period_chars=8,max_period_chars,8,8,6,24,2,Eval1,public,A5E1_003,2425,920,825,608,2353,0.9703092783505155,5,4,1728,-1250,-0.5154639175257731,win,0,0.0,tie
max_period_chars_8,one_step_neighbor,max_period_chars=8,max_period_chars,8,8,6,24,2,Eval1,public,A5E1_004,2543,624,977,696,2297,0.9032638615808101,11,11,5657,-4584,-1.8025953598112465,win,0,0.0,tie
max_period_chars_8,one_step_neighbor,max_period_chars=8,max_period_chars,8,8,6,24,2,Eval1,public,A5E1_005,2979,597,1161,847,2605,0.8744545149378986,10,10,4434,-3741,-1.255790533736153,win,0,0.0,tie
max_period_chars_8,one_step_neighbor,max_period_chars=8,max_period_chars,8,8,6,24,2,Eval1,public,A5E1_006,2142,475,1131,726,2332,1.0887021475256768,10,10,4162,-3107,-1.4505135387488328,win,0,0.0,tie
max_period_chars_8,one_step_neighbor,max_period_chars=8,max_period_chars,8,8,6,24,2,Eval1,public,A5E1_007,2939,680,1310,1428,3418,1.1629806056481797,15,14,6456,-5306,-1.8053759782238856,win,400,0.13610071452875128,loss
max_period_chars_8,one_step_neighbor,max_period_chars=8,max_period_chars,8,8,6,24,2,Eval1,public,A5E1_008,4270,1159,1171,2416,4746,1.1114754098360655,14,14,5394,-5244,-1.228103044496487,win,0,0.0,tie
max_period_chars_8,one_step_neighbor,max_period_chars=8,max_period_chars,8,8,6,24,2,Eval1,public,A5E1_009,2496,1269,802,1211,3282,1.3149038461538463,8,8,2818,-2172,-0.8701923076923077,win,462,0.18509615384615385,loss
max_period_chars_8,one_step_neighbor,max_period_chars=8,max_period_chars,8,8,6,24,2,Eval1,public,A5E1_010,1860,961,559,405,1925,1.0349462365591398,12,11,4451,-3832,-2.0602150537634407,win,0,0.0,tie
max_period_chars_8,one_step_neighbor,max_period_chars=8,max_period_chars,8,8,6,24,2,Eval1,public,A5E1_011,2265,1072,487,750,2309,1.0194260485651214,13,13,4776,-4237,-1.8706401766004415,win,0,0.0,tie
max_period_chars_8,one_step_neighbor,max_period_chars=8,max_period_chars,8,8,6,24,2,Eval1,public,A5E1_012,3189,1410,904,1664,3978,1.2474129821260582,14,14,5228,-4598,-1.4418312950768266,win,288,0.09031044214487301,loss
max_period_chars_8,one_step_neighbor,max_period_chars=8,max_period_chars,8,8,6,24,2,Eval1,public,A5E1_013,3256,903,855,1835,3593,1.1035012285012284,17,17,7718,-7359,-2.260135135135135,win,0,0.0,tie
max_period_chars_8,one_step_neighbor,max_period_chars=8,max_period_chars,8,8,6,24,2,Eval1,public,A5E1_014,2420,733,815,2453,4001,1.653305785123967,7,6,2187,-1806,-0.7462809917355372,win,873,0.36074380165289255,loss
max_period_chars_8,one_step_neighbor,max_period_chars=8,max_period_chars,8,8,6,24,2,Eval1,public,A5E1_015,4528,900,1585,2897,5382,1.1886042402826855,12,12,4905,-4384,-0.9681978798586572,win,13,0.002871024734982332,loss
max_period_chars_8,one_step_neighbor,max_period_chars=8,max_period_chars,8,8,6,24,2,Eval1,public,A5E1_016,2631,686,888,358,1932,0.734321550741163,2,2,852,-485,-0.18434055492208287,win,0,0.0,tie
max_period_chars_8,one_step_neighbor,max_period_chars=8,max_period_chars,8,8,6,24,2,Eval1,public,A5E1_017,2196,1694,65,1275,3034,1.3816029143897997,12,12,4953,-4323,-1.9685792349726776,win,0,0.0,tie
max_period_chars_8,one_step_neighbor,max_period_chars=8,max_period_chars,8,8,6,24,2,Eval1,public,A5E1_018,2338,1345,454,1584,3383,1.4469632164242943,4,4,1665,-1414,-0.6047904191616766,win,719,0.3075278015397776,loss
max_period_chars_8,one_step_neighbor,max_period_chars=8,max_period_chars,8,8,6,24,2,Eval2,public,A5E2_001,3330,945,992,1660,3597,1.0801801801801802,11,10,3097,-2969,-0.8915915915915916,win,410,0.12312312312312312,loss
max_period_chars_8,one_step_neighbor,max_period_chars=8,max_period_chars,8,8,6,24,2,Eval2,public,A5E2_002,3629,1495,1474,1533,4502,1.2405621383301184,18,18,7131,-5604,-1.544227059796087,win,812,0.2237531000275558,loss
max_period_chars_8,one_step_neighbor,max_period_chars=8,max_period_chars,8,8,6,24,2,Eval2,public,A5E2_003,1784,1035,402,621,2058,1.1535874439461884,9,9,3621,-3099,-1.7371076233183858,win,88,0.04932735426008968,loss
max_period_chars_8,one_step_neighbor,max_period_chars=8,max_period_chars,8,8,6,24,2,Eval2,public,A5E2_004,3263,734,2231,478,3443,1.0551639595464297,14,14,6288,-3977,-1.218817039534171,win,0,0.0,tie
max_period_chars_8,one_step_neighbor,max_period_chars=8,max_period_chars,8,8,6,24,2,Eval2,public,A5E2_005,4472,1499,1801,637,3937,0.8803667262969589,20,20,8636,-6686,-1.4950805008944543,win,65,0.014534883720930232,loss
max_period_chars_8,one_step_neighbor,max_period_chars=8,max_period_chars,8,8,6,24,2,Eval2,public,A5E2_006,3788,1359,1633,1491,4483,1.1834741288278776,31,30,12232,-10964,-2.894403379091869,win,0,0.0,tie
max_period_chars_8,one_step_neighbor,max_period_chars=8,max_period_chars,8,8,6,24,2,Eval2,public,A5E2_007,2666,1578,609,1222,3409,1.278694673668417,11,11,4499,-3771,-1.4144786196549137,win,562,0.2108027006751688,loss
max_period_chars_8,one_step_neighbor,max_period_chars=8,max_period_chars,8,8,6,24,2,Eval2,public,A5E2_008,4247,699,2179,1775,4653,1.095596891923711,26,24,8952,-7102,-1.6722392276901341,win,0,0.0,tie
max_period_chars_8,one_step_neighbor,max_period_chars=8,max_period_chars,8,8,6,24,2,Eval2,public,A5E2_009,3072,843,1616,337,2796,0.91015625,10,10,4011,-2609,-0.8492838541666666,win,0,0.0,tie
max_period_chars_8,one_step_neighbor,max_period_chars=8,max_period_chars,8,8,6,24,2,Eval2,public,A5E2_010,4241,1729,1524,1815,5068,1.1950011789672248,17,17,7028,-5809,-1.3697241216694176,win,525,0.12379155859467107,loss
max_period_chars_8,one_step_neighbor,max_period_chars=8,max_period_chars,8,8,6,24,2,Eval2,public,A5E2_011,3330,1931,1140,1233,4304,1.2924924924924925,13,13,4531,-3234,-0.9711711711711711,win,845,0.25375375375375375,loss
max_period_chars_8,one_step_neighbor,max_period_chars=8,max_period_chars,8,8,6,24,2,Eval2,public,A5E2_012,3770,920,2129,330,3379,0.8962864721485411,14,14,6178,-4259,-1.129708222811671,win,0,0.0,tie
max_period_chars_8,one_step_neighbor,max_period_chars=8,max_period_chars,8,8,6,24,2,Eval2,public,A5E2_013,3524,1513,919,1024,3456,0.9807037457434733,7,7,2916,-2831,-0.8033484676503972,win,257,0.07292849035187288,loss
max_period_chars_8,one_step_neighbor,max_period_chars=8,max_period_chars,8,8,6,24,2,Eval2,public,A5E2_014,4028,648,2049,1135,3832,0.9513406156901688,11,10,4110,-2620,-0.6504468718967229,win,0,0.0,tie
max_period_chars_8,one_step_neighbor,max_period_chars=8,max_period_chars,8,8,6,24,2,Eval2,public,A5E2_015,3216,1045,1335,1153,3533,1.0985696517412935,14,12,5511,-3917,-1.2179726368159205,win,423,0.13152985074626866,loss
max_period_chars_8,one_step_neighbor,max_period_chars=8,max_period_chars,8,8,6,24,2,Eval2,public,A5E2_016,2629,1122,956,983,3061,1.1643210346139217,13,12,5162,-3987,-1.5165462152909852,win,0,0.0,tie
max_period_chars_8,one_step_neighbor,max_period_chars=8,max_period_chars,8,8,6,24,2,Eval2,public,A5E2_017,3154,759,1584,896,3239,1.0269499048826887,16,15,6094,-4399,-1.394736842105263,win,0,0.0,tie
max_period_chars_8,one_step_neighbor,max_period_chars=8,max_period_chars,8,8,6,24,2,Eval2,public,A5E2_018,4144,1131,1439,2003,4573,1.103523166023166,23,21,7290,-5832,-1.4073359073359073,win,0,0.0,tie
max_period_chars_16,one_step_neighbor,max_period_chars=16,max_period_chars,16,16,6,24,2,Eval1,learned,A5E1_001,1415,414,646,262,1322,0.9342756183745583,11,11,4153,-3153,-2.228268551236749,win,0,0.0,tie
max_period_chars_16,one_step_neighbor,max_period_chars=16,max_period_chars,16,16,6,24,2,Eval1,learned,A5E1_002,3204,601,1359,944,2904,0.9063670411985019,16,16,6192,-5152,-1.6079900124843944,win,0,0.0,tie
max_period_chars_16,one_step_neighbor,max_period_chars=16,max_period_chars,16,16,6,24,2,Eval1,learned,A5E1_003,2425,1008,817,686,2511,1.0354639175257732,14,12,4764,-3596,-1.4828865979381443,win,-508,-0.20948453608247422,win
max_period_chars_16,one_step_neighbor,max_period_chars=16,max_period_chars,16,16,6,24,2,Eval1,learned,A5E1_004,2543,574,1085,993,2652,1.042862760519072,10,10,3864,-3008,-1.1828548957923712,win,0,0.0,tie
max_period_chars_16,one_step_neighbor,max_period_chars=16,max_period_chars,16,16,6,24,2,Eval1,learned,A5E1_005,2979,675,1088,1243,3006,1.0090634441087614,10,10,4270,-3634,-1.219872440416247,win,0,0.0,tie
max_period_chars_16,one_step_neighbor,max_period_chars=16,max_period_chars,16,16,6,24,2,Eval1,learned,A5E1_006,2142,522,1043,766,2331,1.088235294117647,13,13,5113,-3899,-1.8202614379084967,win,0,0.0,tie
max_period_chars_16,one_step_neighbor,max_period_chars=16,max_period_chars,16,16,6,24,2,Eval1,learned,A5E1_007,2939,627,1399,976,3002,1.0214358625382782,9,9,4432,-3331,-1.1333787002381763,win,0,0.0,tie
max_period_chars_16,one_step_neighbor,max_period_chars=16,max_period_chars,16,16,6,24,2,Eval1,learned,A5E1_008,4270,1124,1091,2199,4414,1.0337236533957845,23,21,8008,-7667,-1.7955503512880562,win,0,0.0,tie
max_period_chars_16,one_step_neighbor,max_period_chars=16,max_period_chars,16,16,6,24,2,Eval1,learned,A5E1_009,2496,721,1301,611,2633,1.0548878205128205,10,10,4305,-3118,-1.2491987179487178,win,0,0.0,tie
max_period_chars_16,one_step_neighbor,max_period_chars=16,max_period_chars,16,16,6,24,2,Eval1,learned,A5E1_010,1860,427,1112,373,1912,1.027956989247312,14,14,6174,-4418,-2.3752688172043013,win,0,0.0,tie
max_period_chars_16,one_step_neighbor,max_period_chars=16,max_period_chars,16,16,6,24,2,Eval1,learned,A5E1_011,2265,1035,581,530,2146,0.9474613686534217,16,16,6586,-5824,-2.571302428256071,win,-452,-0.19955849889624724,win
max_period_chars_16,one_step_neighbor,max_period_chars=16,max_period_chars,16,16,6,24,2,Eval1,learned,A5E1_012,3189,630,984,1349,2963,0.9291313891502039,8,7,2509,-2329,-0.7303229852618376,win,0,0.0,tie
max_period_chars_16,one_step_neighbor,max_period_chars=16,max_period_chars,16,16,6,24,2,Eval1,learned,A5E1_013,3256,621,1165,1385,3171,0.9738943488943489,10,8,3904,-3505,-1.0764742014742015,win,0,0.0,tie
max_period_chars_16,one_step_neighbor,max_period_chars=16,max_period_chars,16,16,6,24,2,Eval1,learned,A5E1_014,2420,836,651,714,2201,0.9095041322314049,7,7,2567,-2031,-0.8392561983471074,win,-453,-0.1871900826446281,win
max_period_chars_16,one_step_neighbor,max_period_chars=16,max_period_chars,16,16,6,24,2,Eval1,learned,A5E1_015,4528,859,1556,2138,4553,1.0055212014134276,22,20,7974,-7399,-1.6340547703180213,win,0,0.0,tie
max_period_chars_16,one_step_neighbor,max_period_chars=16,max_period_chars,16,16,6,24,2,Eval1,learned,A5E1_016,2631,691,1078,555,2324,0.8833143291524135,8,8,3438,-2589,-0.984036488027366,win,0,0.0,tie
max_period_chars_16,one_step_neighbor,max_period_chars=16,max_period_chars,16,16,6,24,2,Eval1,learned,A5E1_017,2196,1276,379,848,2503,1.139799635701275,13,13,5457,-4945,-2.2518214936247722,win,-456,-0.20765027322404372,win
max_period_chars_16,one_step_neighbor,max_period_chars=16,max_period_chars,16,16,6,24,2,Eval1,learned,A5E1_018,2338,516,1194,880,2590,1.1077844311377245,8,8,3691,-2809,-1.201454234388366,win,0,0.0,tie
max_period_chars_16,one_step_neighbor,max_period_chars=16,max_period_chars,16,16,6,24,2,Eval2,learned,A5E2_001,3330,899,1188,683,2770,0.8318318318318318,11,10,4000,-3344,-1.0042042042042043,win,0,0.0,tie
max_period_chars_16,one_step_neighbor,max_period_chars=16,max_period_chars,16,16,6,24,2,Eval2,learned,A5E2_002,3629,1173,1678,476,3327,0.9167814825020667,13,13,4518,-3183,-0.8771011297878203,win,0,0.0,tie
max_period_chars_16,one_step_neighbor,max_period_chars=16,max_period_chars,16,16,6,24,2,Eval2,learned,A5E2_003,1784,662,761,350,1773,0.9938340807174888,5,5,2441,-1915,-1.0734304932735426,win,0,0.0,tie
max_period_chars_16,one_step_neighbor,max_period_chars=16,max_period_chars,16,16,6,24,2,Eval2,learned,A5E2_004,3263,650,2213,446,3309,1.014097456328532,14,14,5593,-2454,-0.7520686484829912,win,0,0.0,tie
max_period_chars_16,one_step_neighbor,max_period_chars=16,max_period_chars,16,16,6,24,2,Eval2,learned,A5E2_005,4472,1092,2153,528,3773,0.8436940966010733,15,15,6666,-5091,-1.138416815742397,win,0,0.0,tie
max_period_chars_16,one_step_neighbor,max_period_chars=16,max_period_chars,16,16,6,24,2,Eval2,learned,A5E2_006,3788,1402,1613,1553,4568,1.2059134107708553,27,25,9414,-7994,-2.1103484688489966,win,0,0.0,tie
max_period_chars_16,one_step_neighbor,max_period_chars=16,max_period_chars,16,16,6,24,2,Eval2,learned,A5E2_007,2666,819,1321,605,2745,1.0296324081020256,14,13,5097,-3972,-1.4898724681170292,win,0,0.0,tie
max_period_chars_16,one_step_neighbor,max_period_chars=16,max_period_chars,16,16,6,24,2,Eval2,learned,A5E2_008,4247,637,2182,1692,4511,1.0621615257829056,25,25,9760,-8186,-1.9274782199199434,win,0,0.0,tie
max_period_chars_16,one_step_neighbor,max_period_chars=16,max_period_chars,16,16,6,24,2,Eval2,learned,A5E2_009,3072,868,1631,563,3062,0.9967447916666666,13,13,5162,-3382,-1.1009114583333333,win,0,0.0,tie
max_period_chars_16,one_step_neighbor,max_period_chars=16,max_period_chars,16,16,6,24,2,Eval2,learned,A5E2_010,4241,659,2329,1611,4599,1.0844140532893185,16,15,6288,-4442,-1.0473944824333883,win,0,0.0,tie
max_period_chars_16,one_step_neighbor,max_period_chars=16,max_period_chars,16,16,6,24,2,Eval2,learned,A5E2_011,3330,1054,1602,901,3557,1.068168168168168,20,20,7903,-6390,-1.9189189189189189,win,0,0.0,tie
max_period_chars_16,one_step_neighbor,max_period_chars=16,max_period_chars,16,16,6,24,2,Eval2,learned,A5E2_012,3770,929,2086,283,3298,0.8748010610079575,19,19,7835,-5774,-1.5315649867374006,win,0,0.0,tie
max_period_chars_16,one_step_neighbor,max_period_chars=16,max_period_chars,16,16,6,24,2,Eval2,learned,A5E2_013,3524,754,1405,1535,3694,1.0482406356413168,16,15,7240,-6088,-1.7275822928490352,win,-1017,-0.28859250851305335,win
max_period_chars_16,one_step_neighbor,max_period_chars=16,max_period_chars,16,16,6,24,2,Eval2,learned,A5E2_014,4028,1162,1791,1066,4019,0.9977656405163853,21,20,8798,-7321,-1.817527308838133,win,0,0.0,tie
max_period_chars_16,one_step_neighbor,max_period_chars=16,max_period_chars,16,16,6,24,2,Eval2,learned,A5E2_015,3216,785,1426,977,3188,0.9912935323383084,18,16,6843,-5403,-1.680037313432836,win,0,0.0,tie
max_period_chars_16,one_step_neighbor,max_period_chars=16,max_period_chars,16,16,6,24,2,Eval2,learned,A5E2_016,2629,960,1133,832,2925,1.112590338531761,13,13,5997,-4713,-1.792696842906048,win,0,0.0,tie
max_period_chars_16,one_step_neighbor,max_period_chars=16,max_period_chars,16,16,6,24,2,Eval2,learned,A5E2_017,3154,727,1620,838,3185,1.0098287888395687,22,20,8155,-6482,-2.055168040583386,win,0,0.0,tie
max_period_chars_16,one_step_neighbor,max_period_chars=16,max_period_chars,16,16,6,24,2,Eval2,learned,A5E2_018,4144,1197,1565,2101,4863,1.173503861003861,19,19,7394,-6418,-1.5487451737451738,win,0,0.0,tie
max_period_chars_16,one_step_neighbor,max_period_chars=16,max_period_chars,16,16,6,24,2,Eval1,public,A5E1_001,1415,567,493,211,1271,0.8982332155477032,11,10,3937,-2897,-2.0473498233215546,win,0,0.0,tie
max_period_chars_16,one_step_neighbor,max_period_chars=16,max_period_chars,16,16,6,24,2,Eval1,public,A5E1_002,3204,881,1335,1271,3487,1.0883270911360798,20,20,9174,-7871,-2.456616729088639,win,0,0.0,tie
max_period_chars_16,one_step_neighbor,max_period_chars=16,max_period_chars,16,16,6,24,2,Eval1,public,A5E1_003,2425,586,1119,486,2191,0.9035051546391752,6,5,2144,-1412,-0.5822680412371134,win,-162,-0.0668041237113402,win
max_period_chars_16,one_step_neighbor,max_period_chars=16,max_period_chars,16,16,6,24,2,Eval1,public,A5E1_004,2543,624,977,696,2297,0.9032638615808101,11,11,5657,-4584,-1.8025953598112465,win,0,0.0,tie
max_period_chars_16,one_step_neighbor,max_period_chars=16,max_period_chars,16,16,6,24,2,Eval1,public,A5E1_005,2979,597,1161,847,2605,0.8744545149378986,10,10,4434,-3741,-1.255790533736153,win,0,0.0,tie
max_period_chars_16,one_step_neighbor,max_period_chars=16,max_period_chars,16,16,6,24,2,Eval1,public,A5E1_006,2142,475,1131,726,2332,1.0887021475256768,10,10,4162,-3107,-1.4505135387488328,win,0,0.0,tie
max_period_chars_16,one_step_neighbor,max_period_chars=16,max_period_chars,16,16,6,24,2,Eval1,public,A5E1_007,2939,680,1310,1028,3018,1.0268798911194283,16,15,6896,-5706,-1.941476692752637,win,0,0.0,tie
max_period_chars_16,one_step_neighbor,max_period_chars=16,max_period_chars,16,16,6,24,2,Eval1,public,A5E1_008,4270,1159,1171,2416,4746,1.1114754098360655,14,14,5394,-5244,-1.228103044496487,win,0,0.0,tie
max_period_chars_16,one_step_neighbor,max_period_chars=16,max_period_chars,16,16,6,24,2,Eval1,public,A5E1_009,2496,850,1187,783,2820,1.1298076923076923,10,10,3673,-2634,-1.0552884615384615,win,0,0.0,tie
max_period_chars_16,one_step_neighbor,max_period_chars=16,max_period_chars,16,16,6,24,2,Eval1,public,A5E1_010,1860,471,999,365,1835,0.9865591397849462,13,12,4963,-3922,-2.1086021505376342,win,-90,-0.04838709677419355,win
max_period_chars_16,one_step_neighbor,max_period_chars=16,max_period_chars,16,16,6,24,2,Eval1,public,A5E1_011,2265,1072,487,512,2071,0.9143487858719647,14,13,5014,-4475,-1.9757174392935983,win,-238,-0.10507726269315673,win
max_period_chars_16,one_step_neighbor,max_period_chars=16,max_period_chars,16,16,6,24,2,Eval1,public,A5E1_012,3189,493,1421,1776,3690,1.1571025399811854,15,15,5633,-4886,-1.5321417372216997,win,0,0.0,tie
max_period_chars_16,one_step_neighbor,max_period_chars=16,max_period_chars,16,16,6,24,2,Eval1,public,A5E1_013,3256,826,916,1626,3368,1.0343980343980343,18,18,7988,-7584,-2.329238329238329,win,-225,-0.0691031941031941,win
max_period_chars_16,one_step_neighbor,max_period_chars=16,max_period_chars,16,16,6,24,2,Eval1,public,A5E1_014,2420,735,816,1161,2712,1.1206611570247933,10,9,3562,-3095,-1.2789256198347108,win,-416,-0.171900826446281,win
max_period_chars_16,one_step_neighbor,max_period_chars=16,max_period_chars,16,16,6,24,2,Eval1,public,A5E1_015,4528,861,1625,2883,5369,1.1857332155477032,13,12,4959,-4397,-0.9710689045936396,win,0,0.0,tie
max_period_chars_16,one_step_neighbor,max_period_chars=16,max_period_chars,16,16,6,24,2,Eval1,public,A5E1_016,2631,686,888,358,1932,0.734321550741163,2,2,852,-485,-0.18434055492208287,win,0,0.0,tie
max_period_chars_16,one_step_neighbor,max_period_chars=16,max_period_chars,16,16,6,24,2,Eval1,public,A5E1_017,2196,922,782,998,2702,1.2304189435336976,14,14,5947,-4655,-2.1197632058287796,win,-332,-0.151183970856102,win
max_period_chars_16,one_step_neighbor,max_period_chars=16,max_period_chars,16,16,6,24,2,Eval1,public,A5E1_018,2338,597,995,1072,2664,1.1394354148845167,6,6,2790,-2133,-0.9123182207014542,win,0,0.0,tie
max_period_chars_16,one_step_neighbor,max_period_chars=16,max_period_chars,16,16,6,24,2,Eval2,public,A5E2_001,3330,945,992,1250,3187,0.957057057057057,12,11,3507,-3379,-1.0147147147147146,win,0,0.0,tie
max_period_chars_16,one_step_neighbor,max_period_chars=16,max_period_chars,16,16,6,24,2,Eval2,public,A5E2_002,3629,1495,1474,721,3690,1.0168090383025628,20,20,7990,-6416,-1.7679801598236429,win,0,0.0,tie
max_period_chars_16,one_step_neighbor,max_period_chars=16,max_period_chars,16,16,6,24,2,Eval2,public,A5E2_003,1784,783,644,543,1970,1.1042600896860986,10,10,3941,-3187,-1.7864349775784754,win,0,0.0,tie
max_period_chars_16,one_step_neighbor,max_period_chars=16,max_period_chars,16,16,6,24,2,Eval2,public,A5E2_004,3263,734,2231,478,3443,1.0551639595464297,14,14,6288,-3977,-1.218817039534171,win,0,0.0,tie
max_period_chars_16,one_step_neighbor,max_period_chars=16,max_period_chars,16,16,6,24,2,Eval2,public,A5E2_005,4472,1137,2133,602,3872,0.8658318425760286,22,21,9003,-6751,-1.5096153846153846,win,0,0.0,tie
max_period_chars_16,one_step_neighbor,max_period_chars=16,max_period_chars,16,16,6,24,2,Eval2,public,A5E2_006,3788,1359,1633,1491,4483,1.1834741288278776,31,30,12232,-10964,-2.894403379091869,win,0,0.0,tie
max_period_chars_16,one_step_neighbor,max_period_chars=16,max_period_chars,16,16,6,24,2,Eval2,public,A5E2_007,2666,954,1207,686,2847,1.0678919729932483,14,14,5675,-4333,-1.6252813203300824,win,0,0.0,tie
max_period_chars_16,one_step_neighbor,max_period_chars=16,max_period_chars,16,16,6,24,2,Eval2,public,A5E2_008,4247,699,2179,1775,4653,1.095596891923711,26,24,8952,-7102,-1.6722392276901341,win,0,0.0,tie
max_period_chars_16,one_step_neighbor,max_period_chars=16,max_period_chars,16,16,6,24,2,Eval2,public,A5E2_009,3072,843,1616,337,2796,0.91015625,10,10,4011,-2609,-0.8492838541666666,win,0,0.0,tie
max_period_chars_16,one_step_neighbor,max_period_chars=16,max_period_chars,16,16,6,24,2,Eval2,public,A5E2_010,4241,716,2214,1613,4543,1.0712096203725536,19,18,7973,-6334,-1.4935156802640888,win,0,0.0,tie
max_period_chars_16,one_step_neighbor,max_period_chars=16,max_period_chars,16,16,6,24,2,Eval2,public,A5E2_011,3330,602,1915,867,3384,1.0162162162162163,16,15,5733,-4154,-1.2474474474474475,win,-75,-0.02252252252252252,win
max_period_chars_16,one_step_neighbor,max_period_chars=16,max_period_chars,16,16,6,24,2,Eval2,public,A5E2_012,3770,920,2129,330,3379,0.8962864721485411,14,14,6178,-4259,-1.129708222811671,win,0,0.0,tie
max_period_chars_16,one_step_neighbor,max_period_chars=16,max_period_chars,16,16,6,24,2,Eval2,public,A5E2_013,3524,838,1383,978,3199,0.9077752553916004,8,8,3426,-3088,-0.8762769580022701,win,0,0.0,tie
max_period_chars_16,one_step_neighbor,max_period_chars=16,max_period_chars,16,16,6,24,2,Eval2,public,A5E2_014,4028,648,2049,1135,3832,0.9513406156901688,11,10,4110,-2620,-0.6504468718967229,win,0,0.0,tie
max_period_chars_16,one_step_neighbor,max_period_chars=16,max_period_chars,16,16,6,24,2,Eval2,public,A5E2_015,3216,728,1547,835,3110,0.9670398009950248,17,14,6082,-4340,-1.349502487562189,win,0,0.0,tie
max_period_chars_16,one_step_neighbor,max_period_chars=16,max_period_chars,16,16,6,24,2,Eval2,public,A5E2_016,2629,1122,956,983,3061,1.1643210346139217,13,12,5162,-3987,-1.5165462152909852,win,0,0.0,tie
max_period_chars_16,one_step_neighbor,max_period_chars=16,max_period_chars,16,16,6,24,2,Eval2,public,A5E2_017,3154,759,1584,896,3239,1.0269499048826887,16,15,6094,-4399,-1.394736842105263,win,0,0.0,tie
max_period_chars_16,one_step_neighbor,max_period_chars=16,max_period_chars,16,16,6,24,2,Eval2,public,A5E2_018,4144,1131,1439,1452,4022,0.9705598455598455,25,22,7926,-6383,-1.5402992277992278,win,-551,-0.13296332046332046,win
min_repetitions_4,one_step_neighbor,min_repetitions=4,min_repetitions,4,12,4,24,2,Eval1,learned,A5E1_001,1415,414,646,262,1322,0.9342756183745583,11,11,4153,-3153,-2.228268551236749,win,0,0.0,tie
min_repetitions_4,one_step_neighbor,min_repetitions=4,min_repetitions,4,12,4,24,2,Eval1,learned,A5E1_002,3204,601,1359,911,2871,0.8960674157303371,17,16,6228,-5185,-1.6182896379525593,win,-33,-0.010299625468164793,win
min_repetitions_4,one_step_neighbor,min_repetitions=4,min_repetitions,4,12,4,24,2,Eval1,learned,A5E1_003,2425,988,817,1214,3019,1.2449484536082474,13,11,4192,-3088,-1.27340206185567,win,0,0.0,tie
min_repetitions_4,one_step_neighbor,min_repetitions=4,min_repetitions,4,12,4,24,2,Eval1,learned,A5E1_004,2543,574,1085,993,2652,1.042862760519072,10,10,3864,-3008,-1.1828548957923712,win,0,0.0,tie
min_repetitions_4,one_step_neighbor,min_repetitions=4,min_repetitions,4,12,4,24,2,Eval1,learned,A5E1_005,2979,675,1088,1243,3006,1.0090634441087614,10,10,4270,-3634,-1.219872440416247,win,0,0.0,tie
min_repetitions_4,one_step_neighbor,min_repetitions=4,min_repetitions,4,12,4,24,2,Eval1,learned,A5E1_006,2142,522,1043,766,2331,1.088235294117647,13,13,5113,-3899,-1.8202614379084967,win,0,0.0,tie
min_repetitions_4,one_step_neighbor,min_repetitions=4,min_repetitions,4,12,4,24,2,Eval1,learned,A5E1_007,2939,627,1399,976,3002,1.0214358625382782,9,9,4432,-3331,-1.1333787002381763,win,0,0.0,tie
min_repetitions_4,one_step_neighbor,min_repetitions=4,min_repetitions,4,12,4,24,2,Eval1,learned,A5E1_008,4270,1124,1091,2199,4414,1.0337236533957845,23,21,8008,-7667,-1.7955503512880562,win,0,0.0,tie
min_repetitions_4,one_step_neighbor,min_repetitions=4,min_repetitions,4,12,4,24,2,Eval1,learned,A5E1_009,2496,721,1301,611,2633,1.0548878205128205,10,10,4305,-3118,-1.2491987179487178,win,0,0.0,tie
min_repetitions_4,one_step_neighbor,min_repetitions=4,min_repetitions,4,12,4,24,2,Eval1,learned,A5E1_010,1860,427,1112,373,1912,1.027956989247312,14,14,6174,-4418,-2.3752688172043013,win,0,0.0,tie
min_repetitions_4,one_step_neighbor,min_repetitions=4,min_repetitions,4,12,4,24,2,Eval1,learned,A5E1_011,2265,1121,504,961,2586,1.1417218543046357,16,15,6038,-5384,-2.3770419426048566,win,-12,-0.005298013245033113,win
min_repetitions_4,one_step_neighbor,min_repetitions=4,min_repetitions,4,12,4,24,2,Eval1,learned,A5E1_012,3189,630,984,1328,2942,0.9225462527438069,9,7,2533,-2350,-0.7369081216682346,win,-21,-0.00658513640639699,win
min_repetitions_4,one_step_neighbor,min_repetitions=4,min_repetitions,4,12,4,24,2,Eval1,learned,A5E1_013,3256,621,1165,1385,3171,0.9738943488943489,10,8,3904,-3505,-1.0764742014742015,win,0,0.0,tie
min_repetitions_4,one_step_neighbor,min_repetitions=4,min_repetitions,4,12,4,24,2,Eval1,learned,A5E1_014,2420,799,641,1214,2654,1.096694214876033,6,6,2057,-1578,-0.6520661157024793,win,0,0.0,tie
min_repetitions_4,one_step_neighbor,min_repetitions=4,min_repetitions,4,12,4,24,2,Eval1,learned,A5E1_015,4528,859,1556,2138,4553,1.0055212014134276,22,20,7974,-7399,-1.6340547703180213,win,0,0.0,tie
min_repetitions_4,one_step_neighbor,min_repetitions=4,min_repetitions,4,12,4,24,2,Eval1,learned,A5E1_016,2631,669,1100,555,2324,0.8833143291524135,9,8,3460,-2589,-0.984036488027366,win,0,0.0,tie
min_repetitions_4,one_step_neighbor,min_repetitions=4,min_repetitions,4,12,4,24,2,Eval1,learned,A5E1_017,2196,1276,379,1304,2959,1.3474499089253187,12,12,4963,-4489,-2.0441712204007287,win,0,0.0,tie
min_repetitions_4,one_step_neighbor,min_repetitions=4,min_repetitions,4,12,4,24,2,Eval1,learned,A5E1_018,2338,516,1194,880,2590,1.1077844311377245,8,8,3691,-2809,-1.201454234388366,win,0,0.0,tie
min_repetitions_4,one_step_neighbor,min_repetitions=4,min_repetitions,4,12,4,24,2,Eval2,learned,A5E2_001,3330,899,1188,683,2770,0.8318318318318318,11,10,4000,-3344,-1.0042042042042043,win,0,0.0,tie
min_repetitions_4,one_step_neighbor,min_repetitions=4,min_repetitions,4,12,4,24,2,Eval2,learned,A5E2_002,3629,1173,1678,476,3327,0.9167814825020667,13,13,4518,-3183,-0.8771011297878203,win,0,0.0,tie
min_repetitions_4,one_step_neighbor,min_repetitions=4,min_repetitions,4,12,4,24,2,Eval2,learned,A5E2_003,1784,662,761,350,1773,0.9938340807174888,5,5,2441,-1915,-1.0734304932735426,win,0,0.0,tie
min_repetitions_4,one_step_neighbor,min_repetitions=4,min_repetitions,4,12,4,24,2,Eval2,learned,A5E2_004,3263,650,2213,446,3309,1.014097456328532,14,14,5593,-2454,-0.7520686484829912,win,0,0.0,tie
min_repetitions_4,one_step_neighbor,min_repetitions=4,min_repetitions,4,12,4,24,2,Eval2,learned,A5E2_005,4472,1092,2153,528,3773,0.8436940966010733,15,15,6666,-5091,-1.138416815742397,win,0,0.0,tie
min_repetitions_4,one_step_neighbor,min_repetitions=4,min_repetitions,4,12,4,24,2,Eval2,learned,A5E2_006,3788,1402,1613,1553,4568,1.2059134107708553,27,25,9414,-7994,-2.1103484688489966,win,0,0.0,tie
min_repetitions_4,one_step_neighbor,min_repetitions=4,min_repetitions,4,12,4,24,2,Eval2,learned,A5E2_007,2666,819,1321,605,2745,1.0296324081020256,14,13,5097,-3972,-1.4898724681170292,win,0,0.0,tie
min_repetitions_4,one_step_neighbor,min_repetitions=4,min_repetitions,4,12,4,24,2,Eval2,learned,A5E2_008,4247,637,2182,1692,4511,1.0621615257829056,25,25,9760,-8186,-1.9274782199199434,win,0,0.0,tie
min_repetitions_4,one_step_neighbor,min_repetitions=4,min_repetitions,4,12,4,24,2,Eval2,learned,A5E2_009,3072,868,1631,563,3062,0.9967447916666666,13,13,5162,-3382,-1.1009114583333333,win,0,0.0,tie
min_repetitions_4,one_step_neighbor,min_repetitions=4,min_repetitions,4,12,4,24,2,Eval2,learned,A5E2_010,4241,659,2329,1579,4567,1.0768686630511672,18,15,6320,-4474,-1.0549398726715398,win,-32,-0.00754539023815138,win
min_repetitions_4,one_step_neighbor,min_repetitions=4,min_repetitions,4,12,4,24,2,Eval2,learned,A5E2_011,3330,1054,1602,901,3557,1.068168168168168,20,20,7903,-6390,-1.9189189189189189,win,0,0.0,tie
min_repetitions_4,one_step_neighbor,min_repetitions=4,min_repetitions,4,12,4,24,2,Eval2,learned,A5E2_012,3770,929,2086,283,3298,0.8748010610079575,19,19,7835,-5774,-1.5315649867374006,win,0,0.0,tie
min_repetitions_4,one_step_neighbor,min_repetitions=4,min_repetitions,4,12,4,24,2,Eval2,learned,A5E2_013,3524,2935,187,1589,4711,1.33683314415437,15,14,5544,-5071,-1.4389897843359818,win,0,0.0,tie
min_repetitions_4,one_step_neighbor,min_repetitions=4,min_repetitions,4,12,4,24,2,Eval2,learned,A5E2_014,4028,1162,1791,1066,4019,0.9977656405163853,21,20,8798,-7321,-1.817527308838133,win,0,0.0,tie
min_repetitions_4,one_step_neighbor,min_repetitions=4,min_repetitions,4,12,4,24,2,Eval2,learned,A5E2_015,3216,785,1426,977,3188,0.9912935323383084,18,16,6843,-5403,-1.680037313432836,win,0,0.0,tie
min_repetitions_4,one_step_neighbor,min_repetitions=4,min_repetitions,4,12,4,24,2,Eval2,learned,A5E2_016,2629,960,1133,832,2925,1.112590338531761,13,13,5997,-4713,-1.792696842906048,win,0,0.0,tie
min_repetitions_4,one_step_neighbor,min_repetitions=4,min_repetitions,4,12,4,24,2,Eval2,learned,A5E2_017,3154,727,1620,838,3185,1.0098287888395687,22,20,8155,-6482,-2.055168040583386,win,0,0.0,tie
min_repetitions_4,one_step_neighbor,min_repetitions=4,min_repetitions,4,12,4,24,2,Eval2,learned,A5E2_018,4144,1197,1565,2101,4863,1.173503861003861,19,19,7394,-6418,-1.5487451737451738,win,0,0.0,tie
min_repetitions_4,one_step_neighbor,min_repetitions=4,min_repetitions,4,12,4,24,2,Eval1,public,A5E1_001,1415,543,512,212,1267,0.8954063604240282,12,10,3955,-2901,-2.0501766784452298,win,-4,-0.0028268551236749115,win
min_repetitions_4,one_step_neighbor,min_repetitions=4,min_repetitions,4,12,4,24,2,Eval1,public,A5E1_002,3204,881,1335,1271,3487,1.0883270911360798,20,20,9174,-7871,-2.456616729088639,win,0,0.0,tie
min_repetitions_4,one_step_neighbor,min_repetitions=4,min_repetitions,4,12,4,24,2,Eval1,public,A5E1_003,2425,920,825,608,2353,0.9703092783505155,5,4,1728,-1250,-0.5154639175257731,win,0,0.0,tie
min_repetitions_4,one_step_neighbor,min_repetitions=4,min_repetitions,4,12,4,24,2,Eval1,public,A5E1_004,2543,624,977,682,2283,0.897758552890287,12,11,5671,-4598,-1.8081006685017695,win,-14,-0.005505308690523005,win
min_repetitions_4,one_step_neighbor,min_repetitions=4,min_repetitions,4,12,4,24,2,Eval1,public,A5E1_005,2979,597,1161,847,2605,0.8744545149378986,10,10,4434,-3741,-1.255790533736153,win,0,0.0,tie
min_repetitions_4,one_step_neighbor,min_repetitions=4,min_repetitions,4,12,4,24,2,Eval1,public,A5E1_006,2142,475,1131,726,2332,1.0887021475256768,10,10,4162,-3107,-1.4505135387488328,win,0,0.0,tie
min_repetitions_4,one_step_neighbor,min_repetitions=4,min_repetitions,4,12,4,24,2,Eval1,public,A5E1_007,2939,680,1310,1028,3018,1.0268798911194283,16,15,6896,-5706,-1.941476692752637,win,0,0.0,tie
min_repetitions_4,one_step_neighbor,min_repetitions=4,min_repetitions,4,12,4,24,2,Eval1,public,A5E1_008,4270,1159,1171,2400,4730,1.1077283372365339,15,14,5410,-5260,-1.2318501170960188,win,-16,-0.003747072599531616,win
min_repetitions_4,one_step_neighbor,min_repetitions=4,min_repetitions,4,12,4,24,2,Eval1,public,A5E1_009,2496,850,1187,783,2820,1.1298076923076923,10,10,3673,-2634,-1.0552884615384615,win,0,0.0,tie
min_repetitions_4,one_step_neighbor,min_repetitions=4,min_repetitions,4,12,4,24,2,Eval1,public,A5E1_010,1860,961,559,405,1925,1.0349462365591398,12,11,4451,-3832,-2.0602150537634407,win,0,0.0,tie
min_repetitions_4,one_step_neighbor,min_repetitions=4,min_repetitions,4,12,4,24,2,Eval1,public,A5E1_011,2265,1072,487,750,2309,1.0194260485651214,13,13,4776,-4237,-1.8706401766004415,win,0,0.0,tie
min_repetitions_4,one_step_neighbor,min_repetitions=4,min_repetitions,4,12,4,24,2,Eval1,public,A5E1_012,3189,493,1421,1776,3690,1.1571025399811854,15,15,5633,-4886,-1.5321417372216997,win,0,0.0,tie
min_repetitions_4,one_step_neighbor,min_repetitions=4,min_repetitions,4,12,4,24,2,Eval1,public,A5E1_013,3256,903,855,1835,3593,1.1035012285012284,17,17,7718,-7359,-2.260135135135135,win,0,0.0,tie
min_repetitions_4,one_step_neighbor,min_repetitions=4,min_repetitions,4,12,4,24,2,Eval1,public,A5E1_014,2420,738,816,1565,3119,1.2888429752066115,10,9,3158,-2688,-1.1107438016528925,win,-9,-0.00371900826446281,win
min_repetitions_4,one_step_neighbor,min_repetitions=4,min_repetitions,4,12,4,24,2,Eval1,public,A5E1_015,4528,861,1625,2883,5369,1.1857332155477032,13,12,4959,-4397,-0.9710689045936396,win,0,0.0,tie
min_repetitions_4,one_step_neighbor,min_repetitions=4,min_repetitions,4,12,4,24,2,Eval1,public,A5E1_016,2631,686,888,358,1932,0.734321550741163,2,2,852,-485,-0.18434055492208287,win,0,0.0,tie
min_repetitions_4,one_step_neighbor,min_repetitions=4,min_repetitions,4,12,4,24,2,Eval1,public,A5E1_017,2196,1694,65,1275,3034,1.3816029143897997,12,12,4953,-4323,-1.9685792349726776,win,0,0.0,tie
min_repetitions_4,one_step_neighbor,min_repetitions=4,min_repetitions,4,12,4,24,2,Eval1,public,A5E1_018,2338,597,995,1072,2664,1.1394354148845167,6,6,2790,-2133,-0.9123182207014542,win,0,0.0,tie
min_repetitions_4,one_step_neighbor,min_repetitions=4,min_repetitions,4,12,4,24,2,Eval2,public,A5E2_001,3330,945,992,1250,3187,0.957057057057057,12,11,3507,-3379,-1.0147147147147146,win,0,0.0,tie
min_repetitions_4,one_step_neighbor,min_repetitions=4,min_repetitions,4,12,4,24,2,Eval2,public,A5E2_002,3629,1495,1474,700,3669,1.0110223201984017,21,20,8011,-6437,-1.7737668779278037,win,-21,-0.005786718104160926,win
min_repetitions_4,one_step_neighbor,min_repetitions=4,min_repetitions,4,12,4,24,2,Eval2,public,A5E2_003,1784,783,644,543,1970,1.1042600896860986,10,10,3941,-3187,-1.7864349775784754,win,0,0.0,tie
min_repetitions_4,one_step_neighbor,min_repetitions=4,min_repetitions,4,12,4,24,2,Eval2,public,A5E2_004,3263,734,2231,478,3443,1.0551639595464297,14,14,6288,-3977,-1.218817039534171,win,0,0.0,tie
min_repetitions_4,one_step_neighbor,min_repetitions=4,min_repetitions,4,12,4,24,2,Eval2,public,A5E2_005,4472,1137,2133,602,3872,0.8658318425760286,22,21,9003,-6751,-1.5096153846153846,win,0,0.0,tie
min_repetitions_4,one_step_neighbor,min_repetitions=4,min_repetitions,4,12,4,24,2,Eval2,public,A5E2_006,3788,1359,1633,1491,4483,1.1834741288278776,31,30,12232,-10964,-2.894403379091869,win,0,0.0,tie
min_repetitions_4,one_step_neighbor,min_repetitions=4,min_repetitions,4,12,4,24,2,Eval2,public,A5E2_007,2666,954,1207,670,2831,1.0618904726181546,15,14,5691,-4349,-1.6312828207051764,win,-16,-0.006001500375093774,win
min_repetitions_4,one_step_neighbor,min_repetitions=4,min_repetitions,4,12,4,24,2,Eval2,public,A5E2_008,4247,699,2179,1775,4653,1.095596891923711,26,24,8952,-7102,-1.6722392276901341,win,0,0.0,tie
min_repetitions_4,one_step_neighbor,min_repetitions=4,min_repetitions,4,12,4,24,2,Eval2,public,A5E2_009,3072,843,1616,337,2796,0.91015625,10,10,4011,-2609,-0.8492838541666666,win,0,0.0,tie
min_repetitions_4,one_step_neighbor,min_repetitions=4,min_repetitions,4,12,4,24,2,Eval2,public,A5E2_010,4241,716,2214,1599,4529,1.0679085121433625,20,18,7987,-6348,-1.49681678849328,win,-14,-0.0033011082291912286,win
min_repetitions_4,one_step_neighbor,min_repetitions=4,min_repetitions,4,12,4,24,2,Eval2,public,A5E2_011,3330,602,1915,921,3438,1.0324324324324323,16,15,5679,-4100,-1.2312312312312312,win,-21,-0.006306306306306306,win
min_repetitions_4,one_step_neighbor,min_repetitions=4,min_repetitions,4,12,4,24,2,Eval2,public,A5E2_012,3770,920,2129,330,3379,0.8962864721485411,14,14,6178,-4259,-1.129708222811671,win,0,0.0,tie
min_repetitions_4,one_step_neighbor,min_repetitions=4,min_repetitions,4,12,4,24,2,Eval2,public,A5E2_013,3524,838,1383,978,3199,0.9077752553916004,8,8,3426,-3088,-0.8762769580022701,win,0,0.0,tie
min_repetitions_4,one_step_neighbor,min_repetitions=4,min_repetitions,4,12,4,24,2,Eval2,public,A5E2_014,4028,648,2049,1135,3832,0.9513406156901688,11,10,4110,-2620,-0.6504468718967229,win,0,0.0,tie
min_repetitions_4,one_step_neighbor,min_repetitions=4,min_repetitions,4,12,4,24,2,Eval2,public,A5E2_015,3216,728,1547,835,3110,0.9670398009950248,17,14,6082,-4340,-1.349502487562189,win,0,0.0,tie
min_repetitions_4,one_step_neighbor,min_repetitions=4,min_repetitions,4,12,4,24,2,Eval2,public,A5E2_016,2629,1122,956,983,3061,1.1643210346139217,13,12,5162,-3987,-1.5165462152909852,win,0,0.0,tie
min_repetitions_4,one_step_neighbor,min_repetitions=4,min_repetitions,4,12,4,24,2,Eval2,public,A5E2_017,3154,759,1584,896,3239,1.0269499048826887,16,15,6094,-4399,-1.394736842105263,win,0,0.0,tie
min_repetitions_4,one_step_neighbor,min_repetitions=4,min_repetitions,4,12,4,24,2,Eval2,public,A5E2_018,4144,1132,1439,1985,4556,1.0994208494208495,24,22,7308,-5849,-1.411438223938224,win,-17,-0.004102316602316602,win
min_repetitions_8,one_step_neighbor,min_repetitions=8,min_repetitions,8,12,8,24,2,Eval1,learned,A5E1_001,1415,414,646,262,1322,0.9342756183745583,11,11,4153,-3153,-2.228268551236749,win,0,0.0,tie
min_repetitions_8,one_step_neighbor,min_repetitions=8,min_repetitions,8,12,8,24,2,Eval1,learned,A5E1_002,3204,601,1359,944,2904,0.9063670411985019,16,16,6192,-5152,-1.6079900124843944,win,0,0.0,tie
min_repetitions_8,one_step_neighbor,min_repetitions=8,min_repetitions,8,12,8,24,2,Eval1,learned,A5E1_003,2425,988,817,1214,3019,1.2449484536082474,13,11,4192,-3088,-1.27340206185567,win,0,0.0,tie
min_repetitions_8,one_step_neighbor,min_repetitions=8,min_repetitions,8,12,8,24,2,Eval1,learned,A5E1_004,2543,574,1085,993,2652,1.042862760519072,10,10,3864,-3008,-1.1828548957923712,win,0,0.0,tie
min_repetitions_8,one_step_neighbor,min_repetitions=8,min_repetitions,8,12,8,24,2,Eval1,learned,A5E1_005,2979,675,1088,1243,3006,1.0090634441087614,10,10,4270,-3634,-1.219872440416247,win,0,0.0,tie
min_repetitions_8,one_step_neighbor,min_repetitions=8,min_repetitions,8,12,8,24,2,Eval1,learned,A5E1_006,2142,522,1043,782,2347,1.0957049486461252,12,12,5093,-3883,-1.8127917833800187,win,16,0.007469654528478058,loss
min_repetitions_8,one_step_neighbor,min_repetitions=8,min_repetitions,8,12,8,24,2,Eval1,learned,A5E1_007,2939,627,1399,976,3002,1.0214358625382782,9,9,4432,-3331,-1.1333787002381763,win,0,0.0,tie
min_repetitions_8,one_step_neighbor,min_repetitions=8,min_repetitions,8,12,8,24,2,Eval1,learned,A5E1_008,4270,1124,1091,2235,4450,1.0421545667447307,21,21,7972,-7631,-1.78711943793911,win,36,0.008430913348946136,loss
min_repetitions_8,one_step_neighbor,min_repetitions=8,min_repetitions,8,12,8,24,2,Eval1,learned,A5E1_009,2496,721,1301,611,2633,1.0548878205128205,10,10,4305,-3118,-1.2491987179487178,win,0,0.0,tie
min_repetitions_8,one_step_neighbor,min_repetitions=8,min_repetitions,8,12,8,24,2,Eval1,learned,A5E1_010,1860,427,1112,373,1912,1.027956989247312,14,14,6174,-4418,-2.3752688172043013,win,0,0.0,tie
min_repetitions_8,one_step_neighbor,min_repetitions=8,min_repetitions,8,12,8,24,2,Eval1,learned,A5E1_011,2265,1121,504,973,2598,1.1470198675496688,15,15,6026,-5372,-2.3717439293598233,win,0,0.0,tie
min_repetitions_8,one_step_neighbor,min_repetitions=8,min_repetitions,8,12,8,24,2,Eval1,learned,A5E1_012,3189,630,984,1349,2963,0.9291313891502039,8,7,2509,-2329,-0.7303229852618376,win,0,0.0,tie
min_repetitions_8,one_step_neighbor,min_repetitions=8,min_repetitions,8,12,8,24,2,Eval1,learned,A5E1_013,3256,621,1165,1425,3211,0.9861793611793612,9,8,3864,-3465,-1.0641891891891893,win,40,0.012285012285012284,loss
min_repetitions_8,one_step_neighbor,min_repetitions=8,min_repetitions,8,12,8,24,2,Eval1,learned,A5E1_014,2420,799,641,1214,2654,1.096694214876033,6,6,2057,-1578,-0.6520661157024793,win,0,0.0,tie
min_repetitions_8,one_step_neighbor,min_repetitions=8,min_repetitions,8,12,8,24,2,Eval1,learned,A5E1_015,4528,859,1556,2138,4553,1.0055212014134276,22,20,7974,-7399,-1.6340547703180213,win,0,0.0,tie
min_repetitions_8,one_step_neighbor,min_repetitions=8,min_repetitions,8,12,8,24,2,Eval1,learned,A5E1_016,2631,691,1078,555,2324,0.8833143291524135,8,8,3438,-2589,-0.984036488027366,win,0,0.0,tie
min_repetitions_8,one_step_neighbor,min_repetitions=8,min_repetitions,8,12,8,24,2,Eval1,learned,A5E1_017,2196,1276,379,1304,2959,1.3474499089253187,12,12,4963,-4489,-2.0441712204007287,win,0,0.0,tie
min_repetitions_8,one_step_neighbor,min_repetitions=8,min_repetitions,8,12,8,24,2,Eval1,learned,A5E1_018,2338,516,1194,880,2590,1.1077844311377245,8,8,3691,-2809,-1.201454234388366,win,0,0.0,tie
min_repetitions_8,one_step_neighbor,min_repetitions=8,min_repetitions,8,12,8,24,2,Eval2,learned,A5E2_001,3330,899,1188,683,2770,0.8318318318318318,11,10,4000,-3344,-1.0042042042042043,win,0,0.0,tie
min_repetitions_8,one_step_neighbor,min_repetitions=8,min_repetitions,8,12,8,24,2,Eval2,learned,A5E2_002,3629,1173,1678,476,3327,0.9167814825020667,13,13,4518,-3183,-0.8771011297878203,win,0,0.0,tie
min_repetitions_8,one_step_neighbor,min_repetitions=8,min_repetitions,8,12,8,24,2,Eval2,learned,A5E2_003,1784,662,761,350,1773,0.9938340807174888,5,5,2441,-1915,-1.0734304932735426,win,0,0.0,tie
min_repetitions_8,one_step_neighbor,min_repetitions=8,min_repetitions,8,12,8,24,2,Eval2,learned,A5E2_004,3263,650,2213,446,3309,1.014097456328532,14,14,5593,-2454,-0.7520686484829912,win,0,0.0,tie
min_repetitions_8,one_step_neighbor,min_repetitions=8,min_repetitions,8,12,8,24,2,Eval2,learned,A5E2_005,4472,1092,2153,528,3773,0.8436940966010733,15,15,6666,-5091,-1.138416815742397,win,0,0.0,tie
min_repetitions_8,one_step_neighbor,min_repetitions=8,min_repetitions,8,12,8,24,2,Eval2,learned,A5E2_006,3788,1402,1613,1585,4600,1.2143611404435057,26,25,9382,-7962,-2.1019007391763465,win,32,0.008447729672650475,loss
min_repetitions_8,one_step_neighbor,min_repetitions=8,min_repetitions,8,12,8,24,2,Eval2,learned,A5E2_007,2666,819,1321,605,2745,1.0296324081020256,14,13,5097,-3972,-1.4898724681170292,win,0,0.0,tie
min_repetitions_8,one_step_neighbor,min_repetitions=8,min_repetitions,8,12,8,24,2,Eval2,learned,A5E2_008,4247,637,2182,1692,4511,1.0621615257829056,25,25,9760,-8186,-1.9274782199199434,win,0,0.0,tie
min_repetitions_8,one_step_neighbor,min_repetitions=8,min_repetitions,8,12,8,24,2,Eval2,learned,A5E2_009,3072,868,1631,563,3062,0.9967447916666666,13,13,5162,-3382,-1.1009114583333333,win,0,0.0,tie
min_repetitions_8,one_step_neighbor,min_repetitions=8,min_repetitions,8,12,8,24,2,Eval2,learned,A5E2_010,4241,659,2329,1611,4599,1.0844140532893185,16,15,6288,-4442,-1.0473944824333883,win,0,0.0,tie
min_repetitions_8,one_step_neighbor,min_repetitions=8,min_repetitions,8,12,8,24,2,Eval2,learned,A5E2_011,3330,1054,1602,901,3557,1.068168168168168,20,20,7903,-6390,-1.9189189189189189,win,0,0.0,tie
min_repetitions_8,one_step_neighbor,min_repetitions=8,min_repetitions,8,12,8,24,2,Eval2,learned,A5E2_012,3770,929,2086,283,3298,0.8748010610079575,19,19,7835,-5774,-1.5315649867374006,win,0,0.0,tie
min_repetitions_8,one_step_neighbor,min_repetitions=8,min_repetitions,8,12,8,24,2,Eval2,learned,A5E2_013,3524,2935,187,1609,4731,1.3425085130533485,14,13,5524,-5051,-1.4333144154370034,win,20,0.0056753688989784334,loss
min_repetitions_8,one_step_neighbor,min_repetitions=8,min_repetitions,8,12,8,24,2,Eval2,learned,A5E2_014,4028,1162,1791,1066,4019,0.9977656405163853,21,20,8798,-7321,-1.817527308838133,win,0,0.0,tie
min_repetitions_8,one_step_neighbor,min_repetitions=8,min_repetitions,8,12,8,24,2,Eval2,learned,A5E2_015,3216,785,1426,977,3188,0.9912935323383084,18,16,6843,-5403,-1.680037313432836,win,0,0.0,tie
min_repetitions_8,one_step_neighbor,min_repetitions=8,min_repetitions,8,12,8,24,2,Eval2,learned,A5E2_016,2629,960,1133,832,2925,1.112590338531761,13,13,5997,-4713,-1.792696842906048,win,0,0.0,tie
min_repetitions_8,one_step_neighbor,min_repetitions=8,min_repetitions,8,12,8,24,2,Eval2,learned,A5E2_017,3154,727,1620,838,3185,1.0098287888395687,22,20,8155,-6482,-2.055168040583386,win,0,0.0,tie
min_repetitions_8,one_step_neighbor,min_repetitions=8,min_repetitions,8,12,8,24,2,Eval2,learned,A5E2_018,4144,1197,1565,2101,4863,1.173503861003861,19,19,7394,-6418,-1.5487451737451738,win,0,0.0,tie
min_repetitions_8,one_step_neighbor,min_repetitions=8,min_repetitions,8,12,8,24,2,Eval1,public,A5E1_001,1415,567,493,251,1311,0.9265017667844523,10,10,3897,-2857,-2.0190812720848057,win,40,0.028268551236749116,loss
min_repetitions_8,one_step_neighbor,min_repetitions=8,min_repetitions,8,12,8,24,2,Eval1,public,A5E1_002,3204,881,1335,1271,3487,1.0883270911360798,20,20,9174,-7871,-2.456616729088639,win,0,0.0,tie
min_repetitions_8,one_step_neighbor,min_repetitions=8,min_repetitions,8,12,8,24,2,Eval1,public,A5E1_003,2425,920,825,608,2353,0.9703092783505155,5,4,1728,-1250,-0.5154639175257731,win,0,0.0,tie
min_repetitions_8,one_step_neighbor,min_repetitions=8,min_repetitions,8,12,8,24,2,Eval1,public,A5E1_004,2543,624,977,696,2297,0.9032638615808101,11,11,5657,-4584,-1.8025953598112465,win,0,0.0,tie
min_repetitions_8,one_step_neighbor,min_repetitions=8,min_repetitions,8,12,8,24,2,Eval1,public,A5E1_005,2979,597,1161,847,2605,0.8744545149378986,10,10,4434,-3741,-1.255790533736153,win,0,0.0,tie
min_repetitions_8,one_step_neighbor,min_repetitions=8,min_repetitions,8,12,8,24,2,Eval1,public,A5E1_006,2142,475,1131,726,2332,1.0887021475256768,10,10,4162,-3107,-1.4505135387488328,win,0,0.0,tie
min_repetitions_8,one_step_neighbor,min_repetitions=8,min_repetitions,8,12,8,24,2,Eval1,public,A5E1_007,2939,680,1310,1028,3018,1.0268798911194283,16,15,6896,-5706,-1.941476692752637,win,0,0.0,tie
min_repetitions_8,one_step_neighbor,min_repetitions=8,min_repetitions,8,12,8,24,2,Eval1,public,A5E1_008,4270,1159,1171,2416,4746,1.1114754098360655,14,14,5394,-5244,-1.228103044496487,win,0,0.0,tie
min_repetitions_8,one_step_neighbor,min_repetitions=8,min_repetitions,8,12,8,24,2,Eval1,public,A5E1_009,2496,850,1187,783,2820,1.1298076923076923,10,10,3673,-2634,-1.0552884615384615,win,0,0.0,tie
min_repetitions_8,one_step_neighbor,min_repetitions=8,min_repetitions,8,12,8,24,2,Eval1,public,A5E1_010,1860,961,559,405,1925,1.0349462365591398,12,11,4451,-3832,-2.0602150537634407,win,0,0.0,tie
min_repetitions_8,one_step_neighbor,min_repetitions=8,min_repetitions,8,12,8,24,2,Eval1,public,A5E1_011,2265,1072,487,750,2309,1.0194260485651214,13,13,4776,-4237,-1.8706401766004415,win,0,0.0,tie
min_repetitions_8,one_step_neighbor,min_repetitions=8,min_repetitions,8,12,8,24,2,Eval1,public,A5E1_012,3189,493,1421,1776,3690,1.1571025399811854,15,15,5633,-4886,-1.5321417372216997,win,0,0.0,tie
min_repetitions_8,one_step_neighbor,min_repetitions=8,min_repetitions,8,12,8,24,2,Eval1,public,A5E1_013,3256,903,855,1835,3593,1.1035012285012284,17,17,7718,-7359,-2.260135135135135,win,0,0.0,tie
min_repetitions_8,one_step_neighbor,min_repetitions=8,min_repetitions,8,12,8,24,2,Eval1,public,A5E1_014,2420,735,816,1577,3128,1.2925619834710744,9,8,3146,-2679,-1.1070247933884299,win,0,0.0,tie
min_repetitions_8,one_step_neighbor,min_repetitions=8,min_repetitions,8,12,8,24,2,Eval1,public,A5E1_015,4528,861,1625,2883,5369,1.1857332155477032,13,12,4959,-4397,-0.9710689045936396,win,0,0.0,tie
min_repetitions_8,one_step_neighbor,min_repetitions=8,min_repetitions,8,12,8,24,2,Eval1,public,A5E1_016,2631,686,888,358,1932,0.734321550741163,2,2,852,-485,-0.18434055492208287,win,0,0.0,tie
min_repetitions_8,one_step_neighbor,min_repetitions=8,min_repetitions,8,12,8,24,2,Eval1,public,A5E1_017,2196,1694,65,1275,3034,1.3816029143897997,12,12,4953,-4323,-1.9685792349726776,win,0,0.0,tie
min_repetitions_8,one_step_neighbor,min_repetitions=8,min_repetitions,8,12,8,24,2,Eval1,public,A5E1_018,2338,597,995,1072,2664,1.1394354148845167,6,6,2790,-2133,-0.9123182207014542,win,0,0.0,tie
min_repetitions_8,one_step_neighbor,min_repetitions=8,min_repetitions,8,12,8,24,2,Eval2,public,A5E2_001,3330,945,992,1250,3187,0.957057057057057,12,11,3507,-3379,-1.0147147147147146,win,0,0.0,tie
min_repetitions_8,one_step_neighbor,min_repetitions=8,min_repetitions,8,12,8,24,2,Eval2,public,A5E2_002,3629,1495,1474,721,3690,1.0168090383025628,20,20,7990,-6416,-1.7679801598236429,win,0,0.0,tie
min_repetitions_8,one_step_neighbor,min_repetitions=8,min_repetitions,8,12,8,24,2,Eval2,public,A5E2_003,1784,783,644,543,1970,1.1042600896860986,10,10,3941,-3187,-1.7864349775784754,win,0,0.0,tie
min_repetitions_8,one_step_neighbor,min_repetitions=8,min_repetitions,8,12,8,24,2,Eval2,public,A5E2_004,3263,734,2231,478,3443,1.0551639595464297,14,14,6288,-3977,-1.218817039534171,win,0,0.0,tie
min_repetitions_8,one_step_neighbor,min_repetitions=8,min_repetitions,8,12,8,24,2,Eval2,public,A5E2_005,4472,1137,2133,602,3872,0.8658318425760286,22,21,9003,-6751,-1.5096153846153846,win,0,0.0,tie
min_repetitions_8,one_step_neighbor,min_repetitions=8,min_repetitions,8,12,8,24,2,Eval2,public,A5E2_006,3788,1359,1633,1491,4483,1.1834741288278776,31,30,12232,-10964,-2.894403379091869,win,0,0.0,tie
min_repetitions_8,one_step_neighbor,min_repetitions=8,min_repetitions,8,12,8,24,2,Eval2,public,A5E2_007,2666,954,1207,686,2847,1.0678919729932483,14,14,5675,-4333,-1.6252813203300824,win,0,0.0,tie
min_repetitions_8,one_step_neighbor,min_repetitions=8,min_repetitions,8,12,8,24,2,Eval2,public,A5E2_008,4247,699,2179,1775,4653,1.095596891923711,26,24,8952,-7102,-1.6722392276901341,win,0,0.0,tie
min_repetitions_8,one_step_neighbor,min_repetitions=8,min_repetitions,8,12,8,24,2,Eval2,public,A5E2_009,3072,843,1616,337,2796,0.91015625,10,10,4011,-2609,-0.8492838541666666,win,0,0.0,tie
min_repetitions_8,one_step_neighbor,min_repetitions=8,min_repetitions,8,12,8,24,2,Eval2,public,A5E2_010,4241,739,2190,1613,4542,1.0709738269276114,18,18,7949,-6335,-1.493751473709031,win,-1,-0.0002357934449422306,win
min_repetitions_8,one_step_neighbor,min_repetitions=8,min_repetitions,8,12,8,24,2,Eval2,public,A5E2_011,3330,602,1915,942,3459,1.0387387387387388,15,15,5658,-4079,-1.224924924924925,win,0,0.0,tie
min_repetitions_8,one_step_neighbor,min_repetitions=8,min_repetitions,8,12,8,24,2,Eval2,public,A5E2_012,3770,920,2129,330,3379,0.8962864721485411,14,14,6178,-4259,-1.129708222811671,win,0,0.0,tie
min_repetitions_8,one_step_neighbor,min_repetitions=8,min_repetitions,8,12,8,24,2,Eval2,public,A5E2_013,3524,838,1383,978,3199,0.9077752553916004,8,8,3426,-3088,-0.8762769580022701,win,0,0.0,tie
min_repetitions_8,one_step_neighbor,min_repetitions=8,min_repetitions,8,12,8,24,2,Eval2,public,A5E2_014,4028,648,2049,1135,3832,0.9513406156901688,11,10,4110,-2620,-0.6504468718967229,win,0,0.0,tie
min_repetitions_8,one_step_neighbor,min_repetitions=8,min_repetitions,8,12,8,24,2,Eval2,public,A5E2_015,3216,728,1547,835,3110,0.9670398009950248,17,14,6082,-4340,-1.349502487562189,win,0,0.0,tie
min_repetitions_8,one_step_neighbor,min_repetitions=8,min_repetitions,8,12,8,24,2,Eval2,public,A5E2_016,2629,1122,956,983,3061,1.1643210346139217,13,12,5162,-3987,-1.5165462152909852,win,0,0.0,tie
min_repetitions_8,one_step_neighbor,min_repetitions=8,min_repetitions,8,12,8,24,2,Eval2,public,A5E2_017,3154,759,1584,896,3239,1.0269499048826887,16,15,6094,-4399,-1.394736842105263,win,0,0.0,tie
min_repetitions_8,one_step_neighbor,min_repetitions=8,min_repetitions,8,12,8,24,2,Eval2,public,A5E2_018,4144,1131,1439,2019,4589,1.10738416988417,22,21,7274,-5816,-1.4034749034749034,win,16,0.003861003861003861,loss
min_repetitions_10,remote_stress,min_repetitions=10,min_repetitions,10,12,10,24,2,Eval1,learned,A5E1_001,1415,414,646,262,1322,0.9342756183745583,11,11,4153,-3153,-2.228268551236749,win,0,0.0,tie
min_repetitions_10,remote_stress,min_repetitions=10,min_repetitions,10,12,10,24,2,Eval1,learned,A5E1_002,3204,601,1359,944,2904,0.9063670411985019,16,16,6192,-5152,-1.6079900124843944,win,0,0.0,tie
min_repetitions_10,remote_stress,min_repetitions=10,min_repetitions,10,12,10,24,2,Eval1,learned,A5E1_003,2425,988,817,1214,3019,1.2449484536082474,13,11,4192,-3088,-1.27340206185567,win,0,0.0,tie
min_repetitions_10,remote_stress,min_repetitions=10,min_repetitions,10,12,10,24,2,Eval1,learned,A5E1_004,2543,574,1085,993,2652,1.042862760519072,10,10,3864,-3008,-1.1828548957923712,win,0,0.0,tie
min_repetitions_10,remote_stress,min_repetitions=10,min_repetitions,10,12,10,24,2,Eval1,learned,A5E1_005,2979,675,1088,1243,3006,1.0090634441087614,10,10,4270,-3634,-1.219872440416247,win,0,0.0,tie
min_repetitions_10,remote_stress,min_repetitions=10,min_repetitions,10,12,10,24,2,Eval1,learned,A5E1_006,2142,522,1043,782,2347,1.0957049486461252,12,12,5093,-3883,-1.8127917833800187,win,16,0.007469654528478058,loss
min_repetitions_10,remote_stress,min_repetitions=10,min_repetitions,10,12,10,24,2,Eval1,learned,A5E1_007,2939,627,1399,976,3002,1.0214358625382782,9,9,4432,-3331,-1.1333787002381763,win,0,0.0,tie
min_repetitions_10,remote_stress,min_repetitions=10,min_repetitions,10,12,10,24,2,Eval1,learned,A5E1_008,4270,1124,1091,2235,4450,1.0421545667447307,21,21,7972,-7631,-1.78711943793911,win,36,0.008430913348946136,loss
min_repetitions_10,remote_stress,min_repetitions=10,min_repetitions,10,12,10,24,2,Eval1,learned,A5E1_009,2496,721,1301,611,2633,1.0548878205128205,10,10,4305,-3118,-1.2491987179487178,win,0,0.0,tie
min_repetitions_10,remote_stress,min_repetitions=10,min_repetitions,10,12,10,24,2,Eval1,learned,A5E1_010,1860,427,1112,373,1912,1.027956989247312,14,14,6174,-4418,-2.3752688172043013,win,0,0.0,tie
min_repetitions_10,remote_stress,min_repetitions=10,min_repetitions,10,12,10,24,2,Eval1,learned,A5E1_011,2265,1121,504,973,2598,1.1470198675496688,15,15,6026,-5372,-2.3717439293598233,win,0,0.0,tie
min_repetitions_10,remote_stress,min_repetitions=10,min_repetitions,10,12,10,24,2,Eval1,learned,A5E1_012,3189,630,984,1349,2963,0.9291313891502039,8,7,2509,-2329,-0.7303229852618376,win,0,0.0,tie
min_repetitions_10,remote_stress,min_repetitions=10,min_repetitions,10,12,10,24,2,Eval1,learned,A5E1_013,3256,621,1165,1425,3211,0.9861793611793612,9,8,3864,-3465,-1.0641891891891893,win,40,0.012285012285012284,loss
min_repetitions_10,remote_stress,min_repetitions=10,min_repetitions,10,12,10,24,2,Eval1,learned,A5E1_014,2420,799,641,1214,2654,1.096694214876033,6,6,2057,-1578,-0.6520661157024793,win,0,0.0,tie
min_repetitions_10,remote_stress,min_repetitions=10,min_repetitions,10,12,10,24,2,Eval1,learned,A5E1_015,4528,859,1556,2173,4588,1.0132508833922262,21,20,7939,-7364,-1.6263250883392226,win,35,0.007729681978798587,loss
min_repetitions_10,remote_stress,min_repetitions=10,min_repetitions,10,12,10,24,2,Eval1,learned,A5E1_016,2631,691,1078,555,2324,0.8833143291524135,8,8,3438,-2589,-0.984036488027366,win,0,0.0,tie
min_repetitions_10,remote_stress,min_repetitions=10,min_repetitions,10,12,10,24,2,Eval1,learned,A5E1_017,2196,1276,379,1304,2959,1.3474499089253187,12,12,4963,-4489,-2.0441712204007287,win,0,0.0,tie
min_repetitions_10,remote_stress,min_repetitions=10,min_repetitions,10,12,10,24,2,Eval1,learned,A5E1_018,2338,516,1194,880,2590,1.1077844311377245,8,8,3691,-2809,-1.201454234388366,win,0,0.0,tie
min_repetitions_10,remote_stress,min_repetitions=10,min_repetitions,10,12,10,24,2,Eval2,learned,A5E2_001,3330,899,1188,683,2770,0.8318318318318318,11,10,4000,-3344,-1.0042042042042043,win,0,0.0,tie
min_repetitions_10,remote_stress,min_repetitions=10,min_repetitions,10,12,10,24,2,Eval2,learned,A5E2_002,3629,1173,1678,476,3327,0.9167814825020667,13,13,4518,-3183,-0.8771011297878203,win,0,0.0,tie
min_repetitions_10,remote_stress,min_repetitions=10,min_repetitions,10,12,10,24,2,Eval2,learned,A5E2_003,1784,662,761,350,1773,0.9938340807174888,5,5,2441,-1915,-1.0734304932735426,win,0,0.0,tie
min_repetitions_10,remote_stress,min_repetitions=10,min_repetitions,10,12,10,24,2,Eval2,learned,A5E2_004,3263,650,2213,446,3309,1.014097456328532,14,14,5593,-2454,-0.7520686484829912,win,0,0.0,tie
min_repetitions_10,remote_stress,min_repetitions=10,min_repetitions,10,12,10,24,2,Eval2,learned,A5E2_005,4472,1092,2153,528,3773,0.8436940966010733,15,15,6666,-5091,-1.138416815742397,win,0,0.0,tie
min_repetitions_10,remote_stress,min_repetitions=10,min_repetitions,10,12,10,24,2,Eval2,learned,A5E2_006,3788,1402,1613,1585,4600,1.2143611404435057,26,25,9382,-7962,-2.1019007391763465,win,32,0.008447729672650475,loss
min_repetitions_10,remote_stress,min_repetitions=10,min_repetitions,10,12,10,24,2,Eval2,learned,A5E2_007,2666,819,1321,605,2745,1.0296324081020256,14,13,5097,-3972,-1.4898724681170292,win,0,0.0,tie
min_repetitions_10,remote_stress,min_repetitions=10,min_repetitions,10,12,10,24,2,Eval2,learned,A5E2_008,4247,637,2182,1692,4511,1.0621615257829056,25,25,9760,-8186,-1.9274782199199434,win,0,0.0,tie
min_repetitions_10,remote_stress,min_repetitions=10,min_repetitions,10,12,10,24,2,Eval2,learned,A5E2_009,3072,868,1631,563,3062,0.9967447916666666,13,13,5162,-3382,-1.1009114583333333,win,0,0.0,tie
min_repetitions_10,remote_stress,min_repetitions=10,min_repetitions,10,12,10,24,2,Eval2,learned,A5E2_010,4241,659,2329,1611,4599,1.0844140532893185,16,15,6288,-4442,-1.0473944824333883,win,0,0.0,tie
min_repetitions_10,remote_stress,min_repetitions=10,min_repetitions,10,12,10,24,2,Eval2,learned,A5E2_011,3330,1054,1602,901,3557,1.068168168168168,20,20,7903,-6390,-1.9189189189189189,win,0,0.0,tie
min_repetitions_10,remote_stress,min_repetitions=10,min_repetitions,10,12,10,24,2,Eval2,learned,A5E2_012,3770,929,2086,283,3298,0.8748010610079575,19,19,7835,-5774,-1.5315649867374006,win,0,0.0,tie
min_repetitions_10,remote_stress,min_repetitions=10,min_repetitions,10,12,10,24,2,Eval2,learned,A5E2_013,3524,2935,187,1645,4767,1.3527241770715097,13,13,5488,-5015,-1.4230987514188422,win,56,0.015891032917139614,loss
min_repetitions_10,remote_stress,min_repetitions=10,min_repetitions,10,12,10,24,2,Eval2,learned,A5E2_014,4028,1162,1791,1066,4019,0.9977656405163853,21,20,8798,-7321,-1.817527308838133,win,0,0.0,tie
min_repetitions_10,remote_stress,min_repetitions=10,min_repetitions,10,12,10,24,2,Eval2,learned,A5E2_015,3216,785,1426,977,3188,0.9912935323383084,18,16,6843,-5403,-1.680037313432836,win,0,0.0,tie
min_repetitions_10,remote_stress,min_repetitions=10,min_repetitions,10,12,10,24,2,Eval2,learned,A5E2_016,2629,960,1133,832,2925,1.112590338531761,13,13,5997,-4713,-1.792696842906048,win,0,0.0,tie
min_repetitions_10,remote_stress,min_repetitions=10,min_repetitions,10,12,10,24,2,Eval2,learned,A5E2_017,3154,727,1620,838,3185,1.0098287888395687,22,20,8155,-6482,-2.055168040583386,win,0,0.0,tie
min_repetitions_10,remote_stress,min_repetitions=10,min_repetitions,10,12,10,24,2,Eval2,learned,A5E2_018,4144,1197,1565,2101,4863,1.173503861003861,19,19,7394,-6418,-1.5487451737451738,win,0,0.0,tie
min_repetitions_10,remote_stress,min_repetitions=10,min_repetitions,10,12,10,24,2,Eval1,public,A5E1_001,1415,567,493,251,1311,0.9265017667844523,10,10,3897,-2857,-2.0190812720848057,win,40,0.028268551236749116,loss
min_repetitions_10,remote_stress,min_repetitions=10,min_repetitions,10,12,10,24,2,Eval1,public,A5E1_002,3204,881,1335,1271,3487,1.0883270911360798,20,20,9174,-7871,-2.456616729088639,win,0,0.0,tie
min_repetitions_10,remote_stress,min_repetitions=10,min_repetitions,10,12,10,24,2,Eval1,public,A5E1_003,2425,921,823,648,2392,0.9863917525773196,4,4,1686,-1211,-0.49938144329896905,win,39,0.016082474226804123,loss
min_repetitions_10,remote_stress,min_repetitions=10,min_repetitions,10,12,10,24,2,Eval1,public,A5E1_004,2543,624,977,696,2297,0.9032638615808101,11,11,5657,-4584,-1.8025953598112465,win,0,0.0,tie
min_repetitions_10,remote_stress,min_repetitions=10,min_repetitions,10,12,10,24,2,Eval1,public,A5E1_005,2979,597,1161,847,2605,0.8744545149378986,10,10,4434,-3741,-1.255790533736153,win,0,0.0,tie
min_repetitions_10,remote_stress,min_repetitions=10,min_repetitions,10,12,10,24,2,Eval1,public,A5E1_006,2142,475,1131,726,2332,1.0887021475256768,10,10,4162,-3107,-1.4505135387488328,win,0,0.0,tie
min_repetitions_10,remote_stress,min_repetitions=10,min_repetitions,10,12,10,24,2,Eval1,public,A5E1_007,2939,680,1310,1028,3018,1.0268798911194283,16,15,6896,-5706,-1.941476692752637,win,0,0.0,tie
min_repetitions_10,remote_stress,min_repetitions=10,min_repetitions,10,12,10,24,2,Eval1,public,A5E1_008,4270,1159,1171,2416,4746,1.1114754098360655,14,14,5394,-5244,-1.228103044496487,win,0,0.0,tie
min_repetitions_10,remote_stress,min_repetitions=10,min_repetitions,10,12,10,24,2,Eval1,public,A5E1_009,2496,850,1187,783,2820,1.1298076923076923,10,10,3673,-2634,-1.0552884615384615,win,0,0.0,tie
min_repetitions_10,remote_stress,min_repetitions=10,min_repetitions,10,12,10,24,2,Eval1,public,A5E1_010,1860,961,559,405,1925,1.0349462365591398,12,11,4451,-3832,-2.0602150537634407,win,0,0.0,tie
min_repetitions_10,remote_stress,min_repetitions=10,min_repetitions,10,12,10,24,2,Eval1,public,A5E1_011,2265,1072,487,750,2309,1.0194260485651214,13,13,4776,-4237,-1.8706401766004415,win,0,0.0,tie
min_repetitions_10,remote_stress,min_repetitions=10,min_repetitions,10,12,10,24,2,Eval1,public,A5E1_012,3189,493,1421,1776,3690,1.1571025399811854,15,15,5633,-4886,-1.5321417372216997,win,0,0.0,tie
min_repetitions_10,remote_stress,min_repetitions=10,min_repetitions,10,12,10,24,2,Eval1,public,A5E1_013,3256,903,855,1835,3593,1.1035012285012284,17,17,7718,-7359,-2.260135135135135,win,0,0.0,tie
min_repetitions_10,remote_stress,min_repetitions=10,min_repetitions,10,12,10,24,2,Eval1,public,A5E1_014,2420,735,816,1577,3128,1.2925619834710744,9,8,3146,-2679,-1.1070247933884299,win,0,0.0,tie
min_repetitions_10,remote_stress,min_repetitions=10,min_repetitions,10,12,10,24,2,Eval1,public,A5E1_015,4528,900,1585,2897,5382,1.1886042402826855,12,12,4905,-4384,-0.9681978798586572,win,13,0.002871024734982332,loss
min_repetitions_10,remote_stress,min_repetitions=10,min_repetitions,10,12,10,24,2,Eval1,public,A5E1_016,2631,686,888,358,1932,0.734321550741163,2,2,852,-485,-0.18434055492208287,win,0,0.0,tie
min_repetitions_10,remote_stress,min_repetitions=10,min_repetitions,10,12,10,24,2,Eval1,public,A5E1_017,2196,1694,65,1275,3034,1.3816029143897997,12,12,4953,-4323,-1.9685792349726776,win,0,0.0,tie
min_repetitions_10,remote_stress,min_repetitions=10,min_repetitions,10,12,10,24,2,Eval1,public,A5E1_018,2338,597,995,1072,2664,1.1394354148845167,6,6,2790,-2133,-0.9123182207014542,win,0,0.0,tie
min_repetitions_10,remote_stress,min_repetitions=10,min_repetitions,10,12,10,24,2,Eval2,public,A5E2_001,3330,945,992,1250,3187,0.957057057057057,12,11,3507,-3379,-1.0147147147147146,win,0,0.0,tie
min_repetitions_10,remote_stress,min_repetitions=10,min_repetitions,10,12,10,24,2,Eval2,public,A5E2_002,3629,1495,1474,721,3690,1.0168090383025628,20,20,7990,-6416,-1.7679801598236429,win,0,0.0,tie
min_repetitions_10,remote_stress,min_repetitions=10,min_repetitions,10,12,10,24,2,Eval2,public,A5E2_003,1784,783,644,543,1970,1.1042600896860986,10,10,3941,-3187,-1.7864349775784754,win,0,0.0,tie
min_repetitions_10,remote_stress,min_repetitions=10,min_repetitions,10,12,10,24,2,Eval2,public,A5E2_004,3263,734,2231,478,3443,1.0551639595464297,14,14,6288,-3977,-1.218817039534171,win,0,0.0,tie
min_repetitions_10,remote_stress,min_repetitions=10,min_repetitions,10,12,10,24,2,Eval2,public,A5E2_005,4472,1205,2064,603,3872,0.8658318425760286,21,21,8933,-6751,-1.5096153846153846,win,0,0.0,tie
min_repetitions_10,remote_stress,min_repetitions=10,min_repetitions,10,12,10,24,2,Eval2,public,A5E2_006,3788,1359,1633,1491,4483,1.1834741288278776,31,30,12232,-10964,-2.894403379091869,win,0,0.0,tie
min_repetitions_10,remote_stress,min_repetitions=10,min_repetitions,10,12,10,24,2,Eval2,public,A5E2_007,2666,954,1207,686,2847,1.0678919729932483,14,14,5675,-4333,-1.6252813203300824,win,0,0.0,tie
min_repetitions_10,remote_stress,min_repetitions=10,min_repetitions,10,12,10,24,2,Eval2,public,A5E2_008,4247,699,2179,1775,4653,1.095596891923711,26,24,8952,-7102,-1.6722392276901341,win,0,0.0,tie
min_repetitions_10,remote_stress,min_repetitions=10,min_repetitions,10,12,10,24,2,Eval2,public,A5E2_009,3072,843,1616,337,2796,0.91015625,10,10,4011,-2609,-0.8492838541666666,win,0,0.0,tie
min_repetitions_10,remote_stress,min_repetitions=10,min_repetitions,10,12,10,24,2,Eval2,public,A5E2_010,4241,739,2190,1613,4542,1.0709738269276114,18,18,7949,-6335,-1.493751473709031,win,-1,-0.0002357934449422306,win
min_repetitions_10,remote_stress,min_repetitions=10,min_repetitions,10,12,10,24,2,Eval2,public,A5E2_011,3330,602,1915,942,3459,1.0387387387387388,15,15,5658,-4079,-1.224924924924925,win,0,0.0,tie
min_repetitions_10,remote_stress,min_repetitions=10,min_repetitions,10,12,10,24,2,Eval2,public,A5E2_012,3770,920,2129,330,3379,0.8962864721485411,14,14,6178,-4259,-1.129708222811671,win,0,0.0,tie
min_repetitions_10,remote_stress,min_repetitions=10,min_repetitions,10,12,10,24,2,Eval2,public,A5E2_013,3524,838,1383,978,3199,0.9077752553916004,8,8,3426,-3088,-0.8762769580022701,win,0,0.0,tie
min_repetitions_10,remote_stress,min_repetitions=10,min_repetitions,10,12,10,24,2,Eval2,public,A5E2_014,4028,648,2049,1135,3832,0.9513406156901688,11,10,4110,-2620,-0.6504468718967229,win,0,0.0,tie
min_repetitions_10,remote_stress,min_repetitions=10,min_repetitions,10,12,10,24,2,Eval2,public,A5E2_015,3216,728,1547,835,3110,0.9670398009950248,17,14,6082,-4340,-1.349502487562189,win,0,0.0,tie
min_repetitions_10,remote_stress,min_repetitions=10,min_repetitions,10,12,10,24,2,Eval2,public,A5E2_016,2629,1122,956,983,3061,1.1643210346139217,13,12,5162,-3987,-1.5165462152909852,win,0,0.0,tie
min_repetitions_10,remote_stress,min_repetitions=10,min_repetitions,10,12,10,24,2,Eval2,public,A5E2_017,3154,759,1584,896,3239,1.0269499048826887,16,15,6094,-4399,-1.394736842105263,win,0,0.0,tie
min_repetitions_10,remote_stress,min_repetitions=10,min_repetitions,10,12,10,24,2,Eval2,public,A5E2_018,4144,1131,1439,2077,4647,1.121380308880309,20,19,7196,-5758,-1.3894787644787645,win,74,0.017857142857142856,loss
min_span_chars_16,one_step_neighbor,min_span_chars=16,min_span_chars,16,12,6,16,2,Eval1,learned,A5E1_001,1415,409,658,262,1329,0.9392226148409893,12,12,4165,-3146,-2.223321554770318,win,7,0.0049469964664310955,loss
min_span_chars_16,one_step_neighbor,min_span_chars=16,min_span_chars,16,12,6,16,2,Eval1,learned,A5E1_002,3204,601,1359,944,2904,0.9063670411985019,16,16,6192,-5152,-1.6079900124843944,win,0,0.0,tie
min_span_chars_16,one_step_neighbor,min_span_chars=16,min_span_chars,16,12,6,16,2,Eval1,learned,A5E1_003,2425,988,817,1214,3019,1.2449484536082474,13,11,4192,-3088,-1.27340206185567,win,0,0.0,tie
min_span_chars_16,one_step_neighbor,min_span_chars=16,min_span_chars,16,12,6,16,2,Eval1,learned,A5E1_004,2543,574,1085,993,2652,1.042862760519072,10,10,3864,-3008,-1.1828548957923712,win,0,0.0,tie
min_span_chars_16,one_step_neighbor,min_span_chars=16,min_span_chars,16,12,6,16,2,Eval1,learned,A5E1_005,2979,675,1088,1243,3006,1.0090634441087614,10,10,4270,-3634,-1.219872440416247,win,0,0.0,tie
min_span_chars_16,one_step_neighbor,min_span_chars=16,min_span_chars,16,12,6,16,2,Eval1,learned,A5E1_006,2142,522,1043,766,2331,1.088235294117647,13,13,5113,-3899,-1.8202614379084967,win,0,0.0,tie
min_span_chars_16,one_step_neighbor,min_span_chars=16,min_span_chars,16,12,6,16,2,Eval1,learned,A5E1_007,2939,627,1399,976,3002,1.0214358625382782,9,9,4432,-3331,-1.1333787002381763,win,0,0.0,tie
min_span_chars_16,one_step_neighbor,min_span_chars=16,min_span_chars,16,12,6,16,2,Eval1,learned,A5E1_008,4270,1124,1091,2199,4414,1.0337236533957845,23,21,8008,-7667,-1.7955503512880562,win,0,0.0,tie
min_span_chars_16,one_step_neighbor,min_span_chars=16,min_span_chars,16,12,6,16,2,Eval1,learned,A5E1_009,2496,721,1301,611,2633,1.0548878205128205,10,10,4305,-3118,-1.2491987179487178,win,0,0.0,tie
min_span_chars_16,one_step_neighbor,min_span_chars=16,min_span_chars,16,12,6,16,2,Eval1,learned,A5E1_010,1860,427,1112,373,1912,1.027956989247312,14,14,6174,-4418,-2.3752688172043013,win,0,0.0,tie
min_span_chars_16,one_step_neighbor,min_span_chars=16,min_span_chars,16,12,6,16,2,Eval1,learned,A5E1_011,2265,1121,504,973,2598,1.1470198675496688,15,15,6026,-5372,-2.3717439293598233,win,0,0.0,tie
min_span_chars_16,one_step_neighbor,min_span_chars=16,min_span_chars,16,12,6,16,2,Eval1,learned,A5E1_012,3189,630,984,1349,2963,0.9291313891502039,8,7,2509,-2329,-0.7303229852618376,win,0,0.0,tie
min_span_chars_16,one_step_neighbor,min_span_chars=16,min_span_chars,16,12,6,16,2,Eval1,learned,A5E1_013,3256,621,1165,1385,3171,0.9738943488943489,10,8,3904,-3505,-1.0764742014742015,win,0,0.0,tie
min_span_chars_16,one_step_neighbor,min_span_chars=16,min_span_chars,16,12,6,16,2,Eval1,learned,A5E1_014,2420,799,641,1214,2654,1.096694214876033,6,6,2057,-1578,-0.6520661157024793,win,0,0.0,tie
min_span_chars_16,one_step_neighbor,min_span_chars=16,min_span_chars,16,12,6,16,2,Eval1,learned,A5E1_015,4528,859,1556,2138,4553,1.0055212014134276,22,20,7974,-7399,-1.6340547703180213,win,0,0.0,tie
min_span_chars_16,one_step_neighbor,min_span_chars=16,min_span_chars,16,12,6,16,2,Eval1,learned,A5E1_016,2631,691,1078,555,2324,0.8833143291524135,8,8,3438,-2589,-0.984036488027366,win,0,0.0,tie
min_span_chars_16,one_step_neighbor,min_span_chars=16,min_span_chars,16,12,6,16,2,Eval1,learned,A5E1_017,2196,1276,379,1304,2959,1.3474499089253187,12,12,4963,-4489,-2.0441712204007287,win,0,0.0,tie
min_span_chars_16,one_step_neighbor,min_span_chars=16,min_span_chars,16,12,6,16,2,Eval1,learned,A5E1_018,2338,516,1194,880,2590,1.1077844311377245,8,8,3691,-2809,-1.201454234388366,win,0,0.0,tie
min_span_chars_16,one_step_neighbor,min_span_chars=16,min_span_chars,16,12,6,16,2,Eval2,learned,A5E2_001,3330,899,1188,683,2770,0.8318318318318318,11,10,4000,-3344,-1.0042042042042043,win,0,0.0,tie
min_span_chars_16,one_step_neighbor,min_span_chars=16,min_span_chars,16,12,6,16,2,Eval2,learned,A5E2_002,3629,1173,1678,476,3327,0.9167814825020667,13,13,4518,-3183,-0.8771011297878203,win,0,0.0,tie
min_span_chars_16,one_step_neighbor,min_span_chars=16,min_span_chars,16,12,6,16,2,Eval2,learned,A5E2_003,1784,662,761,350,1773,0.9938340807174888,5,5,2441,-1915,-1.0734304932735426,win,0,0.0,tie
min_span_chars_16,one_step_neighbor,min_span_chars=16,min_span_chars,16,12,6,16,2,Eval2,learned,A5E2_004,3263,650,2213,446,3309,1.014097456328532,14,14,5593,-2454,-0.7520686484829912,win,0,0.0,tie
min_span_chars_16,one_step_neighbor,min_span_chars=16,min_span_chars,16,12,6,16,2,Eval2,learned,A5E2_005,4472,1092,2153,528,3773,0.8436940966010733,15,15,6666,-5091,-1.138416815742397,win,0,0.0,tie
min_span_chars_16,one_step_neighbor,min_span_chars=16,min_span_chars,16,12,6,16,2,Eval2,learned,A5E2_006,3788,1402,1613,1553,4568,1.2059134107708553,27,25,9414,-7994,-2.1103484688489966,win,0,0.0,tie
min_span_chars_16,one_step_neighbor,min_span_chars=16,min_span_chars,16,12,6,16,2,Eval2,learned,A5E2_007,2666,819,1321,605,2745,1.0296324081020256,14,13,5097,-3972,-1.4898724681170292,win,0,0.0,tie
min_span_chars_16,one_step_neighbor,min_span_chars=16,min_span_chars,16,12,6,16,2,Eval2,learned,A5E2_008,4247,637,2182,1692,4511,1.0621615257829056,25,25,9760,-8186,-1.9274782199199434,win,0,0.0,tie
min_span_chars_16,one_step_neighbor,min_span_chars=16,min_span_chars,16,12,6,16,2,Eval2,learned,A5E2_009,3072,868,1631,563,3062,0.9967447916666666,13,13,5162,-3382,-1.1009114583333333,win,0,0.0,tie
min_span_chars_16,one_step_neighbor,min_span_chars=16,min_span_chars,16,12,6,16,2,Eval2,learned,A5E2_010,4241,659,2329,1611,4599,1.0844140532893185,16,15,6288,-4442,-1.0473944824333883,win,0,0.0,tie
min_span_chars_16,one_step_neighbor,min_span_chars=16,min_span_chars,16,12,6,16,2,Eval2,learned,A5E2_011,3330,1054,1602,901,3557,1.068168168168168,20,20,7903,-6390,-1.9189189189189189,win,0,0.0,tie
min_span_chars_16,one_step_neighbor,min_span_chars=16,min_span_chars,16,12,6,16,2,Eval2,learned,A5E2_012,3770,929,2086,283,3298,0.8748010610079575,19,19,7835,-5774,-1.5315649867374006,win,0,0.0,tie
min_span_chars_16,one_step_neighbor,min_span_chars=16,min_span_chars,16,12,6,16,2,Eval2,learned,A5E2_013,3524,2935,187,1589,4711,1.33683314415437,15,14,5544,-5071,-1.4389897843359818,win,0,0.0,tie
min_span_chars_16,one_step_neighbor,min_span_chars=16,min_span_chars,16,12,6,16,2,Eval2,learned,A5E2_014,4028,1151,1803,1066,4020,0.9980139026812314,22,21,8810,-7320,-1.817279046673287,win,1,0.00024826216484607745,loss
min_span_chars_16,one_step_neighbor,min_span_chars=16,min_span_chars,16,12,6,16,2,Eval2,learned,A5E2_015,3216,785,1426,961,3172,0.986318407960199,19,16,6859,-5419,-1.6850124378109452,win,-16,-0.004975124378109453,win
min_span_chars_16,one_step_neighbor,min_span_chars=16,min_span_chars,16,12,6,16,2,Eval2,learned,A5E2_016,2629,960,1133,816,2909,1.106504374286801,14,13,6013,-4729,-1.798782807151008,win,-16,-0.006085964244960061,win
min_span_chars_16,one_step_neighbor,min_span_chars=16,min_span_chars,16,12,6,16,2,Eval2,learned,A5E2_017,3154,727,1620,838,3185,1.0098287888395687,22,20,8155,-6482,-2.055168040583386,win,0,0.0,tie
min_span_chars_16,one_step_neighbor,min_span_chars=16,min_span_chars,16,12,6,16,2,Eval2,learned,A5E2_018,4144,1197,1565,2101,4863,1.173503861003861,19,19,7394,-6418,-1.5487451737451738,win,0,0.0,tie
min_span_chars_16,one_step_neighbor,min_span_chars=16,min_span_chars,16,12,6,16,2,Eval1,public,A5E1_001,1415,567,493,211,1271,0.8982332155477032,11,10,3937,-2897,-2.0473498233215546,win,0,0.0,tie
min_span_chars_16,one_step_neighbor,min_span_chars=16,min_span_chars,16,12,6,16,2,Eval1,public,A5E1_002,3204,881,1335,1271,3487,1.0883270911360798,20,20,9174,-7871,-2.456616729088639,win,0,0.0,tie
min_span_chars_16,one_step_neighbor,min_span_chars=16,min_span_chars,16,12,6,16,2,Eval1,public,A5E1_003,2425,920,825,608,2353,0.9703092783505155,5,4,1728,-1250,-0.5154639175257731,win,0,0.0,tie
min_span_chars_16,one_step_neighbor,min_span_chars=16,min_span_chars,16,12,6,16,2,Eval1,public,A5E1_004,2543,624,977,696,2297,0.9032638615808101,11,11,5657,-4584,-1.8025953598112465,win,0,0.0,tie
min_span_chars_16,one_step_neighbor,min_span_chars=16,min_span_chars,16,12,6,16,2,Eval1,public,A5E1_005,2979,597,1161,847,2605,0.8744545149378986,10,10,4434,-3741,-1.255790533736153,win,0,0.0,tie
min_span_chars_16,one_step_neighbor,min_span_chars=16,min_span_chars,16,12,6,16,2,Eval1,public,A5E1_006,2142,475,1131,726,2332,1.0887021475256768,10,10,4162,-3107,-1.4505135387488328,win,0,0.0,tie
min_span_chars_16,one_step_neighbor,min_span_chars=16,min_span_chars,16,12,6,16,2,Eval1,public,A5E1_007,2939,680,1310,1028,3018,1.0268798911194283,16,15,6896,-5706,-1.941476692752637,win,0,0.0,tie
min_span_chars_16,one_step_neighbor,min_span_chars=16,min_span_chars,16,12,6,16,2,Eval1,public,A5E1_008,4270,1159,1171,2416,4746,1.1114754098360655,14,14,5394,-5244,-1.228103044496487,win,0,0.0,tie
min_span_chars_16,one_step_neighbor,min_span_chars=16,min_span_chars,16,12,6,16,2,Eval1,public,A5E1_009,2496,850,1187,783,2820,1.1298076923076923,10,10,3673,-2634,-1.0552884615384615,win,0,0.0,tie
min_span_chars_16,one_step_neighbor,min_span_chars=16,min_span_chars,16,12,6,16,2,Eval1,public,A5E1_010,1860,961,559,405,1925,1.0349462365591398,12,11,4451,-3832,-2.0602150537634407,win,0,0.0,tie
min_span_chars_16,one_step_neighbor,min_span_chars=16,min_span_chars,16,12,6,16,2,Eval1,public,A5E1_011,2265,1072,487,750,2309,1.0194260485651214,13,13,4776,-4237,-1.8706401766004415,win,0,0.0,tie
min_span_chars_16,one_step_neighbor,min_span_chars=16,min_span_chars,16,12,6,16,2,Eval1,public,A5E1_012,3189,493,1421,1776,3690,1.1571025399811854,15,15,5633,-4886,-1.5321417372216997,win,0,0.0,tie
min_span_chars_16,one_step_neighbor,min_span_chars=16,min_span_chars,16,12,6,16,2,Eval1,public,A5E1_013,3256,903,855,1835,3593,1.1035012285012284,17,17,7718,-7359,-2.260135135135135,win,0,0.0,tie
min_span_chars_16,one_step_neighbor,min_span_chars=16,min_span_chars,16,12,6,16,2,Eval1,public,A5E1_014,2420,735,816,1577,3128,1.2925619834710744,9,8,3146,-2679,-1.1070247933884299,win,0,0.0,tie
min_span_chars_16,one_step_neighbor,min_span_chars=16,min_span_chars,16,12,6,16,2,Eval1,public,A5E1_015,4528,861,1625,2883,5369,1.1857332155477032,13,12,4959,-4397,-0.9710689045936396,win,0,0.0,tie
min_span_chars_16,one_step_neighbor,min_span_chars=16,min_span_chars,16,12,6,16,2,Eval1,public,A5E1_016,2631,686,888,358,1932,0.734321550741163,2,2,852,-485,-0.18434055492208287,win,0,0.0,tie
min_span_chars_16,one_step_neighbor,min_span_chars=16,min_span_chars,16,12,6,16,2,Eval1,public,A5E1_017,2196,1694,65,1275,3034,1.3816029143897997,12,12,4953,-4323,-1.9685792349726776,win,0,0.0,tie
min_span_chars_16,one_step_neighbor,min_span_chars=16,min_span_chars,16,12,6,16,2,Eval1,public,A5E1_018,2338,597,995,1072,2664,1.1394354148845167,6,6,2790,-2133,-0.9123182207014542,win,0,0.0,tie
min_span_chars_16,one_step_neighbor,min_span_chars=16,min_span_chars,16,12,6,16,2,Eval2,public,A5E2_001,3330,945,992,1250,3187,0.957057057057057,12,11,3507,-3379,-1.0147147147147146,win,0,0.0,tie
min_span_chars_16,one_step_neighbor,min_span_chars=16,min_span_chars,16,12,6,16,2,Eval2,public,A5E2_002,3629,1483,1486,721,3690,1.0168090383025628,21,21,8002,-6416,-1.7679801598236429,win,0,0.0,tie
min_span_chars_16,one_step_neighbor,min_span_chars=16,min_span_chars,16,12,6,16,2,Eval2,public,A5E2_003,1784,783,644,543,1970,1.1042600896860986,10,10,3941,-3187,-1.7864349775784754,win,0,0.0,tie
min_span_chars_16,one_step_neighbor,min_span_chars=16,min_span_chars,16,12,6,16,2,Eval2,public,A5E2_004,3263,734,2231,478,3443,1.0551639595464297,14,14,6288,-3977,-1.218817039534171,win,0,0.0,tie
min_span_chars_16,one_step_neighbor,min_span_chars=16,min_span_chars,16,12,6,16,2,Eval2,public,A5E2_005,4472,1137,2133,602,3872,0.8658318425760286,22,21,9003,-6751,-1.5096153846153846,win,0,0.0,tie
min_span_chars_16,one_step_neighbor,min_span_chars=16,min_span_chars,16,12,6,16,2,Eval2,public,A5E2_006,3788,1359,1633,1476,4468,1.1795142555438225,32,30,12247,-10979,-2.898363252375924,win,-15,-0.00395987328405491,win
min_span_chars_16,one_step_neighbor,min_span_chars=16,min_span_chars,16,12,6,16,2,Eval2,public,A5E2_007,2666,954,1207,686,2847,1.0678919729932483,14,14,5675,-4333,-1.6252813203300824,win,0,0.0,tie
min_span_chars_16,one_step_neighbor,min_span_chars=16,min_span_chars,16,12,6,16,2,Eval2,public,A5E2_008,4247,682,2195,1775,4652,1.0953614315987756,27,24,8968,-7103,-1.6724746880150694,win,-1,-0.0002354603249352484,win
min_span_chars_16,one_step_neighbor,min_span_chars=16,min_span_chars,16,12,6,16,2,Eval2,public,A5E2_009,3072,843,1616,337,2796,0.91015625,10,10,4011,-2609,-0.8492838541666666,win,0,0.0,tie
min_span_chars_16,one_step_neighbor,min_span_chars=16,min_span_chars,16,12,6,16,2,Eval2,public,A5E2_010,4241,716,2214,1613,4543,1.0712096203725536,19,18,7973,-6334,-1.4935156802640888,win,0,0.0,tie
min_span_chars_16,one_step_neighbor,min_span_chars=16,min_span_chars,16,12,6,16,2,Eval2,public,A5E2_011,3330,602,1915,942,3459,1.0387387387387388,15,15,5658,-4079,-1.224924924924925,win,0,0.0,tie
min_span_chars_16,one_step_neighbor,min_span_chars=16,min_span_chars,16,12,6,16,2,Eval2,public,A5E2_012,3770,920,2129,330,3379,0.8962864721485411,14,14,6178,-4259,-1.129708222811671,win,0,0.0,tie
min_span_chars_16,one_step_neighbor,min_span_chars=16,min_span_chars,16,12,6,16,2,Eval2,public,A5E2_013,3524,838,1383,978,3199,0.9077752553916004,8,8,3426,-3088,-0.8762769580022701,win,0,0.0,tie
min_span_chars_16,one_step_neighbor,min_span_chars=16,min_span_chars,16,12,6,16,2,Eval2,public,A5E2_014,4028,635,2061,1133,3829,0.9505958291956306,12,11,4124,-2623,-0.6511916583912611,win,-3,-0.0007447864945382324,win
min_span_chars_16,one_step_neighbor,min_span_chars=16,min_span_chars,16,12,6,16,2,Eval2,public,A5E2_015,3216,728,1547,835,3110,0.9670398009950248,17,14,6082,-4340,-1.349502487562189,win,0,0.0,tie
min_span_chars_16,one_step_neighbor,min_span_chars=16,min_span_chars,16,12,6,16,2,Eval2,public,A5E2_016,2629,1122,956,983,3061,1.1643210346139217,13,12,5162,-3987,-1.5165462152909852,win,0,0.0,tie
min_span_chars_16,one_step_neighbor,min_span_chars=16,min_span_chars,16,12,6,16,2,Eval2,public,A5E2_017,3154,759,1584,896,3239,1.0269499048826887,16,15,6094,-4399,-1.394736842105263,win,0,0.0,tie
min_span_chars_16,one_step_neighbor,min_span_chars=16,min_span_chars,16,12,6,16,2,Eval2,public,A5E2_018,4144,1131,1439,2003,4573,1.103523166023166,23,21,7290,-5832,-1.4073359073359073,win,0,0.0,tie
min_span_chars_32,one_step_neighbor,min_span_chars=32,min_span_chars,32,12,6,32,2,Eval1,learned,A5E1_001,1415,414,646,262,1322,0.9342756183745583,11,11,4153,-3153,-2.228268551236749,win,0,0.0,tie
min_span_chars_32,one_step_neighbor,min_span_chars=32,min_span_chars,32,12,6,32,2,Eval1,learned,A5E1_002,3204,601,1359,944,2904,0.9063670411985019,16,16,6192,-5152,-1.6079900124843944,win,0,0.0,tie
min_span_chars_32,one_step_neighbor,min_span_chars=32,min_span_chars,32,12,6,32,2,Eval1,learned,A5E1_003,2425,988,817,1214,3019,1.2449484536082474,13,11,4192,-3088,-1.27340206185567,win,0,0.0,tie
min_span_chars_32,one_step_neighbor,min_span_chars=32,min_span_chars,32,12,6,32,2,Eval1,learned,A5E1_004,2543,574,1085,993,2652,1.042862760519072,10,10,3864,-3008,-1.1828548957923712,win,0,0.0,tie
min_span_chars_32,one_step_neighbor,min_span_chars=32,min_span_chars,32,12,6,32,2,Eval1,learned,A5E1_005,2979,675,1088,1243,3006,1.0090634441087614,10,10,4270,-3634,-1.219872440416247,win,0,0.0,tie
min_span_chars_32,one_step_neighbor,min_span_chars=32,min_span_chars,32,12,6,32,2,Eval1,learned,A5E1_006,2142,522,1043,782,2347,1.0957049486461252,12,12,5093,-3883,-1.8127917833800187,win,16,0.007469654528478058,loss
min_span_chars_32,one_step_neighbor,min_span_chars=32,min_span_chars,32,12,6,32,2,Eval1,learned,A5E1_007,2939,627,1399,976,3002,1.0214358625382782,9,9,4432,-3331,-1.1333787002381763,win,0,0.0,tie
min_span_chars_32,one_step_neighbor,min_span_chars=32,min_span_chars,32,12,6,32,2,Eval1,learned,A5E1_008,4270,1124,1091,2235,4450,1.0421545667447307,21,21,7972,-7631,-1.78711943793911,win,36,0.008430913348946136,loss
min_span_chars_32,one_step_neighbor,min_span_chars=32,min_span_chars,32,12,6,32,2,Eval1,learned,A5E1_009,2496,721,1301,611,2633,1.0548878205128205,10,10,4305,-3118,-1.2491987179487178,win,0,0.0,tie
min_span_chars_32,one_step_neighbor,min_span_chars=32,min_span_chars,32,12,6,32,2,Eval1,learned,A5E1_010,1860,427,1112,373,1912,1.027956989247312,14,14,6174,-4418,-2.3752688172043013,win,0,0.0,tie
min_span_chars_32,one_step_neighbor,min_span_chars=32,min_span_chars,32,12,6,32,2,Eval1,learned,A5E1_011,2265,1121,504,973,2598,1.1470198675496688,15,15,6026,-5372,-2.3717439293598233,win,0,0.0,tie
min_span_chars_32,one_step_neighbor,min_span_chars=32,min_span_chars,32,12,6,32,2,Eval1,learned,A5E1_012,3189,630,984,1349,2963,0.9291313891502039,8,7,2509,-2329,-0.7303229852618376,win,0,0.0,tie
min_span_chars_32,one_step_neighbor,min_span_chars=32,min_span_chars,32,12,6,32,2,Eval1,learned,A5E1_013,3256,621,1165,1385,3171,0.9738943488943489,10,8,3904,-3505,-1.0764742014742015,win,0,0.0,tie
min_span_chars_32,one_step_neighbor,min_span_chars=32,min_span_chars,32,12,6,32,2,Eval1,learned,A5E1_014,2420,799,641,1214,2654,1.096694214876033,6,6,2057,-1578,-0.6520661157024793,win,0,0.0,tie
min_span_chars_32,one_step_neighbor,min_span_chars=32,min_span_chars,32,12,6,32,2,Eval1,learned,A5E1_015,4528,859,1556,2138,4553,1.0055212014134276,22,20,7974,-7399,-1.6340547703180213,win,0,0.0,tie
min_span_chars_32,one_step_neighbor,min_span_chars=32,min_span_chars,32,12,6,32,2,Eval1,learned,A5E1_016,2631,691,1078,555,2324,0.8833143291524135,8,8,3438,-2589,-0.984036488027366,win,0,0.0,tie
min_span_chars_32,one_step_neighbor,min_span_chars=32,min_span_chars,32,12,6,32,2,Eval1,learned,A5E1_017,2196,1276,379,1304,2959,1.3474499089253187,12,12,4963,-4489,-2.0441712204007287,win,0,0.0,tie
min_span_chars_32,one_step_neighbor,min_span_chars=32,min_span_chars,32,12,6,32,2,Eval1,learned,A5E1_018,2338,516,1194,880,2590,1.1077844311377245,8,8,3691,-2809,-1.201454234388366,win,0,0.0,tie
min_span_chars_32,one_step_neighbor,min_span_chars=32,min_span_chars,32,12,6,32,2,Eval2,learned,A5E2_001,3330,899,1188,683,2770,0.8318318318318318,11,10,4000,-3344,-1.0042042042042043,win,0,0.0,tie
min_span_chars_32,one_step_neighbor,min_span_chars=32,min_span_chars,32,12,6,32,2,Eval2,learned,A5E2_002,3629,1173,1678,476,3327,0.9167814825020667,13,13,4518,-3183,-0.8771011297878203,win,0,0.0,tie
min_span_chars_32,one_step_neighbor,min_span_chars=32,min_span_chars,32,12,6,32,2,Eval2,learned,A5E2_003,1784,662,761,350,1773,0.9938340807174888,5,5,2441,-1915,-1.0734304932735426,win,0,0.0,tie
min_span_chars_32,one_step_neighbor,min_span_chars=32,min_span_chars,32,12,6,32,2,Eval2,learned,A5E2_004,3263,650,2213,446,3309,1.014097456328532,14,14,5593,-2454,-0.7520686484829912,win,0,0.0,tie
min_span_chars_32,one_step_neighbor,min_span_chars=32,min_span_chars,32,12,6,32,2,Eval2,learned,A5E2_005,4472,1092,2153,528,3773,0.8436940966010733,15,15,6666,-5091,-1.138416815742397,win,0,0.0,tie
min_span_chars_32,one_step_neighbor,min_span_chars=32,min_span_chars,32,12,6,32,2,Eval2,learned,A5E2_006,3788,1402,1613,1553,4568,1.2059134107708553,27,25,9414,-7994,-2.1103484688489966,win,0,0.0,tie
min_span_chars_32,one_step_neighbor,min_span_chars=32,min_span_chars,32,12,6,32,2,Eval2,learned,A5E2_007,2666,819,1321,605,2745,1.0296324081020256,14,13,5097,-3972,-1.4898724681170292,win,0,0.0,tie
min_span_chars_32,one_step_neighbor,min_span_chars=32,min_span_chars,32,12,6,32,2,Eval2,learned,A5E2_008,4247,637,2182,1692,4511,1.0621615257829056,25,25,9760,-8186,-1.9274782199199434,win,0,0.0,tie
min_span_chars_32,one_step_neighbor,min_span_chars=32,min_span_chars,32,12,6,32,2,Eval2,learned,A5E2_009,3072,868,1631,563,3062,0.9967447916666666,13,13,5162,-3382,-1.1009114583333333,win,0,0.0,tie
min_span_chars_32,one_step_neighbor,min_span_chars=32,min_span_chars,32,12,6,32,2,Eval2,learned,A5E2_010,4241,659,2329,1611,4599,1.0844140532893185,16,15,6288,-4442,-1.0473944824333883,win,0,0.0,tie
min_span_chars_32,one_step_neighbor,min_span_chars=32,min_span_chars,32,12,6,32,2,Eval2,learned,A5E2_011,3330,1054,1602,901,3557,1.068168168168168,20,20,7903,-6390,-1.9189189189189189,win,0,0.0,tie
min_span_chars_32,one_step_neighbor,min_span_chars=32,min_span_chars,32,12,6,32,2,Eval2,learned,A5E2_012,3770,929,2086,283,3298,0.8748010610079575,19,19,7835,-5774,-1.5315649867374006,win,0,0.0,tie
min_span_chars_32,one_step_neighbor,min_span_chars=32,min_span_chars,32,12,6,32,2,Eval2,learned,A5E2_013,3524,2935,187,1609,4731,1.3425085130533485,14,13,5524,-5051,-1.4333144154370034,win,20,0.0056753688989784334,loss
min_span_chars_32,one_step_neighbor,min_span_chars=32,min_span_chars,32,12,6,32,2,Eval2,learned,A5E2_014,4028,1162,1791,1066,4019,0.9977656405163853,21,20,8798,-7321,-1.817527308838133,win,0,0.0,tie
min_span_chars_32,one_step_neighbor,min_span_chars=32,min_span_chars,32,12,6,32,2,Eval2,learned,A5E2_015,3216,785,1426,977,3188,0.9912935323383084,18,16,6843,-5403,-1.680037313432836,win,0,0.0,tie
min_span_chars_32,one_step_neighbor,min_span_chars=32,min_span_chars,32,12,6,32,2,Eval2,learned,A5E2_016,2629,960,1133,832,2925,1.112590338531761,13,13,5997,-4713,-1.792696842906048,win,0,0.0,tie
min_span_chars_32,one_step_neighbor,min_span_chars=32,min_span_chars,32,12,6,32,2,Eval2,learned,A5E2_017,3154,727,1620,838,3185,1.0098287888395687,22,20,8155,-6482,-2.055168040583386,win,0,0.0,tie
min_span_chars_32,one_step_neighbor,min_span_chars=32,min_span_chars,32,12,6,32,2,Eval2,learned,A5E2_018,4144,1197,1565,2101,4863,1.173503861003861,19,19,7394,-6418,-1.5487451737451738,win,0,0.0,tie
min_span_chars_32,one_step_neighbor,min_span_chars=32,min_span_chars,32,12,6,32,2,Eval1,public,A5E1_001,1415,567,493,211,1271,0.8982332155477032,11,10,3937,-2897,-2.0473498233215546,win,0,0.0,tie
min_span_chars_32,one_step_neighbor,min_span_chars=32,min_span_chars,32,12,6,32,2,Eval1,public,A5E1_002,3204,881,1335,1271,3487,1.0883270911360798,20,20,9174,-7871,-2.456616729088639,win,0,0.0,tie
min_span_chars_32,one_step_neighbor,min_span_chars=32,min_span_chars,32,12,6,32,2,Eval1,public,A5E1_003,2425,920,825,608,2353,0.9703092783505155,5,4,1728,-1250,-0.5154639175257731,win,0,0.0,tie
min_span_chars_32,one_step_neighbor,min_span_chars=32,min_span_chars,32,12,6,32,2,Eval1,public,A5E1_004,2543,624,977,696,2297,0.9032638615808101,11,11,5657,-4584,-1.8025953598112465,win,0,0.0,tie
min_span_chars_32,one_step_neighbor,min_span_chars=32,min_span_chars,32,12,6,32,2,Eval1,public,A5E1_005,2979,597,1161,847,2605,0.8744545149378986,10,10,4434,-3741,-1.255790533736153,win,0,0.0,tie
min_span_chars_32,one_step_neighbor,min_span_chars=32,min_span_chars,32,12,6,32,2,Eval1,public,A5E1_006,2142,475,1131,726,2332,1.0887021475256768,10,10,4162,-3107,-1.4505135387488328,win,0,0.0,tie
min_span_chars_32,one_step_neighbor,min_span_chars=32,min_span_chars,32,12,6,32,2,Eval1,public,A5E1_007,2939,680,1310,1028,3018,1.0268798911194283,16,15,6896,-5706,-1.941476692752637,win,0,0.0,tie
min_span_chars_32,one_step_neighbor,min_span_chars=32,min_span_chars,32,12,6,32,2,Eval1,public,A5E1_008,4270,1159,1171,2416,4746,1.1114754098360655,14,14,5394,-5244,-1.228103044496487,win,0,0.0,tie
min_span_chars_32,one_step_neighbor,min_span_chars=32,min_span_chars,32,12,6,32,2,Eval1,public,A5E1_009,2496,850,1187,783,2820,1.1298076923076923,10,10,3673,-2634,-1.0552884615384615,win,0,0.0,tie
min_span_chars_32,one_step_neighbor,min_span_chars=32,min_span_chars,32,12,6,32,2,Eval1,public,A5E1_010,1860,961,559,405,1925,1.0349462365591398,12,11,4451,-3832,-2.0602150537634407,win,0,0.0,tie
min_span_chars_32,one_step_neighbor,min_span_chars=32,min_span_chars,32,12,6,32,2,Eval1,public,A5E1_011,2265,1072,487,750,2309,1.0194260485651214,13,13,4776,-4237,-1.8706401766004415,win,0,0.0,tie
min_span_chars_32,one_step_neighbor,min_span_chars=32,min_span_chars,32,12,6,32,2,Eval1,public,A5E1_012,3189,493,1421,1776,3690,1.1571025399811854,15,15,5633,-4886,-1.5321417372216997,win,0,0.0,tie
min_span_chars_32,one_step_neighbor,min_span_chars=32,min_span_chars,32,12,6,32,2,Eval1,public,A5E1_013,3256,903,855,1835,3593,1.1035012285012284,17,17,7718,-7359,-2.260135135135135,win,0,0.0,tie
min_span_chars_32,one_step_neighbor,min_span_chars=32,min_span_chars,32,12,6,32,2,Eval1,public,A5E1_014,2420,735,816,1577,3128,1.2925619834710744,9,8,3146,-2679,-1.1070247933884299,win,0,0.0,tie
min_span_chars_32,one_step_neighbor,min_span_chars=32,min_span_chars,32,12,6,32,2,Eval1,public,A5E1_015,4528,861,1625,2883,5369,1.1857332155477032,13,12,4959,-4397,-0.9710689045936396,win,0,0.0,tie
min_span_chars_32,one_step_neighbor,min_span_chars=32,min_span_chars,32,12,6,32,2,Eval1,public,A5E1_016,2631,686,888,358,1932,0.734321550741163,2,2,852,-485,-0.18434055492208287,win,0,0.0,tie
min_span_chars_32,one_step_neighbor,min_span_chars=32,min_span_chars,32,12,6,32,2,Eval1,public,A5E1_017,2196,1694,65,1275,3034,1.3816029143897997,12,12,4953,-4323,-1.9685792349726776,win,0,0.0,tie
min_span_chars_32,one_step_neighbor,min_span_chars=32,min_span_chars,32,12,6,32,2,Eval1,public,A5E1_018,2338,597,995,1072,2664,1.1394354148845167,6,6,2790,-2133,-0.9123182207014542,win,0,0.0,tie
min_span_chars_32,one_step_neighbor,min_span_chars=32,min_span_chars,32,12,6,32,2,Eval2,public,A5E2_001,3330,945,992,1250,3187,0.957057057057057,12,11,3507,-3379,-1.0147147147147146,win,0,0.0,tie
min_span_chars_32,one_step_neighbor,min_span_chars=32,min_span_chars,32,12,6,32,2,Eval2,public,A5E2_002,3629,1495,1474,721,3690,1.0168090383025628,20,20,7990,-6416,-1.7679801598236429,win,0,0.0,tie
min_span_chars_32,one_step_neighbor,min_span_chars=32,min_span_chars,32,12,6,32,2,Eval2,public,A5E2_003,1784,783,644,543,1970,1.1042600896860986,10,10,3941,-3187,-1.7864349775784754,win,0,0.0,tie
min_span_chars_32,one_step_neighbor,min_span_chars=32,min_span_chars,32,12,6,32,2,Eval2,public,A5E2_004,3263,734,2231,478,3443,1.0551639595464297,14,14,6288,-3977,-1.218817039534171,win,0,0.0,tie
min_span_chars_32,one_step_neighbor,min_span_chars=32,min_span_chars,32,12,6,32,2,Eval2,public,A5E2_005,4472,1137,2133,602,3872,0.8658318425760286,22,21,9003,-6751,-1.5096153846153846,win,0,0.0,tie
min_span_chars_32,one_step_neighbor,min_span_chars=32,min_span_chars,32,12,6,32,2,Eval2,public,A5E2_006,3788,1359,1633,1491,4483,1.1834741288278776,31,30,12232,-10964,-2.894403379091869,win,0,0.0,tie
min_span_chars_32,one_step_neighbor,min_span_chars=32,min_span_chars,32,12,6,32,2,Eval2,public,A5E2_007,2666,954,1207,686,2847,1.0678919729932483,14,14,5675,-4333,-1.6252813203300824,win,0,0.0,tie
min_span_chars_32,one_step_neighbor,min_span_chars=32,min_span_chars,32,12,6,32,2,Eval2,public,A5E2_008,4247,699,2179,1775,4653,1.095596891923711,26,24,8952,-7102,-1.6722392276901341,win,0,0.0,tie
min_span_chars_32,one_step_neighbor,min_span_chars=32,min_span_chars,32,12,6,32,2,Eval2,public,A5E2_009,3072,843,1616,337,2796,0.91015625,10,10,4011,-2609,-0.8492838541666666,win,0,0.0,tie
min_span_chars_32,one_step_neighbor,min_span_chars=32,min_span_chars,32,12,6,32,2,Eval2,public,A5E2_010,4241,716,2214,1613,4543,1.0712096203725536,19,18,7973,-6334,-1.4935156802640888,win,0,0.0,tie
min_span_chars_32,one_step_neighbor,min_span_chars=32,min_span_chars,32,12,6,32,2,Eval2,public,A5E2_011,3330,602,1915,942,3459,1.0387387387387388,15,15,5658,-4079,-1.224924924924925,win,0,0.0,tie
min_span_chars_32,one_step_neighbor,min_span_chars=32,min_span_chars,32,12,6,32,2,Eval2,public,A5E2_012,3770,920,2129,330,3379,0.8962864721485411,14,14,6178,-4259,-1.129708222811671,win,0,0.0,tie
min_span_chars_32,one_step_neighbor,min_span_chars=32,min_span_chars,32,12,6,32,2,Eval2,public,A5E2_013,3524,838,1383,978,3199,0.9077752553916004,8,8,3426,-3088,-0.8762769580022701,win,0,0.0,tie
min_span_chars_32,one_step_neighbor,min_span_chars=32,min_span_chars,32,12,6,32,2,Eval2,public,A5E2_014,4028,648,2049,1135,3832,0.9513406156901688,11,10,4110,-2620,-0.6504468718967229,win,0,0.0,tie
min_span_chars_32,one_step_neighbor,min_span_chars=32,min_span_chars,32,12,6,32,2,Eval2,public,A5E2_015,3216,728,1547,835,3110,0.9670398009950248,17,14,6082,-4340,-1.349502487562189,win,0,0.0,tie
min_span_chars_32,one_step_neighbor,min_span_chars=32,min_span_chars,32,12,6,32,2,Eval2,public,A5E2_016,2629,1122,956,983,3061,1.1643210346139217,13,12,5162,-3987,-1.5165462152909852,win,0,0.0,tie
min_span_chars_32,one_step_neighbor,min_span_chars=32,min_span_chars,32,12,6,32,2,Eval2,public,A5E2_017,3154,759,1584,896,3239,1.0269499048826887,16,15,6094,-4399,-1.394736842105263,win,0,0.0,tie
min_span_chars_32,one_step_neighbor,min_span_chars=32,min_span_chars,32,12,6,32,2,Eval2,public,A5E2_018,4144,1131,1439,2019,4589,1.10738416988417,22,21,7274,-5816,-1.4034749034749034,win,16,0.003861003861003861,loss
min_span_chars_48,remote_stress,min_span_chars=48,min_span_chars,48,12,6,48,2,Eval1,learned,A5E1_001,1415,414,646,262,1322,0.9342756183745583,11,11,4153,-3153,-2.228268551236749,win,0,0.0,tie
min_span_chars_48,remote_stress,min_span_chars=48,min_span_chars,48,12,6,48,2,Eval1,learned,A5E1_002,3204,601,1359,944,2904,0.9063670411985019,16,16,6192,-5152,-1.6079900124843944,win,0,0.0,tie
min_span_chars_48,remote_stress,min_span_chars=48,min_span_chars,48,12,6,48,2,Eval1,learned,A5E1_003,2425,988,817,1252,3057,1.2606185567010308,11,11,4123,-3050,-1.2577319587628866,win,38,0.015670103092783504,loss
min_span_chars_48,remote_stress,min_span_chars=48,min_span_chars,48,12,6,48,2,Eval1,learned,A5E1_004,2543,574,1085,993,2652,1.042862760519072,10,10,3864,-3008,-1.1828548957923712,win,0,0.0,tie
min_span_chars_48,remote_stress,min_span_chars=48,min_span_chars,48,12,6,48,2,Eval1,learned,A5E1_005,2979,675,1088,1243,3006,1.0090634441087614,10,10,4270,-3634,-1.219872440416247,win,0,0.0,tie
min_span_chars_48,remote_stress,min_span_chars=48,min_span_chars,48,12,6,48,2,Eval1,learned,A5E1_006,2142,522,1043,782,2347,1.0957049486461252,12,12,5093,-3883,-1.8127917833800187,win,16,0.007469654528478058,loss
min_span_chars_48,remote_stress,min_span_chars=48,min_span_chars,48,12,6,48,2,Eval1,learned,A5E1_007,2939,627,1399,976,3002,1.0214358625382782,9,9,4432,-3331,-1.1333787002381763,win,0,0.0,tie
min_span_chars_48,remote_stress,min_span_chars=48,min_span_chars,48,12,6,48,2,Eval1,learned,A5E1_008,4270,1124,1091,2235,4450,1.0421545667447307,21,21,7972,-7631,-1.78711943793911,win,36,0.008430913348946136,loss
min_span_chars_48,remote_stress,min_span_chars=48,min_span_chars,48,12,6,48,2,Eval1,learned,A5E1_009,2496,721,1301,611,2633,1.0548878205128205,10,10,4305,-3118,-1.2491987179487178,win,0,0.0,tie
min_span_chars_48,remote_stress,min_span_chars=48,min_span_chars,48,12,6,48,2,Eval1,learned,A5E1_010,1860,427,1112,373,1912,1.027956989247312,14,14,6174,-4418,-2.3752688172043013,win,0,0.0,tie
min_span_chars_48,remote_stress,min_span_chars=48,min_span_chars,48,12,6,48,2,Eval1,learned,A5E1_011,2265,1121,504,973,2598,1.1470198675496688,15,15,6026,-5372,-2.3717439293598233,win,0,0.0,tie
min_span_chars_48,remote_stress,min_span_chars=48,min_span_chars,48,12,6,48,2,Eval1,learned,A5E1_012,3189,630,984,1349,2963,0.9291313891502039,8,7,2509,-2329,-0.7303229852618376,win,0,0.0,tie
min_span_chars_48,remote_stress,min_span_chars=48,min_span_chars,48,12,6,48,2,Eval1,learned,A5E1_013,3256,621,1165,1415,3201,0.9831081081081081,9,8,3874,-3475,-1.0672604422604424,win,30,0.009213759213759214,loss
min_span_chars_48,remote_stress,min_span_chars=48,min_span_chars,48,12,6,48,2,Eval1,learned,A5E1_014,2420,799,641,1214,2654,1.096694214876033,6,6,2057,-1578,-0.6520661157024793,win,0,0.0,tie
min_span_chars_48,remote_stress,min_span_chars=48,min_span_chars,48,12,6,48,2,Eval1,learned,A5E1_015,4528,859,1556,2173,4588,1.0132508833922262,21,20,7939,-7364,-1.6263250883392226,win,35,0.007729681978798587,loss
min_span_chars_48,remote_stress,min_span_chars=48,min_span_chars,48,12,6,48,2,Eval1,learned,A5E1_016,2631,691,1078,555,2324,0.8833143291524135,8,8,3438,-2589,-0.984036488027366,win,0,0.0,tie
min_span_chars_48,remote_stress,min_span_chars=48,min_span_chars,48,12,6,48,2,Eval1,learned,A5E1_017,2196,1276,379,1304,2959,1.3474499089253187,12,12,4963,-4489,-2.0441712204007287,win,0,0.0,tie
min_span_chars_48,remote_stress,min_span_chars=48,min_span_chars,48,12,6,48,2,Eval1,learned,A5E1_018,2338,516,1194,880,2590,1.1077844311377245,8,8,3691,-2809,-1.201454234388366,win,0,0.0,tie
min_span_chars_48,remote_stress,min_span_chars=48,min_span_chars,48,12,6,48,2,Eval2,learned,A5E2_001,3330,899,1188,683,2770,0.8318318318318318,11,10,4000,-3344,-1.0042042042042043,win,0,0.0,tie
min_span_chars_48,remote_stress,min_span_chars=48,min_span_chars,48,12,6,48,2,Eval2,learned,A5E2_002,3629,1173,1678,476,3327,0.9167814825020667,13,13,4518,-3183,-0.8771011297878203,win,0,0.0,tie
min_span_chars_48,remote_stress,min_span_chars=48,min_span_chars,48,12,6,48,2,Eval2,learned,A5E2_003,1784,662,761,350,1773,0.9938340807174888,5,5,2441,-1915,-1.0734304932735426,win,0,0.0,tie
min_span_chars_48,remote_stress,min_span_chars=48,min_span_chars,48,12,6,48,2,Eval2,learned,A5E2_004,3263,650,2213,446,3309,1.014097456328532,14,14,5593,-2454,-0.7520686484829912,win,0,0.0,tie
min_span_chars_48,remote_stress,min_span_chars=48,min_span_chars,48,12,6,48,2,Eval2,learned,A5E2_005,4472,1092,2153,528,3773,0.8436940966010733,15,15,6666,-5091,-1.138416815742397,win,0,0.0,tie
min_span_chars_48,remote_stress,min_span_chars=48,min_span_chars,48,12,6,48,2,Eval2,learned,A5E2_006,3788,1402,1613,1553,4568,1.2059134107708553,27,25,9414,-7994,-2.1103484688489966,win,0,0.0,tie
min_span_chars_48,remote_stress,min_span_chars=48,min_span_chars,48,12,6,48,2,Eval2,learned,A5E2_007,2666,819,1321,605,2745,1.0296324081020256,14,13,5097,-3972,-1.4898724681170292,win,0,0.0,tie
min_span_chars_48,remote_stress,min_span_chars=48,min_span_chars,48,12,6,48,2,Eval2,learned,A5E2_008,4247,637,2182,1692,4511,1.0621615257829056,25,25,9760,-8186,-1.9274782199199434,win,0,0.0,tie
min_span_chars_48,remote_stress,min_span_chars=48,min_span_chars,48,12,6,48,2,Eval2,learned,A5E2_009,3072,868,1631,563,3062,0.9967447916666666,13,13,5162,-3382,-1.1009114583333333,win,0,0.0,tie
min_span_chars_48,remote_stress,min_span_chars=48,min_span_chars,48,12,6,48,2,Eval2,learned,A5E2_010,4241,659,2329,1611,4599,1.0844140532893185,16,15,6288,-4442,-1.0473944824333883,win,0,0.0,tie
min_span_chars_48,remote_stress,min_span_chars=48,min_span_chars,48,12,6,48,2,Eval2,learned,A5E2_011,3330,1054,1602,901,3557,1.068168168168168,20,20,7903,-6390,-1.9189189189189189,win,0,0.0,tie
min_span_chars_48,remote_stress,min_span_chars=48,min_span_chars,48,12,6,48,2,Eval2,learned,A5E2_012,3770,929,2086,283,3298,0.8748010610079575,19,19,7835,-5774,-1.5315649867374006,win,0,0.0,tie
min_span_chars_48,remote_stress,min_span_chars=48,min_span_chars,48,12,6,48,2,Eval2,learned,A5E2_013,3524,2935,187,1609,4731,1.3425085130533485,14,13,5524,-5051,-1.4333144154370034,win,20,0.0056753688989784334,loss
min_span_chars_48,remote_stress,min_span_chars=48,min_span_chars,48,12,6,48,2,Eval2,learned,A5E2_014,4028,1162,1791,1066,4019,0.9977656405163853,21,20,8798,-7321,-1.817527308838133,win,0,0.0,tie
min_span_chars_48,remote_stress,min_span_chars=48,min_span_chars,48,12,6,48,2,Eval2,learned,A5E2_015,3216,785,1426,977,3188,0.9912935323383084,18,16,6843,-5403,-1.680037313432836,win,0,0.0,tie
min_span_chars_48,remote_stress,min_span_chars=48,min_span_chars,48,12,6,48,2,Eval2,learned,A5E2_016,2629,960,1133,832,2925,1.112590338531761,13,13,5997,-4713,-1.792696842906048,win,0,0.0,tie
min_span_chars_48,remote_stress,min_span_chars=48,min_span_chars,48,12,6,48,2,Eval2,learned,A5E2_017,3154,727,1620,838,3185,1.0098287888395687,22,20,8155,-6482,-2.055168040583386,win,0,0.0,tie
min_span_chars_48,remote_stress,min_span_chars=48,min_span_chars,48,12,6,48,2,Eval2,learned,A5E2_018,4144,1197,1565,2101,4863,1.173503861003861,19,19,7394,-6418,-1.5487451737451738,win,0,0.0,tie
min_span_chars_48,remote_stress,min_span_chars=48,min_span_chars,48,12,6,48,2,Eval1,public,A5E1_001,1415,567,493,211,1271,0.8982332155477032,11,10,3937,-2897,-2.0473498233215546,win,0,0.0,tie
min_span_chars_48,remote_stress,min_span_chars=48,min_span_chars,48,12,6,48,2,Eval1,public,A5E1_002,3204,881,1335,1271,3487,1.0883270911360798,20,20,9174,-7871,-2.456616729088639,win,0,0.0,tie
min_span_chars_48,remote_stress,min_span_chars=48,min_span_chars,48,12,6,48,2,Eval1,public,A5E1_003,2425,920,825,608,2353,0.9703092783505155,5,4,1728,-1250,-0.5154639175257731,win,0,0.0,tie
min_span_chars_48,remote_stress,min_span_chars=48,min_span_chars,48,12,6,48,2,Eval1,public,A5E1_004,2543,624,977,696,2297,0.9032638615808101,11,11,5657,-4584,-1.8025953598112465,win,0,0.0,tie
min_span_chars_48,remote_stress,min_span_chars=48,min_span_chars,48,12,6,48,2,Eval1,public,A5E1_005,2979,597,1161,847,2605,0.8744545149378986,10,10,4434,-3741,-1.255790533736153,win,0,0.0,tie
min_span_chars_48,remote_stress,min_span_chars=48,min_span_chars,48,12,6,48,2,Eval1,public,A5E1_006,2142,475,1131,726,2332,1.0887021475256768,10,10,4162,-3107,-1.4505135387488328,win,0,0.0,tie
min_span_chars_48,remote_stress,min_span_chars=48,min_span_chars,48,12,6,48,2,Eval1,public,A5E1_007,2939,680,1310,1028,3018,1.0268798911194283,16,15,6896,-5706,-1.941476692752637,win,0,0.0,tie
min_span_chars_48,remote_stress,min_span_chars=48,min_span_chars,48,12,6,48,2,Eval1,public,A5E1_008,4270,1159,1171,2416,4746,1.1114754098360655,14,14,5394,-5244,-1.228103044496487,win,0,0.0,tie
min_span_chars_48,remote_stress,min_span_chars=48,min_span_chars,48,12,6,48,2,Eval1,public,A5E1_009,2496,850,1187,783,2820,1.1298076923076923,10,10,3673,-2634,-1.0552884615384615,win,0,0.0,tie
min_span_chars_48,remote_stress,min_span_chars=48,min_span_chars,48,12,6,48,2,Eval1,public,A5E1_010,1860,961,559,405,1925,1.0349462365591398,12,11,4451,-3832,-2.0602150537634407,win,0,0.0,tie
min_span_chars_48,remote_stress,min_span_chars=48,min_span_chars,48,12,6,48,2,Eval1,public,A5E1_011,2265,1072,487,750,2309,1.0194260485651214,13,13,4776,-4237,-1.8706401766004415,win,0,0.0,tie
min_span_chars_48,remote_stress,min_span_chars=48,min_span_chars,48,12,6,48,2,Eval1,public,A5E1_012,3189,493,1421,1776,3690,1.1571025399811854,15,15,5633,-4886,-1.5321417372216997,win,0,0.0,tie
min_span_chars_48,remote_stress,min_span_chars=48,min_span_chars,48,12,6,48,2,Eval1,public,A5E1_013,3256,903,855,1835,3593,1.1035012285012284,17,17,7718,-7359,-2.260135135135135,win,0,0.0,tie
min_span_chars_48,remote_stress,min_span_chars=48,min_span_chars,48,12,6,48,2,Eval1,public,A5E1_014,2420,735,816,1577,3128,1.2925619834710744,9,8,3146,-2679,-1.1070247933884299,win,0,0.0,tie
min_span_chars_48,remote_stress,min_span_chars=48,min_span_chars,48,12,6,48,2,Eval1,public,A5E1_015,4528,861,1625,2883,5369,1.1857332155477032,13,12,4959,-4397,-0.9710689045936396,win,0,0.0,tie
min_span_chars_48,remote_stress,min_span_chars=48,min_span_chars,48,12,6,48,2,Eval1,public,A5E1_016,2631,686,888,358,1932,0.734321550741163,2,2,852,-485,-0.18434055492208287,win,0,0.0,tie
min_span_chars_48,remote_stress,min_span_chars=48,min_span_chars,48,12,6,48,2,Eval1,public,A5E1_017,2196,1694,65,1275,3034,1.3816029143897997,12,12,4953,-4323,-1.9685792349726776,win,0,0.0,tie
min_span_chars_48,remote_stress,min_span_chars=48,min_span_chars,48,12,6,48,2,Eval1,public,A5E1_018,2338,597,995,1072,2664,1.1394354148845167,6,6,2790,-2133,-0.9123182207014542,win,0,0.0,tie
min_span_chars_48,remote_stress,min_span_chars=48,min_span_chars,48,12,6,48,2,Eval2,public,A5E2_001,3330,945,992,1250,3187,0.957057057057057,12,11,3507,-3379,-1.0147147147147146,win,0,0.0,tie
min_span_chars_48,remote_stress,min_span_chars=48,min_span_chars,48,12,6,48,2,Eval2,public,A5E2_002,3629,1495,1474,721,3690,1.0168090383025628,20,20,7990,-6416,-1.7679801598236429,win,0,0.0,tie
min_span_chars_48,remote_stress,min_span_chars=48,min_span_chars,48,12,6,48,2,Eval2,public,A5E2_003,1784,783,644,543,1970,1.1042600896860986,10,10,3941,-3187,-1.7864349775784754,win,0,0.0,tie
min_span_chars_48,remote_stress,min_span_chars=48,min_span_chars,48,12,6,48,2,Eval2,public,A5E2_004,3263,734,2231,478,3443,1.0551639595464297,14,14,6288,-3977,-1.218817039534171,win,0,0.0,tie
min_span_chars_48,remote_stress,min_span_chars=48,min_span_chars,48,12,6,48,2,Eval2,public,A5E2_005,4472,1137,2133,602,3872,0.8658318425760286,22,21,9003,-6751,-1.5096153846153846,win,0,0.0,tie
min_span_chars_48,remote_stress,min_span_chars=48,min_span_chars,48,12,6,48,2,Eval2,public,A5E2_006,3788,1359,1633,1521,4513,1.1913938753959874,30,30,12202,-10934,-2.8864836325237593,win,30,0.00791974656810982,loss
min_span_chars_48,remote_stress,min_span_chars=48,min_span_chars,48,12,6,48,2,Eval2,public,A5E2_007,2666,954,1207,686,2847,1.0678919729932483,14,14,5675,-4333,-1.6252813203300824,win,0,0.0,tie
min_span_chars_48,remote_stress,min_span_chars=48,min_span_chars,48,12,6,48,2,Eval2,public,A5E2_008,4247,729,2149,1775,4653,1.095596891923711,25,24,8922,-7102,-1.6722392276901341,win,0,0.0,tie
min_span_chars_48,remote_stress,min_span_chars=48,min_span_chars,48,12,6,48,2,Eval2,public,A5E2_009,3072,843,1616,337,2796,0.91015625,10,10,4011,-2609,-0.8492838541666666,win,0,0.0,tie
min_span_chars_48,remote_stress,min_span_chars=48,min_span_chars,48,12,6,48,2,Eval2,public,A5E2_010,4241,739,2190,1613,4542,1.0709738269276114,18,18,7949,-6335,-1.493751473709031,win,-1,-0.0002357934449422306,win
min_span_chars_48,remote_stress,min_span_chars=48,min_span_chars,48,12,6,48,2,Eval2,public,A5E2_011,3330,602,1915,942,3459,1.0387387387387388,15,15,5658,-4079,-1.224924924924925,win,0,0.0,tie
min_span_chars_48,remote_stress,min_span_chars=48,min_span_chars,48,12,6,48,2,Eval2,public,A5E2_012,3770,920,2129,330,3379,0.8962864721485411,14,14,6178,-4259,-1.129708222811671,win,0,0.0,tie
min_span_chars_48,remote_stress,min_span_chars=48,min_span_chars,48,12,6,48,2,Eval2,public,A5E2_013,3524,838,1383,978,3199,0.9077752553916004,8,8,3426,-3088,-0.8762769580022701,win,0,0.0,tie
min_span_chars_48,remote_stress,min_span_chars=48,min_span_chars,48,12,6,48,2,Eval2,public,A5E2_014,4028,648,2049,1135,3832,0.9513406156901688,11,10,4110,-2620,-0.6504468718967229,win,0,0.0,tie
min_span_chars_48,remote_stress,min_span_chars=48,min_span_chars,48,12,6,48,2,Eval2,public,A5E2_015,3216,759,1515,835,3109,0.966728855721393,16,14,6050,-4341,-1.349813432835821,win,-1,-0.0003109452736318408,win
min_span_chars_48,remote_stress,min_span_chars=48,min_span_chars,48,12,6,48,2,Eval2,public,A5E2_016,2629,1122,956,983,3061,1.1643210346139217,13,12,5162,-3987,-1.5165462152909852,win,0,0.0,tie
min_span_chars_48,remote_stress,min_span_chars=48,min_span_chars,48,12,6,48,2,Eval2,public,A5E2_017,3154,759,1584,896,3239,1.0269499048826887,16,15,6094,-4399,-1.394736842105263,win,0,0.0,tie
min_span_chars_48,remote_stress,min_span_chars=48,min_span_chars,48,12,6,48,2,Eval2,public,A5E2_018,4144,1131,1439,2019,4589,1.10738416988417,22,21,7274,-5816,-1.4034749034749034,win,16,0.003861003861003861,loss
keep_repetitions_1,one_step_neighbor,keep_repetitions=1,keep_repetitions,1,12,6,24,1,Eval1,learned,A5E1_001,1415,404,657,252,1313,0.9279151943462898,11,11,4178,-3162,-2.2346289752650175,win,-9,-0.0063604240282685515,win
keep_repetitions_1,one_step_neighbor,keep_repetitions=1,keep_repetitions,1,12,6,24,1,Eval1,learned,A5E1_002,3204,620,1362,901,2883,0.899812734082397,16,16,6243,-5173,-1.6145443196004994,win,-21,-0.006554307116104869,win
keep_repetitions_1,one_step_neighbor,keep_repetitions=1,keep_repetitions,1,12,6,24,1,Eval1,learned,A5E1_003,2425,978,826,1185,2989,1.2325773195876288,13,11,4237,-3118,-1.2857731958762886,win,-30,-0.012371134020618556,win
keep_repetitions_1,one_step_neighbor,keep_repetitions=1,keep_repetitions,1,12,6,24,1,Eval1,learned,A5E1_004,2543,560,1100,979,2639,1.0377506881635863,10,10,3895,-3021,-1.1879669681478568,win,-13,-0.005112072355485647,win
keep_repetitions_1,one_step_neighbor,keep_repetitions=1,keep_repetitions,1,12,6,24,1,Eval1,learned,A5E1_005,2979,667,1096,1225,2988,1.0030211480362539,10,10,4298,-3652,-1.2259147364887546,win,-18,-0.006042296072507553,win
keep_repetitions_1,one_step_neighbor,keep_repetitions=1,keep_repetitions,1,12,6,24,1,Eval1,learned,A5E1_006,2142,519,1049,730,2298,1.072829131652661,13,13,5160,-3932,-1.8356676003734826,win,-33,-0.015406162464985995,win
keep_repetitions_1,one_step_neighbor,keep_repetitions=1,keep_repetitions,1,12,6,24,1,Eval1,learned,A5E1_007,2939,625,1403,955,2983,1.0149710785981627,9,9,4458,-3350,-1.1398434841782918,win,-19,-0.006464783940115686,win
keep_repetitions_1,one_step_neighbor,keep_repetitions=1,keep_repetitions,1,12,6,24,1,Eval1,learned,A5E1_008,4270,1070,1132,2165,4367,1.0227166276346604,23,21,8083,-7714,-1.8065573770491803,win,-47,-0.011007025761124122,win
keep_repetitions_1,one_step_neighbor,keep_repetitions=1,keep_repetitions,1,12,6,24,1,Eval1,learned,A5E1_009,2496,712,1310,598,2620,1.0496794871794872,10,10,4328,-3131,-1.2544070512820513,win,-13,-0.005208333333333333,win
keep_repetitions_1,one_step_neighbor,keep_repetitions=1,keep_repetitions,1,12,6,24,1,Eval1,learned,A5E1_010,1860,410,1133,354,1897,1.0198924731182795,14,14,6220,-4433,-2.3833333333333333,win,-15,-0.008064516129032258,win
keep_repetitions_1,one_step_neighbor,keep_repetitions=1,keep_repetitions,1,12,6,24,1,Eval1,learned,A5E1_011,2265,1102,524,935,2561,1.1306843267108169,15,15,6087,-5409,-2.3880794701986754,win,-37,-0.016335540838852098,win
keep_repetitions_1,one_step_neighbor,keep_repetitions=1,keep_repetitions,1,12,6,24,1,Eval1,learned,A5E1_012,3189,624,988,1332,2944,0.9231734085920351,8,7,2531,-2348,-0.7362809658200062,win,-19,-0.005957980558168705,win
keep_repetitions_1,one_step_neighbor,keep_repetitions=1,keep_repetitions,1,12,6,24,1,Eval1,learned,A5E1_013,3256,617,1169,1357,3143,0.9652948402948403,10,8,3937,-3533,-1.08507371007371,win,-28,-0.0085995085995086,win
keep_repetitions_1,one_step_neighbor,keep_repetitions=1,keep_repetitions,1,12,6,24,1,Eval1,learned,A5E1_014,2420,787,654,1198,2639,1.090495867768595,6,6,2087,-1593,-0.6582644628099174,win,-15,-0.006198347107438017,win
keep_repetitions_1,one_step_neighbor,keep_repetitions=1,keep_repetitions,1,12,6,24,1,Eval1,learned,A5E1_015,4528,867,1565,2060,4492,0.9920494699646644,22,20,8061,-7460,-1.6475265017667844,win,-61,-0.013471731448763251,win
keep_repetitions_1,one_step_neighbor,keep_repetitions=1,keep_repetitions,1,12,6,24,1,Eval1,learned,A5E1_016,2631,673,1097,541,2311,0.878373242113265,8,8,3473,-2602,-0.9889775750665146,win,-13,-0.0049410870391486126,win
keep_repetitions_1,one_step_neighbor,keep_repetitions=1,keep_repetitions,1,12,6,24,1,Eval1,learned,A5E1_017,2196,1267,387,1269,2923,1.3310564663023678,12,12,5008,-4525,-2.0605646630236794,win,-36,-0.01639344262295082,win
keep_repetitions_1,one_step_neighbor,keep_repetitions=1,keep_repetitions,1,12,6,24,1,Eval1,learned,A5E1_018,2338,500,1210,856,2566,1.097519247219846,8,8,3733,-2833,-1.2117194183062447,win,-24,-0.010265183917878529,win
keep_repetitions_1,one_step_neighbor,keep_repetitions=1,keep_repetitions,1,12,6,24,1,Eval2,learned,A5E2_001,3330,883,1207,672,2762,0.8294294294294294,11,10,4030,-3352,-1.0066066066066066,win,-8,-0.0024024024024024023,win
keep_repetitions_1,one_step_neighbor,keep_repetitions=1,keep_repetitions,1,12,6,24,1,Eval2,learned,A5E2_002,3629,1159,1696,447,3302,0.9098925323780656,13,13,4566,-3208,-0.8839900799118214,win,-25,-0.006888950124001102,win
keep_repetitions_1,one_step_neighbor,keep_repetitions=1,keep_repetitions,1,12,6,24,1,Eval2,learned,A5E2_003,1784,656,768,343,1767,0.9904708520179372,5,5,2455,-1921,-1.076793721973094,win,-6,-0.0033632286995515697,win
keep_repetitions_1,one_step_neighbor,keep_repetitions=1,keep_repetitions,1,12,6,24,1,Eval2,learned,A5E2_004,3263,617,2247,443,3307,1.0134845234446828,14,14,5637,-2456,-0.7526815813668404,win,-2,-0.0006129328838492185,win
keep_repetitions_1,one_step_neighbor,keep_repetitions=1,keep_repetitions,1,12,6,24,1,Eval2,learned,A5E2_005,4472,1075,2174,510,3759,0.8405635062611807,15,15,6706,-5105,-1.1415474060822899,win,-14,-0.0031305903398926656,win
keep_repetitions_1,one_step_neighbor,keep_repetitions=1,keep_repetitions,1,12,6,24,1,Eval2,learned,A5E2_006,3788,1363,1655,1503,4521,1.19350580781415,27,25,9507,-8041,-2.122756071805702,win,-47,-0.012407602956705385,win
keep_repetitions_1,one_step_neighbor,keep_repetitions=1,keep_repetitions,1,12,6,24,1,Eval2,learned,A5E2_007,2666,787,1355,582,2724,1.021755438859715,14,13,5154,-3993,-1.4977494373593399,win,-21,-0.007876969242310577,win
keep_repetitions_1,one_step_neighbor,keep_repetitions=1,keep_repetitions,1,12,6,24,1,Eval2,learned,A5E2_008,4247,633,2191,1624,4448,1.047327525311985,25,25,9840,-8249,-1.942312220390864,win,-63,-0.01483400047092065,win
keep_repetitions_1,one_step_neighbor,keep_repetitions=1,keep_repetitions,1,12,6,24,1,Eval2,learned,A5E2_009,3072,848,1654,543,3045,0.9912109375,13,13,5210,-3399,-1.1064453125,win,-17,-0.005533854166666667,win
keep_repetitions_1,one_step_neighbor,keep_repetitions=1,keep_repetitions,1,12,6,24,1,Eval2,learned,A5E2_010,4241,651,2339,1579,4569,1.0773402499410516,16,15,6333,-4472,-1.0544682857816552,win,-30,-0.007073803348266918,win
keep_repetitions_1,one_step_neighbor,keep_repetitions=1,keep_repetitions,1,12,6,24,1,Eval2,learned,A5E2_011,3330,1024,1633,855,3512,1.0546546546546547,20,20,7983,-6435,-1.9324324324324325,win,-45,-0.013513513513513514,win
keep_repetitions_1,one_step_neighbor,keep_repetitions=1,keep_repetitions,1,12,6,24,1,Eval2,learned,A5E2_012,3770,893,2131,275,3299,0.8750663129973475,19,19,7890,-5773,-1.5312997347480106,win,1,0.0002652519893899204,loss
keep_repetitions_1,one_step_neighbor,keep_repetitions=1,keep_repetitions,1,12,6,24,1,Eval2,learned,A5E2_013,3524,2953,181,1526,4660,1.3223609534619751,15,14,5603,-5122,-1.4534619750283768,win,-51,-0.014472190692395005,win
keep_repetitions_1,one_step_neighbor,keep_repetitions=1,keep_repetitions,1,12,6,24,1,Eval2,learned,A5E2_014,4028,1144,1814,1023,3981,0.9883316782522343,21,20,8867,-7359,-1.826961271102284,win,-38,-0.009433962264150943,win
keep_repetitions_1,one_step_neighbor,keep_repetitions=1,keep_repetitions,1,12,6,24,1,Eval2,learned,A5E2_015,3216,762,1459,958,3179,0.9884950248756219,18,16,6897,-5412,-1.6828358208955223,win,-9,-0.002798507462686567,win
keep_repetitions_1,one_step_neighbor,keep_repetitions=1,keep_repetitions,1,12,6,24,1,Eval2,learned,A5E2_016,2629,942,1153,801,2896,1.101559528337771,13,13,6053,-4742,-1.8037276531000381,win,-29,-0.01103081019399011,win
keep_repetitions_1,one_step_neighbor,keep_repetitions=1,keep_repetitions,1,12,6,24,1,Eval2,learned,A5E2_017,3154,703,1646,802,3151,0.9990488268864933,22,20,8220,-6516,-2.065948002536462,win,-34,-0.01077996195307546,win
keep_repetitions_1,one_step_neighbor,keep_repetitions=1,keep_repetitions,1,12,6,24,1,Eval2,learned,A5E2_018,4144,1185,1581,2021,4787,1.1551640926640927,19,19,7494,-6494,-1.567084942084942,win,-76,-0.01833976833976834,win
keep_repetitions_1,one_step_neighbor,keep_repetitions=1,keep_repetitions,1,12,6,24,1,Eval1,public,A5E1_001,1415,547,512,183,1242,0.8777385159010601,11,10,3990,-2926,-2.067844522968198,win,-29,-0.02049469964664311,win
keep_repetitions_1,one_step_neighbor,keep_repetitions=1,keep_repetitions,1,12,6,24,1,Eval1,public,A5E1_002,3204,873,1346,1220,3439,1.07334581772784,20,20,9240,-7919,-2.471598002496879,win,-48,-0.0149812734082397,win
keep_repetitions_1,one_step_neighbor,keep_repetitions=1,keep_repetitions,1,12,6,24,1,Eval1,public,A5E1_003,2425,911,835,598,2344,0.9665979381443299,5,4,1749,-1259,-0.5191752577319587,win,-9,-0.003711340206185567,win
keep_repetitions_1,one_step_neighbor,keep_repetitions=1,keep_repetitions,1,12,6,24,1,Eval1,public,A5E1_004,2543,612,993,673,2278,0.8957923712151002,11,11,5699,-4603,-1.8100668501769563,win,-19,-0.007471490365709791,win
keep_repetitions_1,one_step_neighbor,keep_repetitions=1,keep_repetitions,1,12,6,24,1,Eval1,public,A5E1_005,2979,607,1169,818,2594,0.8707620006713662,10,10,4473,-3752,-1.2594830480026855,win,-11,-0.0036925142665323934,win
keep_repetitions_1,one_step_neighbor,keep_repetitions=1,keep_repetitions,1,12,6,24,1,Eval1,public,A5E1_006,2142,464,1146,706,2316,1.0812324929971988,10,10,4199,-3123,-1.4579831932773109,win,-16,-0.007469654528478058,win
keep_repetitions_1,one_step_neighbor,keep_repetitions=1,keep_repetitions,1,12,6,24,1,Eval1,public,A5E1_007,2939,664,1330,993,2987,1.0163320857434501,16,15,6954,-5737,-1.9520244981286152,win,-31,-0.010547805375978225,win
keep_repetitions_1,one_step_neighbor,keep_repetitions=1,keep_repetitions,1,12,6,24,1,Eval1,public,A5E1_008,4270,1140,1185,2381,4706,1.1021077283372365,14,14,5443,-5284,-1.2374707259953162,win,-40,-0.00936768149882904,win
keep_repetitions_1,one_step_neighbor,keep_repetitions=1,keep_repetitions,1,12,6,24,1,Eval1,public,A5E1_009,2496,821,1218,767,2806,1.1241987179487178,10,10,3721,-2648,-1.060897435897436,win,-14,-0.005608974358974359,win
keep_repetitions_1,one_step_neighbor,keep_repetitions=1,keep_repetitions,1,12,6,24,1,Eval1,public,A5E1_010,1860,946,577,397,1920,1.032258064516129,12,11,4478,-3837,-2.0629032258064517,win,-5,-0.002688172043010753,win
keep_repetitions_1,one_step_neighbor,keep_repetitions=1,keep_repetitions,1,12,6,24,1,Eval1,public,A5E1_011,2265,1061,501,710,2272,1.0030905077262693,13,13,4834,-4274,-1.8869757174392936,win,-37,-0.016335540838852098,win
keep_repetitions_1,one_step_neighbor,keep_repetitions=1,keep_repetitions,1,12,6,24,1,Eval1,public,A5E1_012,3189,493,1422,1739,3654,1.1458137347130761,15,15,5672,-4922,-1.5434305424898087,win,-36,-0.011288805268109126,win
keep_repetitions_1,one_step_neighbor,keep_repetitions=1,keep_repetitions,1,12,6,24,1,Eval1,public,A5E1_013,3256,883,876,1807,3566,1.0952088452088453,17,17,7767,-7386,-2.268427518427518,win,-27,-0.008292383292383292,win
keep_repetitions_1,one_step_neighbor,keep_repetitions=1,keep_repetitions,1,12,6,24,1,Eval1,public,A5E1_014,2420,729,823,1536,3088,1.2760330578512398,9,8,3197,-2719,-1.1235537190082645,win,-40,-0.01652892561983471,win
keep_repetitions_1,one_step_neighbor,keep_repetitions=1,keep_repetitions,1,12,6,24,1,Eval1,public,A5E1_015,4528,842,1652,2853,5347,1.1808745583038869,13,12,5016,-4419,-0.9759275618374559,win,-22,-0.004858657243816254,win
keep_repetitions_1,one_step_neighbor,keep_repetitions=1,keep_repetitions,1,12,6,24,1,Eval1,public,A5E1_016,2631,683,891,355,1929,0.7331812998859749,2,2,858,-488,-0.185480805777271,win,-3,-0.0011402508551881414,win
keep_repetitions_1,one_step_neighbor,keep_repetitions=1,keep_repetitions,1,12,6,24,1,Eval1,public,A5E1_017,2196,1700,66,1243,3009,1.3702185792349726,12,12,4991,-4348,-1.9799635701275045,win,-25,-0.011384335154826957,win
keep_repetitions_1,one_step_neighbor,keep_repetitions=1,keep_repetitions,1,12,6,24,1,Eval1,public,A5E1_018,2338,597,998,1050,2645,1.1313088109495295,6,6,2816,-2152,-0.9204448246364414,win,-19,-0.008126603934987169,win
keep_repetitions_1,one_step_neighbor,keep_repetitions=1,keep_repetitions,1,12,6,24,1,Eval2,public,A5E2_001,3330,940,998,1215,3153,0.9468468468468468,12,11,3549,-3413,-1.0249249249249248,win,-34,-0.01021021021021021,win
keep_repetitions_1,one_step_neighbor,keep_repetitions=1,keep_repetitions,1,12,6,24,1,Eval2,public,A5E2_002,3629,1475,1492,667,3634,1.0013777900248002,20,20,8065,-6472,-1.7834114081014054,win,-56,-0.015431248277762469,win
keep_repetitions_1,one_step_neighbor,keep_repetitions=1,keep_repetitions,1,12,6,24,1,Eval2,public,A5E2_003,1784,763,665,520,1948,1.0919282511210762,10,10,3988,-3209,-1.7987668161434978,win,-22,-0.01233183856502242,win
keep_repetitions_1,one_step_neighbor,keep_repetitions=1,keep_repetitions,1,12,6,24,1,Eval2,public,A5E2_004,3263,715,2254,462,3431,1.0514863622433344,14,14,6329,-3989,-1.2224946368372662,win,-12,-0.003677597303095311,win
keep_repetitions_1,one_step_neighbor,keep_repetitions=1,keep_repetitions,1,12,6,24,1,Eval2,public,A5E2_005,4472,1109,2173,565,3847,0.8602415026833632,22,21,9084,-6776,-1.5152057245080501,win,-25,-0.005590339892665474,win
keep_repetitions_1,one_step_neighbor,keep_repetitions=1,keep_repetitions,1,12,6,24,1,Eval2,public,A5E2_006,3788,1326,1669,1454,4449,1.1744984160506864,31,30,12305,-10998,-2.90337909186906,win,-34,-0.00897571277719113,win
keep_repetitions_1,one_step_neighbor,keep_repetitions=1,keep_repetitions,1,12,6,24,1,Eval2,public,A5E2_007,2666,920,1243,652,2815,1.0558889722430607,14,14,5748,-4365,-1.63728432108027,win,-32,-0.012003000750187547,win
keep_repetitions_1,one_step_neighbor,keep_repetitions=1,keep_repetitions,1,12,6,24,1,Eval2,public,A5E2_008,4247,680,2206,1731,4617,1.087120320226042,26,24,9025,-7138,-1.6807157993878032,win,-36,-0.008476571697668942,win
keep_repetitions_1,one_step_neighbor,keep_repetitions=1,keep_repetitions,1,12,6,24,1,Eval2,public,A5E2_009,3072,829,1631,315,2775,0.9033203125,10,10,4050,-2630,-0.8561197916666666,win,-21,-0.0068359375,win
keep_repetitions_1,one_step_neighbor,keep_repetitions=1,keep_repetitions,1,12,6,24,1,Eval2,public,A5E2_010,4241,691,2245,1564,4500,1.0610705022400377,19,18,8057,-6377,-1.5036547983966047,win,-43,-0.010139118132515916,win
keep_repetitions_1,one_step_neighbor,keep_repetitions=1,keep_repetitions,1,12,6,24,1,Eval2,public,A5E2_011,3330,592,1928,888,3408,1.0234234234234234,15,15,5728,-4130,-1.2402402402402402,win,-51,-0.015315315315315315,win
keep_repetitions_1,one_step_neighbor,keep_repetitions=1,keep_repetitions,1,12,6,24,1,Eval2,public,A5E2_012,3770,894,2161,321,3376,0.8954907161803713,14,14,6220,-4262,-1.1305039787798408,win,-3,-0.0007957559681697613,win
keep_repetitions_1,one_step_neighbor,keep_repetitions=1,keep_repetitions,1,12,6,24,1,Eval2,public,A5E2_013,3524,829,1393,951,3173,0.9003972758229285,8,8,3464,-3114,-0.8836549375709422,win,-26,-0.0073779795686719635,win
keep_repetitions_1,one_step_neighbor,keep_repetitions=1,keep_repetitions,1,12,6,24,1,Eval2,public,A5E2_014,4028,641,2060,1113,3814,0.9468718967229395,11,10,4148,-2638,-0.6549155908639523,win,-18,-0.004468718967229395,win
keep_repetitions_1,one_step_neighbor,keep_repetitions=1,keep_repetitions,1,12,6,24,1,Eval2,public,A5E2_015,3216,708,1580,804,3092,0.9614427860696517,17,14,6152,-4358,-1.3550995024875623,win,-18,-0.005597014925373134,win
keep_repetitions_1,one_step_neighbor,keep_repetitions=1,keep_repetitions,1,12,6,24,1,Eval2,public,A5E2_016,2629,1112,967,956,3035,1.1544313427158615,13,12,5204,-4013,-1.5264359071890452,win,-26,-0.0098896918980601,win
keep_repetitions_1,one_step_neighbor,keep_repetitions=1,keep_repetitions,1,12,6,24,1,Eval2,public,A5E2_017,3154,733,1611,880,3224,1.0221940393151554,16,15,6141,-4414,-1.3994927076727965,win,-15,-0.004755865567533291,win
keep_repetitions_1,one_step_neighbor,keep_repetitions=1,keep_repetitions,1,12,6,24,1,Eval2,public,A5E2_018,4144,1125,1445,1942,4512,1.0888030888030888,23,21,7369,-5893,-1.4220559845559846,win,-61,-0.01472007722007722,win
keep_repetitions_3,one_step_neighbor,keep_repetitions=3,keep_repetitions,3,12,6,24,3,Eval1,learned,A5E1_001,1415,424,635,272,1331,0.9406360424028268,11,11,4128,-3144,-2.2219081272084806,win,9,0.0063604240282685515,loss
keep_repetitions_3,one_step_neighbor,keep_repetitions=3,keep_repetitions,3,12,6,24,3,Eval1,learned,A5E1_002,3204,620,1338,969,2927,0.91354556803995,16,16,6141,-5129,-1.6008114856429463,win,23,0.00717852684144819,loss
keep_repetitions_3,one_step_neighbor,keep_repetitions=3,keep_repetitions,3,12,6,24,3,Eval1,learned,A5E1_003,2425,996,808,1243,3047,1.2564948453608247,13,11,4147,-3060,-1.2618556701030927,win,28,0.01154639175257732,loss
keep_repetitions_3,one_step_neighbor,keep_repetitions=3,keep_repetitions,3,12,6,24,3,Eval1,learned,A5E1_004,2543,589,1070,1007,2666,1.048368069209595,10,10,3833,-2994,-1.1773495871018482,win,14,0.005505308690523005,loss
keep_repetitions_3,one_step_neighbor,keep_repetitions=3,keep_repetitions,3,12,6,24,3,Eval1,learned,A5E1_005,2979,683,1080,1261,3024,1.0151057401812689,10,10,4242,-3616,-1.2138301443437396,win,18,0.006042296072507553,loss
keep_repetitions_3,one_step_neighbor,keep_repetitions=3,keep_repetitions,3,12,6,24,3,Eval1,learned,A5E1_006,2142,527,1037,802,2366,1.1045751633986929,13,13,5066,-3864,-1.803921568627451,win,35,0.016339869281045753,loss
keep_repetitions_3,one_step_neighbor,keep_repetitions=3,keep_repetitions,3,12,6,24,3,Eval1,learned,A5E1_007,2939,629,1395,997,3021,1.027900646478394,9,9,4406,-3312,-1.1269139162980606,win,19,0.006464783940115686,loss
keep_repetitions_3,one_step_neighbor,keep_repetitions=3,keep_repetitions,3,12,6,24,3,Eval1,learned,A5E1_008,4270,1119,1081,2264,4464,1.0454332552693208,23,21,7933,-7617,-1.7838407494145199,win,50,0.0117096018735363,loss
keep_repetitions_3,one_step_neighbor,keep_repetitions=3,keep_repetitions,3,12,6,24,3,Eval1,learned,A5E1_009,2496,727,1294,626,2647,1.060496794871795,10,10,4282,-3104,-1.2435897435897436,win,14,0.005608974358974359,loss
keep_repetitions_3,one_step_neighbor,keep_repetitions=3,keep_repetitions,3,12,6,24,3,Eval1,learned,A5E1_010,1860,448,1088,389,1925,1.0349462365591398,14,14,6128,-4405,-2.368279569892473,win,13,0.006989247311827957,loss
keep_repetitions_3,one_step_neighbor,keep_repetitions=3,keep_repetitions,3,12,6,24,3,Eval1,learned,A5E1_011,2265,1137,486,1013,2636,1.1637969094922738,15,15,5965,-5334,-2.3549668874172185,win,38,0.016777041942604858,loss
keep_repetitions_3,one_step_neighbor,keep_repetitions=3,keep_repetitions,3,12,6,24,3,Eval1,learned,A5E1_012,3189,631,982,1368,2981,0.9347757917842584,8,7,2487,-2311,-0.724678582627783,win,18,0.005644402634054563,loss
keep_repetitions_3,one_step_neighbor,keep_repetitions=3,keep_repetitions,3,12,6,24,3,Eval1,learned,A5E1_013,3256,625,1161,1413,3199,0.9824938574938575,10,8,3871,-3477,-1.067874692874693,win,28,0.0085995085995086,loss
keep_repetitions_3,one_step_neighbor,keep_repetitions=3,keep_repetitions,3,12,6,24,3,Eval1,learned,A5E1_014,2420,811,628,1230,2669,1.102892561983471,6,6,2027,-1563,-0.6458677685950414,win,15,0.006198347107438017,loss
keep_repetitions_3,one_step_neighbor,keep_repetitions=3,keep_repetitions,3,12,6,24,3,Eval1,learned,A5E1_015,4528,876,1535,2204,4615,1.0192137809187278,22,20,7887,-7337,-1.6203621908127208,win,62,0.013692579505300354,loss
keep_repetitions_3,one_step_neighbor,keep_repetitions=3,keep_repetitions,3,12,6,24,3,Eval1,learned,A5E1_016,2631,708,1059,569,2336,0.8878753325731661,8,8,3403,-2577,-0.9794754846066135,win,12,0.004561003420752566,loss
keep_repetitions_3,one_step_neighbor,keep_repetitions=3,keep_repetitions,3,12,6,24,3,Eval1,learned,A5E1_017,2196,1278,374,1342,2994,1.3633879781420766,12,12,4918,-4454,-2.028233151183971,win,35,0.015938069216757743,loss
keep_repetitions_3,one_step_neighbor,keep_repetitions=3,keep_repetitions,3,12,6,24,3,Eval1,learned,A5E1_018,2338,533,1178,904,2615,1.1184773310521814,8,8,3649,-2784,-1.1907613344739094,win,25,0.0106928999144568,loss
keep_repetitions_3,one_step_neighbor,keep_repetitions=3,keep_repetitions,3,12,6,24,3,Eval2,learned,A5E2_001,3330,916,1169,694,2779,0.8345345345345345,11,10,3970,-3335,-1.0015015015015014,win,9,0.002702702702702703,loss
keep_repetitions_3,one_step_neighbor,keep_repetitions=3,keep_repetitions,3,12,6,24,3,Eval2,learned,A5E2_002,3629,1187,1660,505,3352,0.9236704326260677,13,13,4470,-3158,-0.8702121796638193,win,25,0.006888950124001102,loss
keep_repetitions_3,one_step_neighbor,keep_repetitions=3,keep_repetitions,3,12,6,24,3,Eval2,learned,A5E2_003,1784,668,754,357,1779,0.9971973094170403,5,5,2427,-1909,-1.070067264573991,win,6,0.0033632286995515697,loss
keep_repetitions_3,one_step_neighbor,keep_repetitions=3,keep_repetitions,3,12,6,24,3,Eval2,learned,A5E2_004,3263,678,2181,451,3310,1.0144039227704567,14,14,5549,-2453,-0.7517621820410665,win,1,0.00030646644192460924,loss
keep_repetitions_3,one_step_neighbor,keep_repetitions=3,keep_repetitions,3,12,6,24,3,Eval2,learned,A5E2_005,4472,1108,2134,548,3790,0.8474955277280859,15,15,6626,-5074,-1.1346153846153846,win,17,0.0038014311270125225,loss
keep_repetitions_3,one_step_neighbor,keep_repetitions=3,keep_repetitions,3,12,6,24,3,Eval2,learned,A5E2_006,3788,1445,1571,1603,4619,1.219376979936642,27,25,9321,-7943,-2.0968848996832103,win,51,0.013463569165786695,loss
keep_repetitions_3,one_step_neighbor,keep_repetitions=3,keep_repetitions,3,12,6,24,3,Eval2,learned,A5E2_007,2666,852,1287,628,2767,1.0378844711177795,14,13,5040,-3950,-1.4816204051012754,win,22,0.008252063015753939,loss
keep_repetitions_3,one_step_neighbor,keep_repetitions=3,keep_repetitions,3,12,6,24,3,Eval2,learned,A5E2_008,4247,642,2173,1760,4575,1.0772309865787615,25,25,9680,-8122,-1.9124087591240877,win,64,0.015069460795855898,loss
keep_repetitions_3,one_step_neighbor,keep_repetitions=3,keep_repetitions,3,12,6,24,3,Eval2,learned,A5E2_009,3072,889,1608,583,3080,1.0026041666666667,13,13,5114,-3364,-1.0950520833333333,win,18,0.005859375,loss
keep_repetitions_3,one_step_neighbor,keep_repetitions=3,keep_repetitions,3,12,6,24,3,Eval2,learned,A5E2_010,4241,661,2325,1649,4635,1.092902617307239,16,15,6243,-4406,-1.038905918415468,win,36,0.008488564017920301,loss
keep_repetitions_3,one_step_neighbor,keep_repetitions=3,keep_repetitions,3,12,6,24,3,Eval2,learned,A5E2_011,3330,1079,1575,951,3605,1.0825825825825826,20,20,7823,-6342,-1.9045045045045046,win,48,0.014414414414414415,loss
keep_repetitions_3,one_step_neighbor,keep_repetitions=3,keep_repetitions,3,12,6,24,3,Eval2,learned,A5E2_012,3770,961,2044,294,3299,0.8750663129973475,19,19,7780,-5773,-1.5312997347480106,win,1,0.0002652519893899204,loss
keep_repetitions_3,one_step_neighbor,keep_repetitions=3,keep_repetitions,3,12,6,24,3,Eval2,learned,A5E2_013,3524,2947,178,1637,4762,1.351305334846765,15,14,5485,-5020,-1.4245175936435868,win,51,0.014472190692395005,loss
keep_repetitions_3,one_step_neighbor,keep_repetitions=3,keep_repetitions,3,12,6,24,3,Eval2,learned,A5E2_014,4028,1176,1771,1112,4059,1.0076961271102285,21,20,8729,-7281,-1.80759682224429,win,40,0.009930486593843098,loss
keep_repetitions_3,one_step_neighbor,keep_repetitions=3,keep_repetitions,3,12,6,24,3,Eval2,learned,A5E2_015,3216,833,1380,987,3200,0.9950248756218906,18,16,6785,-5391,-1.6763059701492538,win,12,0.0037313432835820895,loss
keep_repetitions_3,one_step_neighbor,keep_repetitions=3,keep_repetitions,3,12,6,24,3,Eval2,learned,A5E2_016,2629,976,1113,863,2952,1.1228604031951313,13,13,5941,-4686,-1.782426778242678,win,27,0.010270064663370103,loss
keep_repetitions_3,one_step_neighbor,keep_repetitions=3,keep_repetitions,3,12,6,24,3,Eval2,learned,A5E2_017,3154,751,1594,874,3219,1.0206087507926442,22,20,8090,-6448,-2.044388078630311,win,34,0.01077996195307546,loss
keep_repetitions_3,one_step_neighbor,keep_repetitions=3,keep_repetitions,3,12,6,24,3,Eval2,learned,A5E2_018,4144,1209,1549,2181,4939,1.1918436293436294,19,19,7294,-6342,-1.5304054054054055,win,76,0.01833976833976834,loss
keep_repetitions_3,one_step_neighbor,keep_repetitions=3,keep_repetitions,3,12,6,24,3,Eval1,public,A5E1_001,1415,583,477,242,1302,0.9201413427561838,11,10,3884,-2866,-2.025441696113074,win,31,0.021908127208480566,loss
keep_repetitions_3,one_step_neighbor,keep_repetitions=3,keep_repetitions,3,12,6,24,3,Eval1,public,A5E1_002,3204,891,1323,1321,3535,1.1033083645443196,20,20,9108,-7823,-2.4416354556803994,win,48,0.0149812734082397,loss
keep_repetitions_3,one_step_neighbor,keep_repetitions=3,keep_repetitions,3,12,6,24,3,Eval1,public,A5E1_003,2425,920,822,625,2367,0.9760824742268042,5,4,1707,-1236,-0.5096907216494846,win,14,0.00577319587628866,loss
keep_repetitions_3,one_step_neighbor,keep_repetitions=3,keep_repetitions,3,12,6,24,3,Eval1,public,A5E1_004,2543,637,961,719,2317,0.9111285882815572,11,11,5615,-4564,-1.7947306331104995,win,20,0.007864726700747149,loss
keep_repetitions_3,one_step_neighbor,keep_repetitions=3,keep_repetitions,3,12,6,24,3,Eval1,public,A5E1_005,2979,617,1138,861,2616,0.878147029204431,10,10,4395,-3730,-1.2520980194696207,win,11,0.0036925142665323934,loss
keep_repetitions_3,one_step_neighbor,keep_repetitions=3,keep_repetitions,3,12,6,24,3,Eval1,public,A5E1_006,2142,486,1117,747,2350,1.0971055088702149,10,10,4125,-3089,-1.442110177404295,win,18,0.008403361344537815,loss
keep_repetitions_3,one_step_neighbor,keep_repetitions=3,keep_repetitions,3,12,6,24,3,Eval1,public,A5E1_007,2939,699,1287,1060,3046,1.036406941136441,16,15,6838,-5678,-1.9319496427356244,win,28,0.00952705001701259,loss
keep_repetitions_3,one_step_neighbor,keep_repetitions=3,keep_repetitions,3,12,6,24,3,Eval1,public,A5E1_008,4270,1187,1154,2448,4789,1.1215456674473068,14,14,5345,-5201,-1.2180327868852459,win,43,0.010070257611241218,loss
keep_repetitions_3,one_step_neighbor,keep_repetitions=3,keep_repetitions,3,12,6,24,3,Eval1,public,A5E1_009,2496,873,1159,802,2834,1.1354166666666667,10,10,3625,-2620,-1.0496794871794872,win,14,0.005608974358974359,loss
keep_repetitions_3,one_step_neighbor,keep_repetitions=3,keep_repetitions,3,12,6,24,3,Eval1,public,A5E1_010,1860,978,540,412,1930,1.0376344086021505,12,11,4424,-3827,-2.05752688172043,win,5,0.002688172043010753,loss
keep_repetitions_3,one_step_neighbor,keep_repetitions=3,keep_repetitions,3,12,6,24,3,Eval1,public,A5E1_011,2265,1074,479,796,2349,1.0370860927152319,13,13,4718,-4197,-1.8529801324503312,win,40,0.017660044150110375,loss
keep_repetitions_3,one_step_neighbor,keep_repetitions=3,keep_repetitions,3,12,6,24,3,Eval1,public,A5E1_012,3189,493,1420,1813,3726,1.1683913452492944,15,15,5594,-4850,-1.5208529319535904,win,36,0.011288805268109126,loss
keep_repetitions_3,one_step_neighbor,keep_repetitions=3,keep_repetitions,3,12,6,24,3,Eval1,public,A5E1_013,3256,923,834,1863,3620,1.1117936117936118,17,17,7669,-7332,-2.251842751842752,win,27,0.008292383292383292,loss
keep_repetitions_3,one_step_neighbor,keep_repetitions=3,keep_repetitions,3,12,6,24,3,Eval1,public,A5E1_014,2420,742,809,1618,3169,1.309504132231405,9,8,3095,-2638,-1.0900826446280991,win,41,0.016942148760330577,loss
keep_repetitions_3,one_step_neighbor,keep_repetitions=3,keep_repetitions,3,12,6,24,3,Eval1,public,A5E1_015,4528,884,1598,2913,5395,1.1914752650176679,13,12,4902,-4371,-0.9653268551236749,win,26,0.005742049469964664,loss
keep_repetitions_3,one_step_neighbor,keep_repetitions=3,keep_repetitions,3,12,6,24,3,Eval1,public,A5E1_016,2631,689,885,361,1935,0.7354618015963512,2,2,846,-482,-0.18320030406689472,win,3,0.0011402508551881414,loss
keep_repetitions_3,one_step_neighbor,keep_repetitions=3,keep_repetitions,3,12,6,24,3,Eval1,public,A5E1_017,2196,1703,57,1300,3060,1.3934426229508197,12,12,4915,-4297,-1.9567395264116576,win,26,0.011839708561020037,loss
keep_repetitions_3,one_step_neighbor,keep_repetitions=3,keep_repetitions,3,12,6,24,3,Eval1,public,A5E1_018,2338,606,987,1089,2682,1.1471343028229255,6,6,2764,-2115,-0.9046193327630453,win,18,0.007698887938408896,loss
keep_repetitions_3,one_step_neighbor,keep_repetitions=3,keep_repetitions,3,12,6,24,3,Eval2,public,A5E2_001,3330,950,986,1285,3221,0.9672672672672673,12,11,3465,-3345,-1.0045045045045045,win,34,0.01021021021021021,loss
keep_repetitions_3,one_step_neighbor,keep_repetitions=3,keep_repetitions,3,12,6,24,3,Eval2,public,A5E2_002,3629,1511,1457,776,3744,1.031689170570405,20,20,7915,-6362,-1.7531000275558004,win,54,0.014880132267842381,loss
keep_repetitions_3,one_step_neighbor,keep_repetitions=3,keep_repetitions,3,12,6,24,3,Eval2,public,A5E2_003,1784,803,623,566,1992,1.116591928251121,10,10,3894,-3165,-1.774103139013453,win,22,0.01233183856502242,loss
keep_repetitions_3,one_step_neighbor,keep_repetitions=3,keep_repetitions,3,12,6,24,3,Eval2,public,A5E2_004,3263,754,2208,494,3456,1.0591480232914496,14,14,6247,-3964,-1.2148329757891512,win,13,0.00398406374501992,loss
keep_repetitions_3,one_step_neighbor,keep_repetitions=3,keep_repetitions,3,12,6,24,3,Eval2,public,A5E2_005,4472,1177,2089,635,3901,0.8723166368515206,22,21,8922,-6722,-1.5031305903398926,win,29,0.00648479427549195,loss
keep_repetitions_3,one_step_neighbor,keep_repetitions=3,keep_repetitions,3,12,6,24,3,Eval2,public,A5E2_006,3788,1389,1599,1530,4518,1.192713833157339,31,30,12159,-10929,-2.8851636747624076,win,35,0.009239704329461458,loss
keep_repetitions_3,one_step_neighbor,keep_repetitions=3,keep_repetitions,3,12,6,24,3,Eval2,public,A5E2_007,2666,987,1171,720,2878,1.0795198799699925,14,14,5602,-4302,-1.6136534133533382,win,31,0.011627906976744186,loss
keep_repetitions_3,one_step_neighbor,keep_repetitions=3,keep_repetitions,3,12,6,24,3,Eval2,public,A5E2_008,4247,717,2152,1819,4688,1.1038380032964445,26,24,8879,-7067,-1.6639981163174005,win,35,0.008241111372733695,loss
keep_repetitions_3,one_step_neighbor,keep_repetitions=3,keep_repetitions,3,12,6,24,3,Eval2,public,A5E2_009,3072,857,1601,359,2817,0.9169921875,10,10,3972,-2588,-0.8424479166666666,win,21,0.0068359375,loss
keep_repetitions_3,one_step_neighbor,keep_repetitions=3,keep_repetitions,3,12,6,24,3,Eval2,public,A5E2_010,4241,741,2183,1662,4586,1.0813487385050695,19,18,7889,-6291,-1.4833765621315727,win,43,0.010139118132515916,loss
keep_repetitions_3,one_step_neighbor,keep_repetitions=3,keep_repetitions,3,12,6,24,3,Eval2,public,A5E2_011,3330,618,1899,993,3510,1.054054054054054,15,15,5588,-4028,-1.2096096096096096,win,51,0.015315315315315315,loss
keep_repetitions_3,one_step_neighbor,keep_repetitions=3,keep_repetitions,3,12,6,24,3,Eval2,public,A5E2_012,3770,946,2096,338,3380,0.896551724137931,14,14,6136,-4258,-1.129442970822281,win,1,0.0002652519893899204,loss
keep_repetitions_3,one_step_neighbor,keep_repetitions=3,keep_repetitions,3,12,6,24,3,Eval2,public,A5E2_013,3524,848,1373,1005,3226,0.9154370034052214,8,8,3388,-3061,-0.8686152099886493,win,27,0.007661748013620885,loss
keep_repetitions_3,one_step_neighbor,keep_repetitions=3,keep_repetitions,3,12,6,24,3,Eval2,public,A5E2_014,4028,659,2037,1156,3852,0.9563058589870904,11,10,4072,-2600,-0.6454816285998014,win,20,0.004965243296921549,loss
keep_repetitions_3,one_step_neighbor,keep_repetitions=3,keep_repetitions,3,12,6,24,3,Eval2,public,A5E2_015,3216,772,1502,854,3128,0.972636815920398,17,14,6012,-4322,-1.3439054726368158,win,18,0.005597014925373134,loss
keep_repetitions_3,one_step_neighbor,keep_repetitions=3,keep_repetitions,3,12,6,24,3,Eval2,public,A5E2_016,2629,1131,945,1010,3086,1.1738303537466717,13,12,5120,-3962,-1.507036896158235,win,25,0.009509319132750094,loss
keep_repetitions_3,one_step_neighbor,keep_repetitions=3,keep_repetitions,3,12,6,24,3,Eval2,public,A5E2_017,3154,784,1557,912,3253,1.0313887127457197,16,15,6047,-4385,-1.3902980342422322,win,14,0.004438807863031071,loss
keep_repetitions_3,one_step_neighbor,keep_repetitions=3,keep_repetitions,3,12,6,24,3,Eval2,public,A5E2_018,4144,1136,1433,2064,4633,1.1180019305019304,23,21,7211,-5772,-1.3928571428571428,win,60,0.01447876447876448,loss
